number,value,params_a1,params_a2,params_c,params_lam1,params_lam2,user_attrs_a1_ordered,user_attrs_a2_ordered,user_attrs_c,user_attrs_lam1_ordered,user_attrs_lam2_ordered,user_attrs_ridge_alpha_mean,user_attrs_val_mse_folds,user_attrs_val_r2_mean,state,depth_past,q,vsig_mode,input_transform
144,3.847353365550706e-06,8.592266388169996,0.12240053517696882,1.8367992012387795,33.199352353269205,0.019930870803821523,8.592266388169996,0.12240053517696882,1.8367992012387795,33.199352353269205,0.019930870803821523,66.66666667,"[4.352919977785339e-06, 3.7287939634690996e-06, 3.4603461553976794e-06]",0.5651489621463935,COMPLETE,1,1,2L2A_COUPLED_FREEC,legacy_price_return_abs_time
35,3.84738886006284e-06,13.672439579051971,0.3028616345611038,1.5802298732624673,30.968226796569073,0.03735990634833108,13.672439579051971,0.3028616345611038,1.5802298732624673,30.968226796569073,0.03735990634833108,66.66666667,"[4.352848949271389e-06, 3.7387149585300196e-06, 3.450602672387111e-06]",0.5650722544217415,COMPLETE,1,1,2L2A_COUPLED_FREEC,legacy_price_return_abs_time
143,3.847581446629562e-06,9.273352982491138,0.12258616225761791,1.867296743195019,33.90351350988135,0.020033252103747793,9.273352982491138,0.12258616225761791,1.867296743195019,33.90351350988135,0.020033252103747793,66.66666667,"[4.353773863267718e-06, 3.72516137993229e-06, 3.4638090966886786e-06]",0.5651533788399484,COMPLETE,1,1,2L2A_COUPLED_FREEC,legacy_price_return_abs_time
142,3.847625179300511e-06,14.852567087093112,0.12923388890416948,1.854290368089651,35.44492798412248,0.021852626088456523,14.852567087093112,0.12923388890416948,1.854290368089651,35.44492798412248,0.021852626088456523,66.66666667,"[4.3604178915176375e-06, 3.7308056465259607e-06, 3.4516519998579347e-06]",0.5651296593937639,COMPLETE,1,1,2L2A_COUPLED_FREEC,legacy_price_return_abs_time
148,3.847823802206649e-06,8.360337138493158,0.2182559342253467,1.9257101367229974,35.55916124494378,0.020382871124085752,8.360337138493158,0.2182559342253467,1.9257101367229974,35.55916124494378,0.020382871124085752,66.66666667,"[4.329414213604499e-06, 3.739245803965226e-06, 3.474811389050223e-06]",0.5649417404763014,COMPLETE,1,1,2L2A_COUPLED_FREEC,legacy_price_return_abs_time
95,3.848694998595397e-06,7.252215074618215,0.08644309816676425,1.703611358291124,64.92344577568616,0.08360127388593888,7.252215074618215,0.08644309816676425,1.703611358291124,64.92344577568616,0.08360127388593888,66.66666667,"[4.3493311827522295e-06, 3.7180185595732557e-06, 3.478735253460706e-06]",0.565068464961722,COMPLETE,1,1,2L2A_COUPLED_FREEC,legacy_price_return_abs_time
134,3.849006698153897e-06,15.795191353260597,0.10471061190754807,1.725534583231151,34.060895623539764,0.029710207530189874,15.795191353260597,0.10471061190754807,1.725534583231151,34.060895623539764,0.029710207530189874,66.66666667,"[4.3763317227923566e-06, 3.7256703081196888e-06, 3.445018063549645e-06]",0.5650691867722633,COMPLETE,1,1,2L2A_COUPLED_FREEC,legacy_price_return_abs_time
135,3.84927406054901e-06,16.91727651162417,0.09646779496516832,1.7294569626743226,34.395079349069064,0.030013830501283607,16.91727651162417,0.09646779496516832,1.7294569626743226,34.395079349069064,0.030013830501283607,66.66666667,"[4.378642791516089e-06, 3.7247709585254135e-06, 3.444408431605529e-06]",0.5650542045023182,COMPLETE,1,1,2L2A_COUPLED_FREEC,legacy_price_return_abs_time
138,3.850180892868628e-06,16.123092578120183,0.09834123990488279,1.6897591260683238,34.25645590640974,0.027008330163933496,16.123092578120183,0.09834123990488279,1.6897591260683238,34.25645590640974,0.027008330163933496,66.66666667,"[4.3761566463911405e-06, 3.7478622884474085e-06, 3.4265237437673335e-06]",0.5647773979154659,COMPLETE,1,1,2L2A_COUPLED_FREEC,legacy_price_return_abs_time
78,3.8501860349536345e-06,14.33096870572203,0.07488978567368997,1.6387293781287458,36.32434643002827,0.038645674486038686,14.33096870572203,0.07488978567368997,1.6387293781287458,36.32434643002827,0.038645674486038686,66.66666667,"[4.384496084202862e-06, 3.7343990570411777e-06, 3.4316629636168646e-06]",0.5649033951218485,COMPLETE,1,1,2L2A_COUPLED_FREEC,legacy_price_return_abs_time
133,3.85018662774796e-06,6.286476739732735,0.01927187181316864,1.7496543378317289,34.67655273508336,0.02847644319034817,6.286476739732735,0.01927187181316864,1.7496543378317289,34.67655273508336,0.02847644319034817,66.66666667,"[4.385557509201117e-06, 3.7215962788093767e-06, 3.4434060952333852e-06]",0.5650005573806155,COMPLETE,1,1,2L2A_COUPLED_FREEC,legacy_price_return_abs_time
110,3.850204218511421e-06,4.480476211910131,0.04124580312114846,1.5467997410768142,71.20288045397628,0.09362932301357171,4.480476211910131,0.04124580312114846,1.5467997410768142,71.20288045397628,0.09362932301357171,66.66666667,"[4.366241406824011e-06, 3.710955347917221e-06, 3.4734159007930335e-06]",0.565011434908593,COMPLETE,1,1,2L2A_COUPLED_FREEC,legacy_price_return_abs_time
24,3.8502590423222635e-06,1.0894306320634575,0.02777146738749396,1.3684691408737995,34.5017132505852,0.05686268231069862,1.0894306320634575,0.02777146738749396,1.3684691408737995,34.5017132505852,0.05686268231069862,66.66666667,"[4.350944671032039e-06, 3.7667814853863564e-06, 3.4330509705483933e-06]",0.5645455439698149,COMPLETE,1,1,2L2A_COUPLED_FREEC,legacy_price_return_abs_time
141,3.850474052620789e-06,7.922719678754559,0.013961220857487166,1.7422093544541766,35.944711699310744,0.027853125341629276,7.922719678754559,0.013961220857487166,1.7422093544541766,35.944711699310744,0.027853125341629276,66.66666667,"[4.386772577385615e-06, 3.7337995369346176e-06, 3.4308500435421326e-06]",0.564883836336882,COMPLETE,1,1,2L2A_COUPLED_FREEC,legacy_price_return_abs_time
79,3.850527459393814e-06,15.543835675277553,0.0342254326372732,1.929467002292768,52.44430372037476,0.038629489179796805,15.543835675277553,0.0342254326372732,1.929467002292768,52.44430372037476,0.038629489179796805,66.66666667,"[4.363654887514252e-06, 3.7617407026895733e-06, 3.4261867879776157e-06]",0.5645957518778063,COMPLETE,1,1,2L2A_COUPLED_FREEC,legacy_price_return_abs_time
146,3.8514233107386535e-06,7.906932416344758,0.017667221204296164,1.765199224313178,35.80708122099922,0.021166152120986104,7.906932416344758,0.017667221204296164,1.765199224313178,35.80708122099922,0.021166152120986104,66.66666667,"[4.380170667976221e-06, 3.753808864628725e-06, 3.420290399611017e-06]",0.5646110623539319,COMPLETE,1,1,2L2A_COUPLED_FREEC,legacy_price_return_abs_time
145,3.8514897513933935e-06,8.096343701137245,0.017949307796011733,1.7526726278694282,35.79972119400158,0.02236072263972889,8.096343701137245,0.017949307796011733,1.7526726278694282,35.79972119400158,0.02236072263972889,66.66666667,"[4.381448408463328e-06, 3.752926500874645e-06, 3.4200943448422065e-06]",0.5646145271635918,COMPLETE,1,1,2L2A_COUPLED_FREEC,legacy_price_return_abs_time
34,3.8516291841950705e-06,14.766410431651757,0.2764959576579081,1.67619296796217,30.58862298873479,0.03776627455283574,14.766410431651757,0.2764959576579081,1.67619296796217,30.58862298873479,0.03776627455283574,66.66666667,"[4.366752376617833e-06, 3.7071165858137475e-06, 3.4810185901536315e-06]",0.5648848527036353,COMPLETE,1,1,2L2A_COUPLED_FREEC,legacy_price_return_abs_time
149,3.851647212495272e-06,8.533328223435479,0.016925250018941216,1.9155452125183747,37.876515209008595,0.010881113366444803,8.533328223435479,0.016925250018941216,1.9155452125183747,37.876515209008595,0.010881113366444803,66.66666667,"[4.367442947944842e-06, 3.7664255795481283e-06, 3.4210731099928475e-06]",0.5644513469474931,COMPLETE,1,1,2L2A_COUPLED_FREEC,legacy_price_return_abs_time
136,3.851770761007392e-06,14.255189808592105,0.10690993431771034,1.6811833899835606,36.43196268569095,0.029959630016379704,14.255189808592105,0.10690993431771034,1.6811833899835606,36.43196268569095,0.029959630016379704,66.66666667,"[4.370275357560254e-06, 3.765138182551648e-06, 3.419898742910276e-06]",0.5644567414075103,COMPLETE,1,1,2L2A_COUPLED_FREEC,legacy_price_return_abs_time
147,3.852227881263563e-06,8.90819608980867,0.017202772777718603,1.7548980344331484,35.66143464921324,0.020597580449939718,8.90819608980867,0.017202772777718603,1.7548980344331484,35.66143464921324,0.020597580449939718,66.66666667,"[4.381793293323322e-06, 3.7580278322013063e-06, 3.4168625182660607e-06]",0.5644973650730669,COMPLETE,1,1,2L2A_COUPLED_FREEC,legacy_price_return_abs_time
131,3.852275156670608e-06,20.007198377399437,0.13017862956402732,1.8186198802912084,34.20721343581134,0.029830357632462477,20.007198377399437,0.13017862956402732,1.8186198802912084,34.20721343581134,0.029830357632462477,66.66666667,"[4.3796033347328775e-06, 3.7058490184564177e-06, 3.4713731168225298e-06]",0.5648664979559621,COMPLETE,1,1,2L2A_COUPLED_FREEC,legacy_price_return_abs_time
87,3.852837998704174e-06,26.460859224051546,0.1024985003714332,1.5501166892347154,32.10604390556533,0.033762505735664604,26.460859224051546,0.1024985003714332,1.5501166892347154,32.10604390556533,0.033762505735664604,66.66666667,"[4.39948354602637e-06, 3.73894215994288e-06, 3.4200882901432703e-06]",0.5646295792357682,COMPLETE,1,1,2L2A_COUPLED_FREEC,legacy_price_return_abs_time
140,3.854221554739175e-06,15.558235119857953,0.11087432635720186,1.8684530796364243,34.07877200919812,0.02771927796262685,15.558235119857953,0.11087432635720186,1.8684530796364243,34.07877200919812,0.02771927796262685,66.66666667,"[4.378947243217214e-06, 3.7018789187986166e-06, 3.4818385022016925e-06]",0.564679722525264,COMPLETE,1,1,2L2A_COUPLED_FREEC,legacy_price_return_abs_time
99,3.854385862834413e-06,18.960635622002215,0.03924942434829038,1.7162565540445738,62.14758555116563,0.05703966015280039,18.960635622002215,0.03924942434829038,1.7162565540445738,62.14758555116563,0.05703966015280039,66.66666667,"[4.379136200502331e-06, 3.773770919959956e-06, 3.4102504680409516e-06]",0.564136428281138,COMPLETE,1,1,2L2A_COUPLED_FREEC,legacy_price_return_abs_time
88,3.8544785822362e-06,27.532625610886747,0.09549466013038553,1.5216445593968526,54.30521590533399,0.07649783869976459,27.532625610886747,0.09549466013038553,1.5216445593968526,54.30521590533399,0.07649783869976459,66.66666667,"[4.4061548987235295e-06, 3.7078729122715373e-06, 3.4494079357135326e-06]",0.56469926831267,COMPLETE,1,1,2L2A_COUPLED_FREEC,legacy_price_return_abs_time
120,3.854614221321078e-06,21.387785758810505,0.07745796240741537,1.6324629667384307,56.5960437296102,0.05709271227946741,21.387785758810505,0.07745796240741537,1.6324629667384307,56.5960437296102,0.05709271227946741,66.66666667,"[4.379810224988268e-06, 3.77450731692471e-06, 3.409525122050257e-06]",0.5641082493914523,COMPLETE,1,1,2L2A_COUPLED_FREEC,legacy_price_return_abs_time
137,3.85667952565321e-06,15.686933069167278,0.09751701915743763,1.6749602519083469,36.395632077817616,0.02537117749308639,15.686933069167278,0.09751701915743763,1.6749602519083469,36.395632077817616,0.02537117749308639,66.66666667,"[4.37446647541905e-06, 3.789066716524445e-06, 3.406505385016135e-06]",0.5637570971401121,COMPLETE,1,1,2L2A_COUPLED_FREEC,legacy_price_return_abs_time
123,3.856951303011255e-06,10.76562201196232,0.08031907574970129,1.2933371102588898,27.815058954445213,0.0464563536468203,10.76562201196232,0.08031907574970129,1.2933371102588898,27.815058954445213,0.0464563536468203,66.66666667,"[4.4233990928148715e-06, 3.732954549794226e-06, 3.4145002664246663e-06]",0.5643024795083832,COMPLETE,1,1,2L2A_COUPLED_FREEC,legacy_price_return_abs_time
47,3.857230309541381e-06,3.9815740172211203,0.470898017299191,1.1070321409605033,31.398015302982678,0.10286595670935517,3.9815740172211203,0.470898017299191,1.1070321409605033,31.398015302982678,0.10286595670935517,66.66666667,"[4.3043576615033615e-06, 3.733963345718652e-06, 3.533369921402128e-06]",0.56386370301215,COMPLETE,1,1,2L2A_COUPLED_FREEC,legacy_price_return_abs_time
130,3.858073787518269e-06,6.194136209293004,0.24757842735652283,1.776066657075239,25.14250771740336,0.016123321047859056,6.194136209293004,0.24757842735652283,1.776066657075239,25.14250771740336,0.016123321047859056,66.66666667,"[4.354125778978903e-06, 3.703082125421543e-06, 3.517013458154361e-06]",0.564164589423194,COMPLETE,1,1,2L2A_COUPLED_FREEC,legacy_price_return_abs_time
139,3.858183111323522e-06,15.536730190646955,0.013922045569431277,1.8737320499167514,34.37573311576605,0.02710596864582578,15.536730190646955,0.013922045569431277,1.8737320499167514,34.37573311576605,0.02710596864582578,66.66666667,"[4.398685524017101e-06, 3.696774064325935e-06, 3.4790897456275284e-06]",0.5643487553365734,COMPLETE,1,1,2L2A_COUPLED_FREEC,legacy_price_return_abs_time
21,3.858369370335975e-06,9.003544218190447,0.04400667977550322,1.3980121298894705,57.49857418745033,0.06658285920790503,9.003544218190447,0.04400667977550322,1.3980121298894705,57.49857418745033,0.06658285920790503,66.66666667,"[4.3958342748399974e-06, 3.7808351598919833e-06, 3.3984386762759435e-06]",0.5637037982622625,COMPLETE,1,1,2L2A_COUPLED_FREEC,legacy_price_return_abs_time
121,3.858418837576376e-06,4.142795823839961,0.025406527831502136,1.2852004817702987,27.719936419451884,0.0470255066739004,4.142795823839961,0.025406527831502136,1.2852004817702987,27.719936419451884,0.0470255066739004,66.66666667,"[4.431411832886749e-06, 3.728945371954644e-06, 3.414899307887735e-06]",0.5641977284189597,COMPLETE,1,1,2L2A_COUPLED_FREEC,legacy_price_return_abs_time
114,3.858902539165576e-06,12.907612665005999,0.5343032312153182,1.4306586593567512,77.49797940330421,0.09750680311160312,12.907612665005999,0.5343032312153182,1.4306586593567512,77.49797940330421,0.09750680311160312,66.66666667,"[4.2978857783136434e-06, 3.785323292989376e-06, 3.49349854619371e-06]",0.5632826905400354,COMPLETE,1,1,2L2A_COUPLED_FREEC,legacy_price_return_abs_time
74,3.858947229055443e-06,23.35866479278937,0.10938215629261362,1.6116847366021254,42.677889283659574,0.06665160854414529,23.35866479278937,0.10938215629261362,1.6116847366021254,42.677889283659574,0.06665160854414529,66.66666667,"[4.406631835503214e-06, 3.6963938237727795e-06, 3.4738160278903366e-06]",0.5642944312907807,COMPLETE,1,1,2L2A_COUPLED_FREEC,legacy_price_return_abs_time
96,3.859093811677824e-06,12.290581069727033,0.08977081268556655,1.352468007536121,39.8917327883096,0.07588624361718105,12.290581069727033,0.08977081268556655,1.352468007536121,39.8917327883096,0.07588624361718105,66.66666667,"[4.420321104755013e-06, 3.699236503861593e-06, 3.4577238264168675e-06]",0.564303637708548,COMPLETE,1,1,2L2A_COUPLED_FREEC,legacy_price_return_abs_time
97,3.859210183818398e-06,19.611521790931803,0.03894087309587969,1.365256280807976,40.02633714659015,0.05695397617350594,19.611521790931803,0.03894087309587969,1.365256280807976,40.02633714659015,0.05695397617350594,66.66666667,"[4.430415762247438e-06, 3.74141549509149e-06, 3.405799294116264e-06]",0.564016307904842,COMPLETE,1,1,2L2A_COUPLED_FREEC,legacy_price_return_abs_time
92,3.859298824231451e-06,27.304933598240357,0.2521979287877433,1.1636167083704871,68.32040463838251,0.08034104011798524,27.304933598240357,0.2521979287877433,1.1636167083704871,68.32040463838251,0.08034104011798524,66.66666667,"[4.384115076572145e-06, 3.794954877263111e-06, 3.398826518859098e-06]",0.5634590524860191,COMPLETE,1,1,2L2A_COUPLED_FREEC,legacy_price_return_abs_time
115,3.862309508988501e-06,12.827726270031983,0.7687521720452913,1.9892504370087267,77.61646533704129,0.09043744687901539,12.827726270031983,0.7687521720452913,1.9892504370087267,77.61646533704129,0.09043744687901539,66.66666667,"[4.2915595743473765e-06, 3.751577485994875e-06, 3.5437914666232515e-06]",0.5631343471909568,COMPLETE,1,1,2L2A_COUPLED_FREEC,legacy_price_return_abs_time
60,3.863519981270651e-06,0.7738251935451796,0.02856712008967666,1.483834234134906,38.43112935766818,0.04890487327402123,0.7738251935451796,0.02856712008967666,1.483834234134906,38.43112935766818,0.04890487327402123,66.66666667,"[4.328267762050613e-06, 3.829029864496504e-06, 3.433262317264837e-06]",0.5625585158593206,COMPLETE,1,1,2L2A_COUPLED_FREEC,legacy_price_return_abs_time
13,3.864414784561512e-06,3.3030902371530515,0.010762957243650782,1.984954467157057,44.61197885091869,0.010986081941233057,3.3030902371530515,0.010762957243650782,1.984954467157057,44.61197885091869,0.010986081941233057,66.66666667,"[4.360693384441618e-06, 3.829240460335316e-06, 3.403310508907603e-06]",0.5625679422435043,COMPLETE,1,1,2L2A_COUPLED_FREEC,legacy_price_return_abs_time
77,3.864738313808553e-06,23.825162444551015,0.28923514496206065,1.6490384287248556,36.57591990736943,0.06407479882878682,23.825162444551015,0.28923514496206065,1.6490384287248556,36.57591990736943,0.06407479882878682,66.66666667,"[4.396297084104405e-06, 3.6929767839853287e-06, 3.5049410733359234e-06]",0.5636490881567444,COMPLETE,1,1,2L2A_COUPLED_FREEC,legacy_price_return_abs_time
26,3.86519357762784e-06,21.579104368806068,0.12540280821971378,1.3900695736755888,34.8766128133652,0.06938141811660689,21.579104368806068,0.12540280821971378,1.3900695736755888,34.8766128133652,0.06938141811660689,66.66666667,"[4.434921195083083e-06, 3.6926771654297323e-06, 3.4679823723707058e-06]",0.56373135275,COMPLETE,1,1,2L2A_COUPLED_FREEC,legacy_price_return_abs_time
27,3.868630241909252e-06,29.8020764094211,0.14086026607814553,1.2391890089735307,35.809306677329786,0.07562224740339991,29.8020764094211,0.14086026607814553,1.2391890089735307,35.809306677329786,0.07562224740339991,66.66666667,"[4.459107123742084e-06, 3.6946584892754386e-06, 3.4521251127102337e-06]",0.5634211277948432,COMPLETE,1,1,2L2A_COUPLED_FREEC,legacy_price_return_abs_time
23,3.868762921250318e-06,6.520371861653854,0.10065991414790762,1.2898599293512083,54.34355368910421,0.06671292216883819,6.520371861653854,0.10065991414790762,1.2898599293512083,54.34355368910421,0.06671292216883819,66.66666667,"[4.3625363048230955e-06, 3.845158733663428e-06, 3.398593725264431e-06]",0.5619805146358604,COMPLETE,1,1,2L2A_COUPLED_FREEC,legacy_price_return_abs_time
105,3.870847055573799e-06,18.148357622330796,0.03459699900660916,1.8551692327806695,34.636288565751684,0.03904326737808389,18.148357622330796,0.03459699900660916,1.8551692327806695,34.636288565751684,0.03904326737808389,66.66666667,"[4.416210543175345e-06, 3.6901053623368695e-06, 3.5062252612091833e-06]",0.5630667291469461,COMPLETE,1,1,2L2A_COUPLED_FREEC,legacy_price_return_abs_time
93,3.872583636742626e-06,11.898687644875833,0.08355696997963104,1.135489329050853,32.02022170213081,0.07837572668283448,11.898687644875833,0.08355696997963104,1.135489329050853,32.02022170213081,0.07837572668283448,66.66666667,"[4.470933696327755e-06, 3.692593527891036e-06, 3.4542236860090887e-06]",0.5630421827647839,COMPLETE,1,1,2L2A_COUPLED_FREEC,legacy_price_return_abs_time
94,3.8725999346181e-06,7.206232828920981,0.09856021233801791,1.1622476514702504,59.72888452056151,0.07186022347662732,7.206232828920981,0.09856021233801791,1.1622476514702504,59.72888452056151,0.07186022347662732,66.66666667,"[4.373811703022132e-06, 3.854855979592415e-06, 3.389132121239755e-06]",0.5615264443855764,COMPLETE,1,1,2L2A_COUPLED_FREEC,legacy_price_return_abs_time
62,3.873957727981161e-06,0.7979515837909598,0.029045008012468787,1.4404595774000193,38.043781042375464,0.045910883543693486,0.7979515837909598,0.029045008012468787,1.4404595774000193,38.043781042375464,0.045910883543693486,66.66666667,"[4.335647190838096e-06, 3.866440163168856e-06, 3.4197858299365283e-06]",0.5611642044700519,COMPLETE,1,1,2L2A_COUPLED_FREEC,legacy_price_return_abs_time
18,3.8764171404689824e-06,5.099308389303324,0.03313507760521321,1.9953736576823982,47.80783822104467,0.012187669202575413,5.099308389303324,0.03313507760521321,1.9953736576823982,47.80783822104467,0.012187669202575413,66.66666667,"[4.356672432967533e-06, 3.873866606268984e-06, 3.3987123821704306e-06]",0.5609107556607896,COMPLETE,1,1,2L2A_COUPLED_FREEC,legacy_price_return_abs_time
25,3.88053917600785e-06,7.9481049949440425,0.0898196979325718,1.372612942914822,56.55647865613288,0.058402354346073805,7.9481049949440425,0.0898196979325718,1.372612942914822,56.55647865613288,0.058402354346073805,66.66666667,"[4.375271170988364e-06, 3.882345715666097e-06, 3.3840006413690847e-06]",0.560458971860791,COMPLETE,1,1,2L2A_COUPLED_FREEC,legacy_price_return_abs_time
124,3.880801891067819e-06,10.794648161466064,0.08340355045860089,1.607642753453714,56.95778926694746,0.046520173924407014,10.794648161466064,0.08340355045860089,1.607642753453714,56.95778926694746,0.046520173924407014,66.66666667,"[4.373070589476619e-06, 3.884091849166123e-06, 3.3852432345607135e-06]",0.5604099582044225,COMPLETE,1,1,2L2A_COUPLED_FREEC,legacy_price_return_abs_time
76,3.881594671014432e-06,22.527815095484506,0.03626421016916335,1.6904918117333203,28.768843648585577,0.03973634295423512,22.527815095484506,0.03626421016916335,1.6904918117333203,28.768843648585577,0.03973634295423512,66.66666667,"[4.445150682568441e-06, 3.688336593961596e-06, 3.51129673651326e-06]",0.5619975990529336,COMPLETE,1,1,2L2A_COUPLED_FREEC,legacy_price_return_abs_time
5,3.887031894160439e-06,1.6344968457155642,0.02723971716774602,1.975213914204196,28.254688260414714,0.017809560460116763,1.6344968457155642,0.02723971716774602,1.975213914204196,28.254688260414714,0.017809560460116763,66.66666667,"[4.408125223560231e-06, 3.6974929705912958e-06, 3.5554774883297903e-06]",0.5612092548827348,COMPLETE,1,1,2L2A_COUPLED_FREEC,legacy_price_return_abs_time
91,3.888161020575614e-06,24.875841920343703,0.11187694626801635,1.1834759938829627,32.26361574691773,0.041019053501860823,24.875841920343703,0.11187694626801635,1.1834759938829627,32.26361574691773,0.041019053501860823,66.66666667,"[4.452093717319129e-06, 3.8554938521797005e-06, 3.3568954922280104e-06]",0.5600775725334821,COMPLETE,1,1,2L2A_COUPLED_FREEC,legacy_price_return_abs_time
58,3.8882170732583636e-06,8.818378073985848,0.010546127341622785,1.7904220098654875,48.927893577155494,0.022315951610995755,8.818378073985848,0.010546127341622785,1.7904220098654875,48.927893577155494,0.022315951610995755,66.66666667,"[4.390793663242927e-06, 3.9014649540669135e-06, 3.3723926024652512e-06]",0.5595287578754737,COMPLETE,1,1,2L2A_COUPLED_FREEC,legacy_price_return_abs_time
132,3.889069185459149e-06,19.677867701365685,0.019825713309799986,1.7688844378674027,24.415688660732428,0.015762964284196896,19.677867701365685,0.019825713309799986,1.7688844378674027,24.415688660732428,0.015762964284196896,66.66666667,"[4.450385448323419e-06, 3.6903428482516167e-06, 3.5264792598024094e-06]",0.5611802531330842,COMPLETE,1,1,2L2A_COUPLED_FREEC,legacy_price_return_abs_time
108,3.8929021842339004e-06,7.598252501957063,0.041418630621115636,1.5233788169067957,54.768058303541714,0.10471053491571956,7.598252501957063,0.041418630621115636,1.5233788169067957,54.768058303541714,0.10471053491571956,66.66666667,"[4.452964845660823e-06, 3.6918672586748513e-06, 3.5338744483660273e-06]",0.5607571318408847,COMPLETE,1,1,2L2A_COUPLED_FREEC,legacy_price_return_abs_time
73,3.893976824646011e-06,1.538521252354478,0.015336007449763477,0.7643420679405689,28.829286100485557,0.06366396249489674,1.538521252354478,0.015336007449763477,0.7643420679405689,28.829286100485557,0.06366396249489674,66.66666667,"[4.518304220571705e-06, 3.80329990842757e-06, 3.360326344938757e-06]",0.5600440305554546,COMPLETE,1,1,2L2A_COUPLED_FREEC,legacy_price_return_abs_time
54,3.894301811484664e-06,19.251393726027665,0.6800119602677493,1.8011524049485201,46.281263607455706,0.0990021483174136,19.251393726027665,0.6800119602677493,1.8011524049485201,46.281263607455706,0.0990021483174136,66.66666667,"[4.384373457784539e-06, 3.7086569653002387e-06, 3.5898750113692126e-06]",0.5602497835363277,COMPLETE,1,1,2L2A_COUPLED_FREEC,legacy_price_return_abs_time
117,3.897068196849244e-06,0.1346949086823362,0.04991119619336363,1.6178693339017154,78.86329774169938,0.09231732455510258,0.1346949086823362,0.04991119619336363,1.6178693339017154,78.86329774169938,0.09231732455510258,66.66666667,"[4.286005255916668e-06, 3.8551209976943565e-06, 3.5500783369367074e-06]",0.5585436072636564,COMPLETE,1,1,2L2A_COUPLED_FREEC,legacy_price_return_abs_time
107,3.908415273447477e-06,17.36058220766708,0.03971476617372016,1.8403135888429527,71.96075099750179,0.03668223224031859,17.36058220766708,0.03971476617372016,1.8403135888429527,71.96075099750179,0.03668223224031859,66.66666667,"[4.3902455315711814e-06, 3.966731278564213e-06, 3.368269010207035e-06]",0.5568328214420138,COMPLETE,1,1,2L2A_COUPLED_FREEC,legacy_price_return_abs_time
84,3.910983069693957e-06,14.79256816192246,0.06957827307380393,1.5663358865555592,49.24917653050451,0.031655241817735054,14.79256816192246,0.06957827307380393,1.5663358865555592,49.24917653050451,0.031655241817735054,66.66666667,"[4.406615439535044e-06, 3.9674515620479835e-06, 3.358882207498844e-06]",0.5566008612115909,COMPLETE,1,1,2L2A_COUPLED_FREEC,legacy_price_return_abs_time
10,3.91138840175342e-06,0.23952713710082063,4.823862650754309,-0.6758071326077006,11.45893887685018,0.0829998245240642,0.23952713710082063,4.823862650754309,-0.6758071326077006,11.45893887685018,0.0829998245240642,66.66666667,"[4.291134282594489e-06, 3.883317417874007e-06, 3.559713504791762e-06]",0.5567830379597565,COMPLETE,1,1,2L2A_COUPLED_FREEC,legacy_price_return_abs_time
56,3.913499629640214e-06,4.624481270517791,0.011876693409851523,1.8043452707082097,46.005783804531646,0.08704794679974387,4.624481270517791,0.011876693409851523,1.8043452707082097,46.005783804531646,0.08704794679974387,66.66666667,"[4.471527857271706e-06, 3.702584107104545e-06, 3.5663869245443926e-06]",0.558480757399738,COMPLETE,1,1,2L2A_COUPLED_FREEC,legacy_price_return_abs_time
109,3.914322036748006e-06,9.581577730023419,0.12144984423900534,1.5119692677059007,72.04232824675145,0.053714267238614125,9.581577730023419,0.12144984423900534,1.5119692677059007,72.04232824675145,0.053714267238614125,66.66666667,"[4.372269533155574e-06, 3.988659934766369e-06, 3.3820366423220747e-06]",0.5559636505813871,COMPLETE,1,1,2L2A_COUPLED_FREEC,legacy_price_return_abs_time
125,3.916424340941783e-06,25.369503193172232,0.07887281843465178,1.5909866285823047,58.89669464918848,0.03711821077981476,25.369503193172232,0.07887281843465178,1.5909866285823047,58.89669464918848,0.03711821077981476,66.66666667,"[4.41148854373984e-06, 3.981976528750932e-06, 3.355807950334578e-06]",0.555913861009066,COMPLETE,1,1,2L2A_COUPLED_FREEC,legacy_price_return_abs_time
57,3.9165614419168235e-06,8.365005537496845,0.010717878636721523,1.7805308996403546,45.49493009888939,0.0870777649303586,8.365005537496845,0.010717878636721523,1.7805308996403546,45.49493009888939,0.0870777649303586,66.66666667,"[4.48149698396702e-06, 3.702901677979401e-06, 3.5652856638040487e-06]",0.5581759775139882,COMPLETE,1,1,2L2A_COUPLED_FREEC,legacy_price_return_abs_time
22,3.916848458889403e-06,6.2434135446990915,0.046439904174656,1.2527567413611926,53.0347183478648,0.04939068561266545,6.2434135446990915,0.046439904174656,1.2527567413611926,53.0347183478648,0.04939068561266545,66.66666667,"[4.423359280883282e-06, 3.9764674048380475e-06, 3.3507186909468797e-06]",0.5559475811479339,COMPLETE,1,1,2L2A_COUPLED_FREEC,legacy_price_return_abs_time
85,3.919771860785717e-06,16.12990022656872,0.058661082778284426,1.5671098555134515,52.223206303176184,0.03220704566960297,16.12990022656872,0.058661082778284426,1.5671098555134515,52.223206303176184,0.03220704566960297,66.66666667,"[4.414746359768755e-06, 3.990663864781348e-06, 3.35390535780705e-06]",0.5554939052158891,COMPLETE,1,1,2L2A_COUPLED_FREEC,legacy_price_return_abs_time
103,3.9213508163154915e-06,5.426538266967965,9.489289111063771,1.712734601996774,64.87327343152309,0.14802674841665742,5.426538266967965,9.489289111063771,1.712734601996774,64.87327343152309,0.14802674841665742,66.66666667,"[4.334040680170634e-06, 3.7496423123858496e-06, 3.6803694563899914e-06]",0.5568120105317077,COMPLETE,1,1,2L2A_COUPLED_FREEC,legacy_price_return_abs_time
19,3.923774862868627e-06,6.665626073679841,0.038077453274997064,1.9264205525846338,51.63955528376989,0.010027009716189495,6.665626073679841,0.038077453274997064,1.9264205525846338,51.63955528376989,0.010027009716189495,66.66666667,"[4.386857397304504e-06, 4.013638074644711e-06, 3.3708291166566662e-06]",0.5547926410912299,COMPLETE,1,1,2L2A_COUPLED_FREEC,legacy_price_return_abs_time
86,3.923874385122447e-06,16.577529177727243,0.08572985958325725,1.591666342307025,54.97253426032963,0.033260862455573116,16.577529177727243,0.08572985958325725,1.591666342307025,54.97253426032963,0.033260862455573116,66.66666667,"[4.4075817857637e-06, 4.006826718461986e-06, 3.3572146511416537e-06]",0.5549013177357406,COMPLETE,1,1,2L2A_COUPLED_FREEC,legacy_price_return_abs_time
75,3.928548431825542e-06,20.05719877114406,0.10446022997989585,1.6605071665882167,29.248854787858143,0.0656882958035342,20.05719877114406,0.10446022997989585,1.6605071665882167,29.248854787858143,0.0656882958035342,66.66666667,"[4.498384576055451e-06, 3.7095337849676678e-06, 3.5777269344535062e-06]",0.5568688009815359,COMPLETE,1,1,2L2A_COUPLED_FREEC,legacy_price_return_abs_time
31,3.93117549455287e-06,1.2056416740977527,0.018419738987915588,0.7776987996247612,64.72105296751621,0.15059344778159542,1.2056416740977527,0.018419738987915588,0.7776987996247612,64.72105296751621,0.15059344778159542,66.66666667,"[4.505438184317838e-06, 3.7102883924110487e-06, 3.5777999069297243e-06]",0.5565987202118036,COMPLETE,1,1,2L2A_COUPLED_FREEC,legacy_price_return_abs_time
61,3.932363095806902e-06,0.7633094776567784,0.02853846615094382,1.4872144886582916,59.11023075323945,0.05061985009336556,0.7633094776567784,0.02853846615094382,1.4872144886582916,59.11023075323945,0.05061985009336556,66.66666667,"[4.352259389524919e-06, 4.032023926161579e-06, 3.4128059717342072e-06]",0.553599145807358,COMPLETE,1,1,2L2A_COUPLED_FREEC,legacy_price_return_abs_time
55,3.937216342375909e-06,8.23515360818162,0.010170937334535888,1.7885414145056433,45.99934949651776,0.0945310963654327,8.23515360818162,0.010170937334535888,1.7885414145056433,45.99934949651776,0.0945310963654327,66.66666667,"[4.506466085771817e-06, 3.71576662371223e-06, 3.58941631764368e-06]",0.5558991514754075,COMPLETE,1,1,2L2A_COUPLED_FREEC,legacy_price_return_abs_time
81,3.940299051483287e-06,10.04637956456765,0.4965260238659651,1.9347107082656645,49.13258379773329,0.11798858310195175,10.04637956456765,0.4965260238659651,1.9347107082656645,49.13258379773329,0.11798858310195175,66.66666667,"[4.426404630637612e-06, 3.7395652756897445e-06, 3.6549272481225027e-06]",0.5551172050396881,COMPLETE,1,1,2L2A_COUPLED_FREEC,legacy_price_return_abs_time
104,3.942176026954634e-06,17.839130709368163,0.05952660531678655,1.7098450787946633,61.60810401200971,0.028769834002863606,17.839130709368163,0.05952660531678655,1.7098450787946633,61.60810401200971,0.028769834002863606,66.66666667,"[4.4150722057592254e-06, 4.05808469342909e-06, 3.353371181675589e-06]",0.5525430560605152,COMPLETE,1,1,2L2A_COUPLED_FREEC,legacy_price_return_abs_time
122,3.946592965712968e-06,4.491702503255953,0.077621715681713,1.3040374267394328,67.87925081201847,0.05421580734829415,4.491702503255953,0.077621715681713,1.3040374267394328,67.87925081201847,0.05421580734829415,66.66666667,"[4.389436988654121e-06, 4.077079348443873e-06, 3.373262560040911e-06]",0.5518330628761908,COMPLETE,1,1,2L2A_COUPLED_FREEC,legacy_price_return_abs_time
128,3.952135380049676e-06,25.25693214799235,0.1264709253454385,0.9842877457497802,29.637082399176712,0.035578367271743114,25.25693214799235,0.1264709253454385,0.9842877457497802,29.637082399176712,0.035578367271743114,66.66666667,"[4.519807730767904e-06, 4.008948896015813e-06, 3.327649513365312e-06]",0.5521621101630564,COMPLETE,1,1,2L2A_COUPLED_FREEC,legacy_price_return_abs_time
98,3.959547610708396e-06,0.019971146528495704,0.16834700202194997,1.3460520468800343,40.23748402880538,0.05774065300477846,0.019971146528495704,0.16834700202194997,1.3460520468800343,40.23748402880538,0.05774065300477846,66.66666667,"[4.328220089963966e-06, 4.026629798181467e-06, 3.5237929439797553e-06]",0.5505742948169009,COMPLETE,1,1,2L2A_COUPLED_FREEC,legacy_price_return_abs_time
112,3.961470599190854e-06,9.609638564078125,0.7954959055161842,1.4805749518579414,13.258454623322862,0.01900843438026383,9.609638564078125,0.7954959055161842,1.4805749518579414,13.258454623322862,0.01900843438026383,66.66666667,"[4.497792212488054e-06, 3.7433832643642685e-06, 3.64323632072024e-06]",0.5530061361797315,COMPLETE,1,1,2L2A_COUPLED_FREEC,legacy_price_return_abs_time
66,3.970833559093564e-06,0.45180542252925227,0.049588948387099104,1.293035947890771,24.90910458586643,0.014335429471505113,0.45180542252925227,0.049588948387099104,1.293035947890771,24.90910458586643,0.014335429471505113,66.66666667,"[4.373199419087727e-06, 4.131480193651027e-06, 3.4078210645419384e-06]",0.5487201527791875,COMPLETE,1,1,2L2A_COUPLED_FREEC,legacy_price_return_abs_time
12,3.97978699288488e-06,0.04376561899755455,14.707593820477689,0.6719177203448181,26.78624526837841,0.20937458581635213,0.04376561899755455,14.707593820477689,0.6719177203448181,26.78624526837841,0.20937458581635213,66.66666667,"[4.410711946997081e-06, 3.784171335741449e-06, 3.7444776959161106e-06]",0.5504044525475035,COMPLETE,1,1,2L2A_COUPLED_FREEC,legacy_price_return_abs_time
102,4.000123501525531e-06,5.561449395485414,0.060619234699463204,1.7632422073693659,61.7294855138573,0.020531954530100326,5.561449395485414,0.060619234699463204,1.7632422073693659,61.7294855138573,0.020531954530100326,66.66666667,"[4.423365877303805e-06, 4.2156763977981295e-06, 3.3613282294746613e-06]",0.5450587059061881,COMPLETE,1,1,2L2A_COUPLED_FREEC,legacy_price_return_abs_time
46,4.001710454612165e-06,3.88355200588377,0.2050210347050663,1.7767336705455197,31.47088983174588,0.10929022434223001,3.88355200588377,0.2050210347050663,1.7767336705455197,31.47088983174588,0.10929022434223001,66.66666667,"[4.521020017777995e-06, 3.7832926838748555e-06, 3.7008186621836464e-06]",0.5483762548190982,COMPLETE,1,1,2L2A_COUPLED_FREEC,legacy_price_return_abs_time
129,4.00287141397344e-06,19.2390487370229,0.031242823408743507,1.8334475444648424,29.984457564740772,0.07207509624320055,19.2390487370229,0.031242823408743507,1.8334475444648424,29.984457564740772,0.07207509624320055,66.66666667,"[4.583115389028159e-06, 3.7672077201012896e-06, 3.65829113279087e-06]",0.5485755649839872,COMPLETE,1,1,2L2A_COUPLED_FREEC,legacy_price_return_abs_time
82,4.0054195234284975e-06,15.317146627505322,0.06551948478149078,1.9106879639966237,50.287560751283216,0.11913395146963475,15.317146627505322,0.06551948478149078,1.9106879639966237,50.287560751283216,0.11913395146963475,66.66666667,"[4.571101172549377e-06, 3.7737752621116534e-06, 3.6713821356244626e-06]",0.5482074309488697,COMPLETE,1,1,2L2A_COUPLED_FREEC,legacy_price_return_abs_time
100,4.007378422208757e-06,12.847816183530481,0.1611833322741141,1.698929200838735,64.92592229911932,0.1558088057781527,12.847816183530481,0.1611833322741141,1.698929200838735,64.92592229911932,0.1558088057781527,66.66666667,"[4.555309077042545e-06, 3.7806736012067768e-06, 3.6861525883769503e-06]",0.5478888212740632,COMPLETE,1,1,2L2A_COUPLED_FREEC,legacy_price_return_abs_time
101,4.016180301898648e-06,5.460174882708205,0.17558571317875865,1.722193592034444,63.970777611547284,0.027719226167291923,5.460174882708205,0.17558571317875865,1.722193592034444,63.970777611547284,0.027719226167291923,66.66666667,"[4.4050425843474305e-06, 4.249119752682086e-06, 3.394378568666429e-06]",0.5429902142039705,COMPLETE,1,1,2L2A_COUPLED_FREEC,legacy_price_return_abs_time
30,4.016787198158624e-06,1.3554805816751412,0.021641603550367785,0.8940738878022376,35.11217785220975,0.14973266602592059,1.3554805816751412,0.021641603550367785,0.8940738878022376,35.11217785220975,0.14973266602592059,66.66666667,"[4.637377940053743e-06, 3.767834026362643e-06, 3.6451496280594864e-06]",0.5472264756620034,COMPLETE,1,1,2L2A_COUPLED_FREEC,legacy_price_return_abs_time
59,4.017125895499038e-06,0.013536856066730524,0.027405658200230956,1.4780140711346745,58.559671626843766,0.051626358765038835,0.013536856066730524,0.027405658200230956,1.4780140711346745,58.559671626843766,0.051626358765038835,66.66666667,"[4.371813468160122e-06, 4.179524490204126e-06, 3.5000397281328686e-06]",0.5432836644346626,COMPLETE,1,1,2L2A_COUPLED_FREEC,legacy_price_return_abs_time
45,4.032721442018388e-06,3.7127551627940183,0.20089249068340068,1.0267157683312251,31.229132154748964,0.03447193462868284,3.7127551627940183,0.20089249068340068,1.0267157683312251,31.229132154748964,0.03447193462868284,66.66666667,"[4.434713054216606e-06, 4.297386336474392e-06, 3.366064935364169e-06]",0.5409217156085652,COMPLETE,1,1,2L2A_COUPLED_FREEC,legacy_price_return_abs_time
67,4.037449769337907e-06,3.0689182893953806,0.04349875529172002,1.2700554241051725,33.21421542514833,0.013734606717391283,3.0689182893953806,0.04349875529172002,1.2700554241051725,33.21421542514833,0.013734606717391283,66.66666667,"[4.483512867163637e-06, 4.295053716279897e-06, 3.3337827245701863e-06]",0.5405841612114498,COMPLETE,1,1,2L2A_COUPLED_FREEC,legacy_price_return_abs_time
63,4.049192809079031e-06,0.6719163674878021,1.9538202532210573,1.4143294160340452,37.95626452936049,0.20295013831183323,0.6719163674878021,1.9538202532210573,1.4143294160340452,37.95626452936049,0.20295013831183323,66.66666667,"[4.505499385688065e-06, 3.840485258521601e-06, 3.801593783027428e-06]",0.5426946594088762,COMPLETE,1,1,2L2A_COUPLED_FREEC,legacy_price_return_abs_time
20,4.052160707145247e-06,6.27787090581366,0.04564968007811661,1.9306092406449662,19.647058885096115,0.011393812920200648,6.27787090581366,0.04564968007811661,1.9306092406449662,19.647058885096115,0.011393812920200648,66.66666667,"[4.630565823586778e-06, 3.8142081896757915e-06, 3.71170810817317e-06]",0.5429822277154245,COMPLETE,1,1,2L2A_COUPLED_FREEC,legacy_price_return_abs_time
71,4.057857306871962e-06,2.689250012101856,0.14835681804414905,-1.7743899735662259,42.59043796612355,0.024828773143330422,2.689250012101856,0.14835681804414905,-1.7743899735662259,42.59043796612355,0.024828773143330422,66.66666667,"[4.903177968067281e-06, 3.748595911045862e-06, 3.52179804150274e-06]",0.5437548179199747,COMPLETE,1,1,2L2A_COUPLED_FREEC,legacy_price_return_abs_time
28,4.071112588026697e-06,28.751544412907204,0.018154097161095496,1.3863836663550146,35.47405051251942,0.1288434118494152,28.751544412907204,0.018154097161095496,1.3863836663550146,35.47405051251942,0.1288434118494152,66.66666667,"[4.705419990722532e-06, 3.81470599142227e-06, 3.69321178193529e-06]",0.541150715681305,COMPLETE,1,1,2L2A_COUPLED_FREEC,legacy_price_return_abs_time
17,4.076201923091525e-06,0.2149567008667662,2.1881468656868317,1.9635023918326693,15.835968124314633,0.01846727758294046,0.2149567008667662,2.1881468656868317,1.9635023918326693,15.835968124314633,0.01846727758294046,66.66666667,"[4.542271975410617e-06, 3.864441163872536e-06, 3.821892629991419e-06]",0.5396790946325588,COMPLETE,1,1,2L2A_COUPLED_FREEC,legacy_price_return_abs_time
29,4.077357626138554e-06,1.0575788142983167,0.01992283616361621,1.5178589641827667,34.86635166550967,0.14576344113091175,1.0575788142983167,0.01992283616361621,1.5178589641827667,34.86635166550967,0.14576344113091175,66.66666667,"[4.655169530589382e-06, 3.839233086608348e-06, 3.7376702612179325e-06]",0.5401167542396488,COMPLETE,1,1,2L2A_COUPLED_FREEC,legacy_price_return_abs_time
43,4.094106726763633e-06,0.37047230405948833,0.193512281031582,0.46136313440839916,30.38072613182156,0.26026580615356065,0.37047230405948833,0.193512281031582,0.46136313440839916,30.38072613182156,0.26026580615356065,66.66666667,"[4.5784213411338705e-06, 3.879200198662741e-06, 3.824698640494288e-06]",0.5377278643302356,COMPLETE,1,1,2L2A_COUPLED_FREEC,legacy_price_return_abs_time
49,4.135271320711328e-06,1.9865026477886794,0.4393690381442653,1.1377065667911344,26.606930318856367,0.016946945213260706,1.9865026477886794,0.4393690381442653,1.1377065667911344,26.606930318856367,0.016946945213260706,66.66666667,"[4.465205436255084e-06, 4.518961233089979e-06, 3.4216472927889227e-06]",0.5281491471804799,COMPLETE,1,1,2L2A_COUPLED_FREEC,legacy_price_return_abs_time
127,4.136055435828157e-06,10.812507679850475,0.0759009061435679,1.6033254730874282,29.639106529761236,0.12796091812357174,10.812507679850475,0.0759009061435679,1.6033254730874282,29.639106529761236,0.12796091812357174,66.66666667,"[4.745771350507189e-06, 3.88840728847397e-06, 3.7739876685033116e-06]",0.5336202520899279,COMPLETE,1,1,2L2A_COUPLED_FREEC,legacy_price_return_abs_time
126,4.165026887679778e-06,24.387146705620143,0.08182787794889541,1.5940909200222289,29.205228407729113,0.12946671393238926,24.387146705620143,0.08182787794889541,1.5940909200222289,29.205228407729113,0.12946671393238926,66.66666667,"[4.788113766615631e-06, 3.913846731890619e-06, 3.7931201645330845e-06]",0.530397229398975,COMPLETE,1,1,2L2A_COUPLED_FREEC,legacy_price_return_abs_time
48,4.1939251699033165e-06,2.0605696178203923,0.4181073966524211,1.0753145537857796,27.034960774440105,0.01739340600366712,2.0605696178203923,0.4181073966524211,1.0753145537857796,27.034960774440105,0.01739340600366712,66.66666667,"[4.504049721845281e-06, 4.661499403791011e-06, 3.416226384073657e-06]",0.520800248878871,COMPLETE,1,1,2L2A_COUPLED_FREEC,legacy_price_return_abs_time
32,4.228923675385469e-06,1.1370307365422097,0.02134338056850676,0.8980872512566744,65.06618005590798,0.03730282209561685,1.1370307365422097,0.02134338056850676,0.8980872512566744,65.06618005590798,0.03730282209561685,36.66666667,"[4.578248929532684e-06, 4.76199561324873e-06, 3.3465264833749943e-06]",0.516473988001553,COMPLETE,1,1,2L2A_COUPLED_FREEC,legacy_price_return_abs_time
64,4.2356497867716094e-06,0.7929043321075776,0.05134461735506268,1.4191516287537431,10.506161090594459,0.050070485547435546,0.7929043321075776,0.05134461735506268,1.4191516287537431,10.506161090594459,0.050070485547435546,66.66666667,"[4.848790666048542e-06, 3.992361293237637e-06, 3.8657974010286506e-06]",0.5222766266036861,COMPLETE,1,1,2L2A_COUPLED_FREEC,legacy_price_return_abs_time
68,4.243596050689433e-06,0.4846672671607908,0.14343734798337432,1.2293870945126772,33.08576869574896,0.012811436210239018,0.4846672671607908,0.14343734798337432,1.2293870945126772,33.08576869574896,0.012811436210239018,66.66666667,"[4.530999347554613e-06, 4.7624530807677276e-06, 3.437335723745959e-06]",0.5147013399594542,COMPLETE,1,1,2L2A_COUPLED_FREEC,legacy_price_return_abs_time
111,4.266912704924497e-06,4.488341246208806,0.32205255464907284,1.511961284473039,14.20054295021759,0.1015253344913094,4.488341246208806,0.32205255464907284,1.511961284473039,14.20054295021759,0.1015253344913094,66.66666667,"[4.8692627221090955e-06, 4.029800208350293e-06, 3.9016751843141036e-06]",0.5186407173708263,COMPLETE,1,1,2L2A_COUPLED_FREEC,legacy_price_return_abs_time
119,4.270344878947051e-06,0.12850719906976915,0.051852681891246845,0.09331797910319999,67.87243190803996,0.05842634363518136,0.12850719906976915,0.051852681891246845,0.09331797910319999,67.87243190803996,0.05842634363518136,66.66666667,"[4.545668492476414e-06, 4.806701611773688e-06, 3.458664532591054e-06]",0.5114914816707007,COMPLETE,1,1,2L2A_COUPLED_FREEC,legacy_price_return_abs_time
113,4.274060240944783e-06,12.668947235121642,0.3622038029272195,1.4135055945440644,26.159581552577826,0.18055957365388448,12.668947235121642,0.3622038029272195,1.4135055945440644,26.159581552577826,0.18055957365388448,66.66666667,"[4.8902987503445445e-06, 4.03270601853582e-06, 3.899175953953983e-06]",0.5179058736691043,COMPLETE,1,1,2L2A_COUPLED_FREEC,legacy_price_return_abs_time
15,4.27474552432112e-06,3.524929072074959,20.187083747960575,-1.2015194585980502,42.717666989914825,0.025604143788848205,3.524929072074959,20.187083747960575,-1.2015194585980502,42.717666989914825,0.025604143788848205,66.66666667,"[4.54777688754303e-06, 4.803901044453316e-06, 3.472558640967012e-06]",0.5110361157442505,COMPLETE,1,1,2L2A_COUPLED_FREEC,legacy_price_return_abs_time
33,4.333506161644163e-06,1.2028755716734012,0.36198974490061675,0.9445403518795517,67.88110761142678,0.0407738202496563,1.2028755716734012,0.36198974490061675,0.9445403518795517,67.88110761142678,0.0407738202496563,36.66666667,"[4.5872590327359596e-06, 4.958956696573478e-06, 3.454302755623054e-06]",0.503586078586152,COMPLETE,1,1,2L2A_COUPLED_FREEC,legacy_price_return_abs_time
51,4.370711068544665e-06,2.179387510392397,0.3486046421467115,1.0643671312575416,77.10791379978147,0.3366365470703765,2.179387510392397,0.3486046421467115,1.0643671312575416,77.10791379978147,0.3366365470703765,66.66666667,"[4.936083093114521e-06, 4.15068233900878e-06, 4.025367773510696e-06]",0.5065900183160771,COMPLETE,1,1,2L2A_COUPLED_FREEC,legacy_price_return_abs_time
53,4.379848942891617e-06,0.1089544778121738,0.6234492518789445,0.013172089611322697,38.540284434052374,0.3696337745320026,0.1089544778121738,0.6234492518789445,0.013172089611322697,38.540284434052374,0.3696337745320026,66.66666667,"[4.9350310286301405e-06, 4.160714554722541e-06, 4.043801245322169e-06]",0.5055102494970943,COMPLETE,1,1,2L2A_COUPLED_FREEC,legacy_price_return_abs_time
50,4.46501412016751e-06,2.1072612379922795,0.4134162353983257,1.0407013723380691,27.344402483789953,0.31899264931222343,2.1072612379922795,0.4134162353983257,1.0407013723380691,27.344402483789953,0.31899264931222343,66.66666667,"[5.068038223789814e-06, 4.244826436707488e-06, 4.082177700005229e-06]",0.4959962677354133,COMPLETE,1,1,2L2A_COUPLED_FREEC,legacy_price_return_abs_time
65,4.472417110094139e-06,5.161473486998249,0.05069988458654742,1.2905378610010156,24.910871063345702,0.2031633327963083,5.161473486998249,0.05069988458654742,1.2905378610010156,24.910871063345702,0.2031633327963083,66.66666667,"[5.154425994009385e-06, 4.225290338807723e-06, 4.037534997465309e-06]",0.49561757431460185,COMPLETE,1,1,2L2A_COUPLED_FREEC,legacy_price_return_abs_time
116,4.479708845463961e-06,13.530399808563566,0.04924209885287974,1.9969933853155644,30.859071714884863,0.1694489461278293,13.530399808563566,0.04924209885287974,1.9969933853155644,30.859071714884863,0.1694489461278293,66.66666667,"[5.134844397065334e-06, 4.244511015378077e-06, 4.059771123948473e-06]",0.49461081269999246,COMPLETE,1,1,2L2A_COUPLED_FREEC,legacy_price_return_abs_time
11,4.595926909089727e-06,0.6119044918806446,0.6109354771861819,0.6033230110807768,62.39224248812197,0.42731413068069324,0.6119044918806446,0.6109354771861819,0.6033230110807768,62.39224248812197,0.42731413068069324,66.66666667,"[5.212186635215962e-06, 4.381298932687114e-06, 4.194295159366102e-06]",0.48111617959405856,COMPLETE,1,1,2L2A_COUPLED_FREEC,legacy_price_return_abs_time
118,4.603121501829785e-06,21.872320398290732,0.045728585844400926,1.9891372444641826,67.76671890448857,0.26779260123341514,21.872320398290732,0.045728585844400926,1.9891372444641826,67.76671890448857,0.26779260123341514,66.66666667,"[5.27884919152416e-06, 4.374097899194333e-06, 4.156417414770861e-06]",0.4806037154136893,COMPLETE,1,1,2L2A_COUPLED_FREEC,legacy_price_return_abs_time
44,4.6069651726572285e-06,3.4833321171925005,0.21578354058243243,0.3031885255337862,30.07247634914764,0.031031938542240387,3.4833321171925005,0.21578354058243243,0.3031885255337862,30.07247634914764,0.031031938542240387,33.333333339999996,"[4.840979640659579e-06, 5.584125464160966e-06, 3.3957904131511395e-06]",0.46985622034829655,COMPLETE,1,1,2L2A_COUPLED_FREEC,legacy_price_return_abs_time
72,4.7493970012127326e-06,1.7487594723924746,0.016318695263776068,-1.5677397172114889,42.85906005758681,0.022635041442788842,1.7487594723924746,0.016318695263776068,-1.5677397172114889,42.85906005758681,0.022635041442788842,66.66666667,"[5.158950965347959e-06, 4.841098708581198e-06, 4.248141329709042e-06]",0.46073081983717135,COMPLETE,1,1,2L2A_COUPLED_FREEC,legacy_price_return_abs_time
42,4.801766588466687e-06,0.364385389517767,0.9334229857264792,0.28095328723713725,21.837129094890283,0.0310960514901878,0.364385389517767,0.9334229857264792,0.28095328723713725,21.837129094890283,0.0310960514901878,33.333333339999996,"[4.912069330013478e-06, 5.988591074880109e-06, 3.5046393605064744e-06]",0.4457582790691041,COMPLETE,1,1,2L2A_COUPLED_FREEC,legacy_price_return_abs_time
14,5.069735768790828e-06,2.5807906462015464,0.012420543128033562,-1.1989220773532554,40.768478613768785,0.01847545765475061,2.5807906462015464,0.012420543128033562,-1.1989220773532554,40.768478613768785,0.01847545765475061,66.66666667,"[5.452346541561696e-06, 5.453910208511695e-06, 4.302950556299094e-06]",0.4220800910241988,COMPLETE,1,1,2L2A_COUPLED_FREEC,legacy_price_return_abs_time
16,5.187490280903594e-06,2.4412339005593986,0.012439191255208112,-1.1265939245061154,45.67145085734209,0.024972959425140745,2.4412339005593986,0.012439191255208112,-1.1265939245061154,45.67145085734209,0.024972959425140745,66.66666667,"[5.62428047703963e-06, 5.491896731597474e-06, 4.446293634073678e-06]",0.4094580457005266,COMPLETE,1,1,2L2A_COUPLED_FREEC,legacy_price_return_abs_time
1,5.317325544916626e-06,0.048605958009371855,0.26253841650467785,-1.6406749325769634,11.59529488421802,0.4240224347620635,0.048605958009371855,0.26253841650467785,-1.6406749325769634,11.59529488421802,0.4240224347620635,70.0,"[6.092329439593353e-06, 5.1270628978504465e-06, 4.732584297306079e-06]",0.399453802565277,COMPLETE,1,1,2L2A_COUPLED_FREEC,legacy_price_return_abs_time
6,5.324283167879628e-06,14.678294696184873,0.058486660134866135,0.3716426156025281,25.68795642306184,0.24331699475769192,14.678294696184873,0.058486660134866135,0.3716426156025281,25.68795642306184,0.24331699475769192,100.0,"[6.212967199206294e-06, 5.0714304496507645e-06, 4.688451854781827e-06]",0.3995033447331891,COMPLETE,1,1,2L2A_COUPLED_FREEC,legacy_price_return_abs_time
89,5.37386373061048e-06,27.585703152545335,0.02337457351662155,-0.81523803080885,71.64372695057163,0.044463278115410815,27.585703152545335,0.02337457351662155,-0.81523803080885,71.64372695057163,0.044463278115410815,66.66666667,"[5.927240759392449e-06, 5.476125005556711e-06, 4.718225426882283e-06]",0.3901397600052823,COMPLETE,1,1,2L2A_COUPLED_FREEC,legacy_price_return_abs_time
69,5.425279161787347e-06,2.9730348266754656,0.1439528498358789,-1.8866167997220133,42.41705035699274,0.0243340591056476,2.9730348266754656,0.1439528498358789,-1.8866167997220133,42.41705035699274,0.0243340591056476,100.0,"[6.56228134085811e-06, 5.070970938138996e-06, 4.642585206364935e-06]",0.38959889427826333,COMPLETE,1,1,2L2A_COUPLED_FREEC,legacy_price_return_abs_time
90,5.7650138049189956e-06,28.519602081951327,0.02276765960636982,-0.6099257793021595,32.36453003965209,0.042060187054327874,28.519602081951327,0.02276765960636982,-0.6099257793021595,32.36453003965209,0.042060187054327874,66.66666667,"[6.532940480175448e-06, 5.52938883146818e-06, 5.232712103113358e-06]",0.3488624055502411,COMPLETE,1,1,2L2A_COUPLED_FREEC,legacy_price_return_abs_time
36,5.9554957683394475e-06,14.273525687922943,0.31137538475915344,1.5608028249955852,40.013150409370866,0.6237004693824025,14.273525687922943,0.31137538475915344,1.5608028249955852,40.013150409370866,0.6237004693824025,100.0,"[6.784640799028479e-06, 5.793471827773213e-06, 5.2883746782166514e-06]",0.3268734822479034,COMPLETE,1,1,2L2A_COUPLED_FREEC,legacy_price_return_abs_time
38,6.094974762440512e-06,12.293395630874816,0.07304010384110851,1.644454918463665,40.536140982542314,0.6191665063841182,12.293395630874816,0.07304010384110851,1.644454918463665,40.536140982542314,0.6191665063841182,100.0,"[6.928154168315585e-06, 5.936498615823001e-06, 5.4202715031829465e-06]",0.31100320877643345,COMPLETE,1,1,2L2A_COUPLED_FREEC,legacy_price_return_abs_time
52,6.246633910767148e-06,20.574566121643457,0.6472502307369592,-0.20928822007339987,19.078874169003115,0.3619444032846591,20.574566121643457,0.6472502307369592,-0.20928822007339987,19.078874169003115,0.3619444032846591,100.0,"[7.106776859834269e-06, 6.068083864402085e-06, 5.56504100806509e-06]",0.29399811787882557,COMPLETE,1,1,2L2A_COUPLED_FREEC,legacy_price_return_abs_time
40,6.297961486553169e-06,11.642914129019353,1.3595373884443969,1.66113425009559,22.507116607981054,0.7804937462989575,11.642914129019353,1.3595373884443969,1.66113425009559,22.507116607981054,0.7804937462989575,100.0,"[7.145425362557234e-06, 6.141688204928209e-06, 5.606770892174064e-06]",0.2879568444829546,COMPLETE,1,1,2L2A_COUPLED_FREEC,legacy_price_return_abs_time
39,6.592317667863124e-06,11.489389031871019,0.9408340188034521,1.649393460502922,23.4026006738226,0.9032178337131958,11.489389031871019,0.9408340188034521,1.649393460502922,23.4026006738226,0.9032178337131958,100.0,"[7.439844161111273e-06, 6.4352664472779115e-06, 5.901842395200187e-06]",0.2544962591979761,COMPLETE,1,1,2L2A_COUPLED_FREEC,legacy_price_return_abs_time
37,6.59955161618494e-06,15.363041475585609,0.07121586162590589,1.551612484146067,30.74554844556858,0.7870169241138738,15.363041475585609,0.07121586162590589,1.551612484146067,30.74554844556858,0.7870169241138738,100.0,"[7.437946096239861e-06, 6.4435571081023236e-06, 5.917151644212636e-06]",0.2536353290137662,COMPLETE,1,1,2L2A_COUPLED_FREEC,legacy_price_return_abs_time
106,7.376932906264786e-06,6.94740079226361,0.034303376021342695,1.8669723083615841,56.79143931366093,1.4728648414576895,6.94740079226361,0.034303376021342695,1.8669723083615841,56.79143931366093,1.4728648414576895,100.0,"[8.179828828920854e-06, 7.178686637215364e-06, 6.77228325265814e-06]",0.165441422489241,COMPLETE,1,1,2L2A_COUPLED_FREEC,legacy_price_return_abs_time
3,7.450435946147222e-06,0.06814092510161804,0.8339864127416178,-1.9873344557717907,33.80049774089214,2.087212108544951,0.06814092510161804,0.8339864127416178,-1.9873344557717907,33.80049774089214,2.087212108544951,100.0,"[8.253249023040651e-06, 7.244053692518752e-06, 6.854005122882263e-06]",0.15714381583159995,COMPLETE,1,1,2L2A_COUPLED_FREEC,legacy_price_return_abs_time
9,7.4824761202932705e-06,0.7451647353841861,0.013566507897142206,1.2028826903105316,13.224649284646073,1.4430731141597666,0.7451647353841861,0.013566507897142206,1.2028826903105316,13.224649284646073,1.4430731141597666,100.0,"[8.272977313506276e-06, 7.273423695326827e-06, 6.901027352046707e-06]",0.15347912729304747,COMPLETE,1,1,2L2A_COUPLED_FREEC,legacy_price_return_abs_time
0,7.730448477080587e-06,1.6543093844910208,0.09744371539775228,-0.3419677017688638,27.344809512443387,2.008694539794871,1.6543093844910208,0.09744371539775228,-0.3419677017688638,27.344809512443387,2.008694539794871,100.0,"[8.490649251943247e-06, 7.489357679035196e-06, 7.21133850026332e-06]",0.12541854781842013,COMPLETE,1,1,2L2A_COUPLED_FREEC,legacy_price_return_abs_time
7,7.795106473757166e-06,16.01540043993469,10.003453481747242,-0.42148825571416326,75.20130702673315,3.260087750188046,16.01540043993469,10.003453481747242,-0.42148825571416326,75.20130702673315,3.260087750188046,100.0,"[8.54797855957663e-06, 7.544044099614695e-06, 7.293296762080172e-06]",0.11811560110571455,COMPLETE,1,1,2L2A_COUPLED_FREEC,legacy_price_return_abs_time
4,7.859101439330699e-06,0.2350171152888779,0.19280996380760382,1.9858891909511405,17.536560088713394,3.331987342906047,0.2350171152888779,0.19280996380760382,1.9858891909511405,17.536560088713394,3.331987342906047,100.0,"[8.601185054610276e-06, 7.597637888564778e-06, 7.378481374817043e-06]",0.11087953146541552,COMPLETE,1,1,2L2A_COUPLED_FREEC,legacy_price_return_abs_time
80,7.950545146280692e-06,9.744239985343528,0.25329484862310686,1.9132091965791698,37.17467953345154,5.671096866841541,9.744239985343528,0.25329484862310686,1.9132091965791698,37.17467953345154,5.671096866841541,100.0,"[8.676539757410962e-06, 7.672944340918736e-06, 7.502151340512378e-06]",0.10054682355248364,COMPLETE,1,1,2L2A_COUPLED_FREEC,legacy_price_return_abs_time
83,7.951913110760168e-06,15.195553959354735,0.07066295893536259,1.911709574125914,50.87162078799582,5.825513387536723,15.195553959354735,0.07066295893536259,1.911709574125914,50.87162078799582,5.825513387536723,100.0,"[8.677659346491639e-06, 7.674059104096002e-06, 7.50402088169286e-06]",0.10039231039779344,COMPLETE,1,1,2L2A_COUPLED_FREEC,legacy_price_return_abs_time
2,7.954033241861248e-06,0.031272474462507215,2.6501793809827596,-0.4422734406929836,71.56338726517785,8.094281927741083,0.031272474462507215,2.6501793809827596,-0.4422734406929836,71.56338726517785,8.094281927741083,100.0,"[8.679394535147558e-06, 7.675786117660776e-06, 7.506919072775411e-06]",0.10015284424847011,COMPLETE,1,1,2L2A_COUPLED_FREEC,legacy_price_return_abs_time
8,7.95537081644496e-06,0.01417672503034542,4.275077937551194,-0.29078876982254176,23.524611447917803,13.814506210723723,0.01417672503034542,4.275077937551194,-0.29078876982254176,23.524611447917803,13.814506210723723,100.0,"[8.680488287192523e-06, 7.676875224793055e-06, 7.5087489373492975e-06]",0.10000176693742346,COMPLETE,1,1,2L2A_COUPLED_FREEC,legacy_price_return_abs_time
41,7.95537526333004e-06,10.60154926510517,1.1448524467340786,0.3006033802661954,23.165041000012188,31.07716458980139,1.1448524467340786,10.60154926510517,0.3006033802661954,31.07716458980139,23.165041000012188,100.0,"[8.680491923148407e-06, 7.67687884505784e-06, 7.5087550217838725e-06]",0.10000126467061328,COMPLETE,1,1,2L2A_COUPLED_FREEC,legacy_price_return_abs_time
70,1.0066493815334686e-05,2.9293245160119286,0.1427655696102712,-1.8853887744504858,33.293786208036195,0.024535635833240664,2.9293245160119286,0.1427655696102712,-1.8853887744504858,33.293786208036195,0.024535635833240664,100.0,"[1.0813630139332676e-05, 8.383633423211729e-06, 1.1002217883459653e-05]",-0.1296727068149773,COMPLETE,1,1,2L2A_COUPLED_FREEC,legacy_price_return_abs_time
148,5.3168131726315855e-06,13.7785003034926,0.014519862429160882,1.4255825272707003,36.98861810697482,0.024559995478603026,13.7785003034926,0.014519862429160882,1.4255825272707003,36.98861810697482,0.024559995478603026,66.66666667,"[5.928589459517091e-06, 5.0039645626562894e-06, 5.017885495721377e-06]",0.3963767527822717,COMPLETE,1,3,2L2A_COUPLED_FREEC,legacy_price_return_abs_time
119,5.317448226943426e-06,23.693538045188344,0.019052394760740863,1.4623006864332955,33.68687962197046,0.013193990251822238,23.693538045188344,0.019052394760740863,1.4623006864332955,33.68687962197046,0.013193990251822238,66.66666667,"[5.922891871377027e-06, 5.034554668362832e-06, 4.994898141090417e-06]",0.3960431523310574,COMPLETE,1,3,2L2A_COUPLED_FREEC,legacy_price_return_abs_time
103,5.317766167648314e-06,26.31876769671769,0.02725046470147663,1.5672663095411268,35.3876467194953,0.010077930377509491,26.31876769671769,0.02725046470147663,1.5672663095411268,35.3876467194953,0.010077930377509491,66.66666667,"[5.917180782455331e-06, 5.025555036597192e-06, 5.010562683892418e-06]",0.39606207398709997,COMPLETE,1,3,2L2A_COUPLED_FREEC,legacy_price_return_abs_time
133,5.318136424075419e-06,12.286930489313109,0.013275156204460327,1.5228997348409095,39.11740376352832,0.02474006917174831,12.286930489313109,0.013275156204460327,1.5228997348409095,39.11740376352832,0.02474006917174831,66.66666667,"[5.9260408876527e-06, 4.981415109593145e-06, 5.046953274980413e-06]",0.39640451727672804,COMPLETE,1,3,2L2A_COUPLED_FREEC,legacy_price_return_abs_time
113,5.318422210194038e-06,24.333230746971488,0.01814561802631933,1.6132276172461637,38.260828037519815,0.016270087819552914,24.333230746971488,0.01814561802631933,1.6132276172461637,38.260828037519815,0.016270087819552914,66.66666667,"[5.920461830027874e-06, 4.989528437451657e-06, 5.045276363102582e-06]",0.3962900119467867,COMPLETE,1,3,2L2A_COUPLED_FREEC,legacy_price_return_abs_time
105,5.3184369892870815e-06,25.59064105175475,0.05470889674140399,1.6017643216757622,35.8573642487664,0.0121332263798174,25.59064105175475,0.05470889674140399,1.6017643216757622,35.8573642487664,0.0121332263798174,66.66666667,"[5.9171427888927205e-06, 4.999004416506959e-06, 5.039163762461566e-06]",0.3962015801545478,COMPLETE,1,3,2L2A_COUPLED_FREEC,legacy_price_return_abs_time
128,5.319029223064691e-06,21.923182331428322,0.01779839049339856,1.5279985963906315,35.887578875159136,0.020577754077670814,21.923182331428322,0.01779839049339856,1.5279985963906315,35.887578875159136,0.020577754077670814,66.66666667,"[5.929241669511986e-06, 4.967876455735354e-06, 5.059969543946734e-06]",0.39642572384863345,COMPLETE,1,3,2L2A_COUPLED_FREEC,legacy_price_return_abs_time
101,5.319223919592447e-06,25.06770662430873,0.026933226435854375,1.5081406865838245,35.667348610997735,0.011149891387058818,25.06770662430873,0.026933226435854375,1.5081406865838245,35.667348610997735,0.011149891387058818,66.66666667,"[5.916651766124058e-06, 5.062518663280452e-06, 4.97850132937283e-06]",0.3956038814742991,COMPLETE,1,3,2L2A_COUPLED_FREEC,legacy_price_return_abs_time
114,5.319236742887949e-06,24.169008042188448,0.03922139287622841,1.6049457754841931,37.04447462918504,0.016484800167740014,24.169008042188448,0.03922139287622841,1.6049457754841931,37.04447462918504,0.016484800167740014,66.66666667,"[5.92122844787462e-06, 4.979026186741669e-06, 5.0574555940475574e-06]",0.39628754195554344,COMPLETE,1,3,2L2A_COUPLED_FREEC,legacy_price_return_abs_time
56,5.319607667878593e-06,19.990437686822148,0.04294372228359794,1.6892110757446903,42.91382733721371,0.014097537400552545,19.990437686822148,0.04294372228359794,1.6892110757446903,42.91382733721371,0.014097537400552545,66.66666667,"[5.907582453388498e-06, 5.039722554695623e-06, 5.011517995551659e-06]",0.3957154772051597,COMPLETE,1,3,2L2A_COUPLED_FREEC,legacy_price_return_abs_time
107,5.319714321902838e-06,29.485331713373995,0.018632463835489856,1.6070511616141958,34.4397058553586,0.011859898925450406,29.485331713373995,0.018632463835489856,1.6070511616141958,34.4397058553586,0.011859898925450406,66.66666667,"[5.925238508659795e-06, 4.9681557975997745e-06, 5.065748659448946e-06]",0.3963354492892721,COMPLETE,1,3,2L2A_COUPLED_FREEC,legacy_price_return_abs_time
99,5.319809909217401e-06,24.40576303813858,0.146678259855253,1.5196305884738581,33.97118930282912,0.018843829547036464,24.40576303813858,0.146678259855253,1.5196305884738581,33.97118930282912,0.018843829547036464,66.66666667,"[5.918378852623944e-06, 4.979969221973484e-06, 5.061081653054774e-06]",0.3962079389365955,COMPLETE,1,3,2L2A_COUPLED_FREEC,legacy_price_return_abs_time
95,5.319881097494876e-06,23.774197056127115,0.22865804446073015,1.505415444704128,35.06654166168257,0.018301862799400874,23.774197056127115,0.22865804446073015,1.505415444704128,35.06654166168257,0.018301862799400874,66.66666667,"[5.906937979970757e-06, 5.025427009165235e-06, 5.027278303348634e-06]",0.3957981883244282,COMPLETE,1,3,2L2A_COUPLED_FREEC,legacy_price_return_abs_time
144,5.3200925469689955e-06,14.214659013800272,0.014412512353968463,1.3984869149845136,41.11394831858066,0.02452709392890868,14.214659013800272,0.014412512353968463,1.3984869149845136,41.11394831858066,0.02452709392890868,66.66666667,"[5.922554801793984e-06, 5.075214414438705e-06, 4.962508424674297e-06]",0.3954258802010928,COMPLETE,1,3,2L2A_COUPLED_FREEC,legacy_price_return_abs_time
137,5.3205708089638374e-06,17.9749889406595,0.015253689141050956,1.3854481389665927,42.023371896329515,0.025685932434939426,17.9749889406595,0.015253689141050956,1.3854481389665927,42.023371896329515,0.025685932434939426,66.66666667,"[5.923617982695567e-06, 5.0800285501775035e-06, 4.958065894018442e-06]",0.39533826449802456,COMPLETE,1,3,2L2A_COUPLED_FREEC,legacy_price_return_abs_time
138,5.3210962914587056e-06,24.91399185909619,0.015553078159752293,1.378303090331879,42.28760829841087,0.02574685047938684,24.91399185909619,0.015553078159752293,1.378303090331879,42.28760829841087,0.02574685047938684,66.66666667,"[5.924548702904828e-06, 5.084888762259796e-06, 4.953851409211492e-06]",0.3952446755757381,COMPLETE,1,3,2L2A_COUPLED_FREEC,legacy_price_return_abs_time
55,5.321138501931435e-06,28.473753249622582,0.0446942025822822,1.7457133377847636,40.67621280839143,0.013776379655124599,28.473753249622582,0.0446942025822822,1.7457133377847636,40.67621280839143,0.013776379655124599,66.66666667,"[5.915651918217582e-06, 4.975997548083814e-06, 5.071766039492909e-06]",0.3960854037667096,COMPLETE,1,3,2L2A_COUPLED_FREEC,legacy_price_return_abs_time
67,5.321442326595156e-06,19.90476766488636,0.051571886970472956,1.849069277456815,52.31602374319265,0.019293707527198986,19.90476766488636,0.051571886970472956,1.849069277456815,52.31602374319265,0.019293707527198986,66.66666667,"[5.9024411412517505e-06, 5.02622917763858e-06, 5.035656660895135e-06]",0.3956061086365142,COMPLETE,1,3,2L2A_COUPLED_FREEC,legacy_price_return_abs_time
64,5.321555201437878e-06,19.650047884611293,0.051265234458973026,1.8235111704961429,51.94226486555303,0.01822133722301247,19.650047884611293,0.051265234458973026,1.8235111704961429,51.94226486555303,0.01822133722301247,66.66666667,"[5.901221007905522e-06, 5.045045502827511e-06, 5.018399093580603e-06]",0.39543873838173255,COMPLETE,1,3,2L2A_COUPLED_FREEC,legacy_price_return_abs_time
66,5.32209450877723e-06,18.829850566256702,0.04369582102247857,1.8867471671606029,51.21544101498248,0.0185615902455299,18.829850566256702,0.04369582102247857,1.8867471671606029,51.21544101498248,0.0185615902455299,66.66666667,"[5.905228080009468e-06, 5.0004667582191144e-06, 5.060588688103109e-06]",0.39575047259754975,COMPLETE,1,3,2L2A_COUPLED_FREEC,legacy_price_return_abs_time
149,5.323378886868373e-06,17.21202481070622,0.02041075480744041,1.2388793837929843,35.33793142795349,0.0239266565039151,17.21202481070622,0.02041075480744041,1.2388793837929843,35.33793142795349,0.0239266565039151,66.66666667,"[5.934780526425934e-06, 5.097515142655717e-06, 4.937840991523467e-06]",0.39492629198188234,COMPLETE,1,3,2L2A_COUPLED_FREEC,legacy_price_return_abs_time
123,5.323441662979236e-06,15.893171117802297,0.022111164957248703,1.6195259325792095,33.60071717346791,0.013246398563884187,15.893171117802297,0.022111164957248703,1.6195259325792095,33.60071717346791,0.013246398563884187,66.66666667,"[5.929562002805361e-06, 4.942677408344382e-06, 5.0980855777879634e-06]",0.3961455163710446,COMPLETE,1,3,2L2A_COUPLED_FREEC,legacy_price_return_abs_time
54,5.324180886123777e-06,28.17566385606602,0.048042288931418084,1.7784336803614416,40.692608569386906,0.014862484135112574,28.17566385606602,0.048042288931418084,1.7784336803614416,40.692608569386906,0.014862484135112574,66.66666667,"[5.919107801833328e-06, 4.953778929526741e-06, 5.099655927011264e-06]",0.39594155504246387,COMPLETE,1,3,2L2A_COUPLED_FREEC,legacy_price_return_abs_time
52,5.324344559805209e-06,7.905011751768709,0.06994758797037717,1.799107076336999,42.87977041811273,0.014775946692310023,7.905011751768709,0.06994758797037717,1.799107076336999,42.87977041811273,0.014775946692310023,66.66666667,"[5.9014909510303814e-06, 4.998520620302534e-06, 5.073022108082712e-06]",0.39550743006638694,COMPLETE,1,3,2L2A_COUPLED_FREEC,legacy_price_return_abs_time
142,5.3246098513937755e-06,11.117383990046728,0.01603442062972994,1.5318826367150764,41.51269372484033,0.014516181430758937,11.117383990046728,0.01603442062972994,1.5318826367150764,41.51269372484033,0.014516181430758937,66.66666667,"[5.911030620893579e-06, 5.115681761961254e-06, 4.947117171326494e-06]",0.39456869645453446,COMPLETE,1,3,2L2A_COUPLED_FREEC,legacy_price_return_abs_time
140,5.325407160094943e-06,24.26705387811897,0.011170730825174358,1.524728450782828,42.44016283058733,0.015046674612247277,24.26705387811897,0.011170730825174358,1.524728450782828,42.44016283058733,0.015046674612247277,66.66666667,"[5.913417547102857e-06, 5.122685350605204e-06, 4.940118582576764e-06]",0.3944328260692116,COMPLETE,1,3,2L2A_COUPLED_FREEC,legacy_price_return_abs_time
127,5.325818701532207e-06,21.51842314851277,0.017352206127410345,1.2605356684425095,34.85268803876652,0.020449187664911342,21.51842314851277,0.017352206127410345,1.2605356684425095,34.85268803876652,0.020449187664911342,66.66666667,"[5.933149522011112e-06, 5.116891102210051e-06, 4.927415480375457e-06]",0.39449810289953957,COMPLETE,1,3,2L2A_COUPLED_FREEC,legacy_price_return_abs_time
36,5.326223784328683e-06,26.769791925590948,0.6469502285036385,1.5042837795990436,31.84033424234045,0.021636288568095477,26.769791925590948,0.6469502285036385,1.5042837795990436,31.84033424234045,0.021636288568095477,66.66666667,"[5.9013886029484456e-06, 4.987899152720655e-06, 5.089383597316948e-06]",0.3953864310789041,COMPLETE,1,3,2L2A_COUPLED_FREEC,legacy_price_return_abs_time
111,5.326349625354581e-06,19.12265783058834,0.01740283657945553,1.5963216138418859,30.5821517102515,0.010083201589763252,19.12265783058834,0.01740283657945553,1.5963216138418859,30.5821517102515,0.010083201589763252,66.66666667,"[5.93696634844633e-06, 4.925384941544327e-06, 5.116697586073085e-06]",0.39598963131054293,COMPLETE,1,3,2L2A_COUPLED_FREEC,legacy_price_return_abs_time
94,5.326738627981365e-06,21.531013806666028,0.21953668300349902,1.901172642763101,49.396638220316206,0.01802341931122892,21.531013806666028,0.21953668300349902,1.901172642763101,49.396638220316206,0.01802341931122892,66.66666667,"[5.8962331444973645e-06, 5.008351685736446e-06, 5.075631053710286e-06]",0.39514913993546535,COMPLETE,1,3,2L2A_COUPLED_FREEC,legacy_price_return_abs_time
116,5.327190060217207e-06,25.47616117955098,0.05184349434024154,1.4053738805725866,37.21793628777061,0.014839501000571355,25.47616117955098,0.05184349434024154,1.4053738805725866,37.21793628777061,0.014839501000571355,66.66666667,"[5.916981478788617e-06, 5.135506682587729e-06, 4.929082019275275e-06]",0.3941460562575083,COMPLETE,1,3,2L2A_COUPLED_FREEC,legacy_price_return_abs_time
72,5.328560658434468e-06,12.744607955209354,0.10883286501021168,1.9823679334361062,71.01528969738527,0.03261280357704586,12.744607955209354,0.10883286501021168,1.9823679334361062,71.01528969738527,0.03261280357704586,66.66666667,"[5.890001711834989e-06, 5.046299045247556e-06, 5.049381218220859e-06]",0.3946246756515463,COMPLETE,1,3,2L2A_COUPLED_FREEC,legacy_price_return_abs_time
145,5.328717291311752e-06,13.858514706412501,0.01518581859537813,1.4557309282616246,36.93910990286413,0.036339047345134205,13.858514706412501,0.01518581859537813,1.4557309282616246,36.93910990286413,0.036339047345134205,66.66666667,"[5.950196505111335e-06, 4.909770726580659e-06, 5.126184642243263e-06]",0.395898336558433,COMPLETE,1,3,2L2A_COUPLED_FREEC,legacy_price_return_abs_time
122,5.329021587382799e-06,16.266048235586386,0.023661739601856552,1.6196364361786584,32.92484503465439,0.016073578341673563,16.266048235586386,0.023661739601856552,1.6196364361786584,32.92484503465439,0.016073578341673563,66.66666667,"[5.937529746820475e-06, 4.917539758832e-06, 5.131995256495924e-06]",0.3957616280051634,COMPLETE,1,3,2L2A_COUPLED_FREEC,legacy_price_return_abs_time
87,5.32941986588446e-06,11.207113005708957,0.06222694472565562,1.7343949693243759,64.66326526779889,0.02920878227633646,11.207113005708957,0.06222694472565562,1.7343949693243759,64.66326526779889,0.02920878227633646,66.66666667,"[5.89341544179598e-06, 5.1275869484787976e-06, 4.967257207378599e-06]",0.3938890120878149,COMPLETE,1,3,2L2A_COUPLED_FREEC,legacy_price_return_abs_time
110,5.330164678932961e-06,20.13242409080927,0.016747763140458623,1.5615079144308568,28.54753098670542,0.010207495625204939,20.13242409080927,0.016747763140458623,1.5615079144308568,28.54753098670542,0.010207495625204939,66.66666667,"[5.945022198840878e-06, 4.909276371301853e-06, 5.136195466656151e-06]",0.395726947686524,COMPLETE,1,3,2L2A_COUPLED_FREEC,legacy_price_return_abs_time
63,5.330413231462305e-06,19.759670447329185,0.05733471512619084,1.8410189849757748,42.60819081856103,0.018825328338978882,19.759670447329185,0.05733471512619084,1.8410189849757748,42.60819081856103,0.018825328338978882,66.66666667,"[5.921722736793483e-06, 4.9308862353310914e-06, 5.13863072226234e-06]",0.39545082570767853,COMPLETE,1,3,2L2A_COUPLED_FREEC,legacy_price_return_abs_time
130,5.330919024973309e-06,12.75130490411962,0.030407722552593434,1.500040340128864,39.10615760193037,0.010122797299511436,12.75130490411962,0.030407722552593434,1.500040340128864,39.10615760193037,0.010122797299511436,66.66666667,"[5.910002004205037e-06, 5.160588194298626e-06, 4.922166876416264e-06]",0.39351348393380264,COMPLETE,1,3,2L2A_COUPLED_FREEC,legacy_price_return_abs_time
118,5.331573898150081e-06,24.162931433229012,0.037423293435282695,1.4246412339437047,38.37602467583941,0.013028937158602412,24.162931433229012,0.037423293435282695,1.4246412339437047,38.37602467583941,0.013028937158602412,66.66666667,"[5.916392265527439e-06, 5.164036812543703e-06, 4.914292616379103e-06]",0.3934347170012245,COMPLETE,1,3,2L2A_COUPLED_FREEC,legacy_price_return_abs_time
62,5.331659568369086e-06,20.16759704336333,0.020637943211474923,1.415588167940171,43.694075331242125,0.019728566871353104,20.16759704336333,0.020637943211474923,1.415588167940171,43.694075331242125,0.019728566871353104,66.66666667,"[5.917975398293193e-06, 5.164035538225218e-06, 4.912967768588847e-06]",0.39343046277592175,COMPLETE,1,3,2L2A_COUPLED_FREEC,legacy_price_return_abs_time
65,5.3320006069361084e-06,19.39027237358409,0.05103810125279858,1.838325100476315,41.13486121119705,0.017340016817696813,19.39027237358409,0.05103810125279858,1.838325100476315,41.13486121119705,0.017340016817696813,66.66666667,"[5.924651749271211e-06, 4.923678254344057e-06, 5.147671817193057e-06]",0.39534421708918793,COMPLETE,1,3,2L2A_COUPLED_FREEC,legacy_price_return_abs_time
135,5.332280642323142e-06,19.465038142083813,0.016402745315637266,1.7236270430246545,39.81841247782266,0.024077273887505884,19.465038142083813,0.016402745315637266,1.7236270430246545,39.81841247782266,0.024077273887505884,66.66666667,"[5.935734460338208e-06, 4.911754003568852e-06, 5.149353463062364e-06]",0.3954451222553457,COMPLETE,1,3,2L2A_COUPLED_FREEC,legacy_price_return_abs_time
121,5.332970264566064e-06,15.610402773765161,0.023295712274940532,1.6426994471444951,33.1505813300139,0.01711901153332512,15.610402773765161,0.023295712274940532,1.6426994471444951,33.1505813300139,0.01711901153332512,66.66666667,"[5.940841000896305e-06, 4.906255977477318e-06, 5.1518138153245654e-06]",0.39543021381160176,COMPLETE,1,3,2L2A_COUPLED_FREEC,legacy_price_return_abs_time
84,5.333769982798602e-06,18.16461835446808,0.08901261410427985,1.7490169026913307,40.923510749419926,0.0260057488490866,18.16461835446808,0.08901261410427985,1.7490169026913307,40.923510749419926,0.0260057488490866,66.66666667,"[5.926653845501294e-06, 4.917880783929039e-06, 5.156775318965474e-06]",0.3952033409938398,COMPLETE,1,3,2L2A_COUPLED_FREEC,legacy_price_return_abs_time
76,5.334153524911124e-06,12.913398669364504,0.03657476351318343,1.55879436876412,46.60409656114529,0.04721841072527709,12.913398669364504,0.03657476351318343,1.55879436876412,46.60409656114529,0.04721841072527709,66.66666667,"[5.942319664113322e-06, 4.902943613740443e-06, 5.157197296879607e-06]",0.39533192311169135,COMPLETE,1,3,2L2A_COUPLED_FREEC,legacy_price_return_abs_time
143,5.3346224899079315e-06,0.3137862564269547,0.011421700993609302,1.502187913699052,43.69205744368203,0.03593961535596879,0.3137862564269547,0.011421700993609302,1.502187913699052,43.69205744368203,0.03593961535596879,66.66666667,"[5.884572432054684e-06, 5.075981880193956e-06, 5.043313157475157e-06]",0.3937045363030111,COMPLETE,1,3,2L2A_COUPLED_FREEC,legacy_price_return_abs_time
124,5.336574770722313e-06,16.19635091751148,0.026440316895568243,1.307069404334982,34.27485202958003,0.012630738659873601,16.19635091751148,0.026440316895568243,1.307069404334982,34.27485202958003,0.012630738659873601,66.66666667,"[5.925529580409337e-06, 5.1879376449112835e-06, 4.896257086846318e-06]",0.39272440206026094,COMPLETE,1,3,2L2A_COUPLED_FREEC,legacy_price_return_abs_time
38,5.33819812510941e-06,23.877339339063386,0.6963490591830823,1.613209355456445,32.04222373137435,0.023152592859077933,23.877339339063386,0.6963490591830823,1.613209355456445,32.04222373137435,0.023152592859077933,66.66666667,"[5.908742388178932e-06, 4.937147360919177e-06, 5.168704626230124e-06]",0.3945054498795493,COMPLETE,1,3,2L2A_COUPLED_FREEC,legacy_price_return_abs_time
98,5.338500262784795e-06,14.888076678234835,0.025805773400201962,1.5026529986415114,49.48564429102668,0.019017330645092097,14.888076678234835,0.025805773400201962,1.5026529986415114,49.48564429102668,0.019017330645092097,66.66666667,"[5.910503300857043e-06, 5.204759761549338e-06, 4.9002377259480014e-06]",0.3923297236310071,COMPLETE,1,3,2L2A_COUPLED_FREEC,legacy_price_return_abs_time
125,5.339269176603659e-06,22.924914658491204,0.019351984082106737,1.3304533488105963,36.39965938349586,0.012947714100443673,22.924914658491204,0.019351984082106737,1.3304533488105963,36.39965938349586,0.012947714100443673,66.66666667,"[5.925896795659141e-06, 5.20200979951488e-06, 4.8899009346369575e-06]",0.3923173582220116,COMPLETE,1,3,2L2A_COUPLED_FREEC,legacy_price_return_abs_time
53,5.339446116641338e-06,20.38153779012893,0.04169000497481801,1.7288228469428775,56.45142945633586,0.014433316030383253,20.38153779012893,0.04169000497481801,1.7288228469428775,56.45142945633586,0.014433316030383253,66.66666667,"[5.899863920759953e-06, 5.206566847377719e-06, 4.911907581786344e-06]",0.3921771325312006,COMPLETE,1,3,2L2A_COUPLED_FREEC,legacy_price_return_abs_time
126,5.340963384666336e-06,21.765890281591034,0.019373171136360473,1.2811066368867032,34.305073084767656,0.012613604124466923,21.765890281591034,0.019373171136360473,1.2811066368867032,34.305073084767656,0.012613604124466923,66.66666667,"[5.930509476494208e-06, 5.207101978481674e-06, 4.885278699023126e-06]",0.39210574929526226,COMPLETE,1,3,2L2A_COUPLED_FREEC,legacy_price_return_abs_time
134,5.34187347460683e-06,18.651587440996437,0.0121587510350096,1.717083730823795,39.04406554588659,0.028487616831914808,18.651587440996437,0.0121587510350096,1.717083730823795,39.04406554588659,0.028487616831914808,66.66666667,"[5.947707533284978e-06, 4.8877830279588874e-06, 5.190129862576624e-06]",0.3946250786330376,COMPLETE,1,3,2L2A_COUPLED_FREEC,legacy_price_return_abs_time
139,5.34202059338011e-06,24.651203502823797,0.013388881988241402,1.3881981066853184,42.3210243277258,0.015819818696143653,24.651203502823797,0.013388881988241402,1.3881981066853184,42.3210243277258,0.015819818696143653,66.66666667,"[5.922208802667397e-06, 5.2186283189172095e-06, 4.88522465855572e-06]",0.3918705010587155,COMPLETE,1,3,2L2A_COUPLED_FREEC,legacy_price_return_abs_time
68,5.343206390199865e-06,17.656218092515115,0.05484872604113847,1.9835923207428818,52.49745149135852,0.032475122219055026,17.656218092515115,0.05484872604113847,1.9835923207428818,52.49745149135852,0.032475122219055026,66.66666667,"[5.928025104918821e-06, 4.902930664577546e-06, 5.198663401103227e-06]",0.39429371041472633,COMPLETE,1,3,2L2A_COUPLED_FREEC,legacy_price_return_abs_time
70,5.343523655761012e-06,8.756937555885287,0.12065658509419679,1.9871060932764166,52.093629855865984,0.032473698762609055,8.756937555885287,0.12065658509419679,1.9871060932764166,52.093629855865984,0.032473698762609055,66.66666667,"[5.910127870055387e-06, 4.927671566497096e-06, 5.192771530730553e-06]",0.39400240731672914,COMPLETE,1,3,2L2A_COUPLED_FREEC,legacy_price_return_abs_time
106,5.343684549046643e-06,28.878345181219775,0.32966973346954953,1.156080672738715,35.0201556557112,0.024402370114682593,28.878345181219775,0.32966973346954953,1.156080672738715,35.0201556557112,0.024402370114682593,66.66666667,"[5.912996614570312e-06, 5.231217873284017e-06, 4.886839159285601e-06]",0.39155727755824205,COMPLETE,1,3,2L2A_COUPLED_FREEC,legacy_price_return_abs_time
44,5.3437392874867975e-06,14.586400884233438,0.189384838621115,1.2656701171504636,38.0438035889433,0.022779228757348335,14.586400884233438,0.189384838621115,1.2656701171504636,38.0438035889433,0.022779228757348335,66.66666667,"[5.903479210292165e-06, 5.231352456045712e-06, 4.896386196122515e-06]",0.39151939643223993,COMPLETE,1,3,2L2A_COUPLED_FREEC,legacy_price_return_abs_time
90,5.344243021623213e-06,12.183375801966095,0.4764795329422677,1.6692746424056755,54.59418702853513,0.03390213989458899,12.183375801966095,0.4764795329422677,1.6692746424056755,54.59418702853513,0.03390213989458899,66.66666667,"[5.881589754549941e-06, 5.128656487222972e-06, 5.022482823096724e-06]",0.39221776548773696,COMPLETE,1,3,2L2A_COUPLED_FREEC,legacy_price_return_abs_time
60,5.344992352714214e-06,27.27847361410652,0.019230513638851983,1.4528811750725854,42.79500409604646,0.012010699780774665,27.27847361410652,0.019230513638851983,1.4528811750725854,42.79500409604646,0.012010699780774665,66.66666667,"[5.9176116411106836e-06, 5.235966725614205e-06, 4.881398691417752e-06]",0.3913907762764963,COMPLETE,1,3,2L2A_COUPLED_FREEC,legacy_price_return_abs_time
50,5.346314773461252e-06,7.425642424884132,0.07502723860576806,1.7142536880676327,32.10003873761622,0.01690384249611904,7.425642424884132,0.07502723860576806,1.7142536880676327,32.10003873761622,0.01690384249611904,66.66666667,"[5.936165395553304e-06, 4.89192430893327e-06, 5.210854615897179e-06]",0.3940677810576194,COMPLETE,1,3,2L2A_COUPLED_FREEC,legacy_price_return_abs_time
86,5.347275378546481e-06,10.551337370962619,0.06692404534730077,1.7439577854511796,65.51478557912856,0.02152125027698587,10.551337370962619,0.06692404534730077,1.7439577854511796,65.51478557912856,0.02152125027698587,66.66666667,"[5.893039153350081e-06, 5.238676719540439e-06, 4.910110262748921e-06]",0.3910393103007483,COMPLETE,1,3,2L2A_COUPLED_FREEC,legacy_price_return_abs_time
136,5.347467528799161e-06,18.82048431925961,0.056388384308399715,1.726846751661424,37.07139206229023,0.027210505106321146,18.82048431925961,0.056388384308399715,1.726846751661424,37.07139206229023,0.027210505106321146,66.66666667,"[5.947821163986442e-06, 4.88185106741496e-06, 5.2127303549960835e-06]",0.39406004493833874,COMPLETE,1,3,2L2A_COUPLED_FREEC,legacy_price_return_abs_time
109,5.34837550072733e-06,19.874565771572637,0.010856115261341174,1.1679377261900215,30.160167132138486,0.011727943530814064,19.874565771572637,0.010856115261341174,1.1679377261900215,30.160167132138486,0.011727943530814064,66.66666667,"[5.945497880901903e-06, 5.228329818253117e-06, 4.87129880302697e-06]",0.39117159404659674,COMPLETE,1,3,2L2A_COUPLED_FREEC,legacy_price_return_abs_time
108,5.348508877957948e-06,29.678579316801947,0.023057661247184127,1.1485440073914353,29.331492732149947,0.011800082258774193,29.678579316801947,0.023057661247184127,1.1485440073914353,29.331492732149947,0.011800082258774193,66.66666667,"[5.947185530947502e-06, 5.227027768012253e-06, 4.871313334914092e-06]",0.39117289239068903,COMPLETE,1,3,2L2A_COUPLED_FREEC,legacy_price_return_abs_time
141,5.350075757069604e-06,24.07210637785122,0.010193743450935253,1.382015807262823,43.85905702590825,0.015490617510467371,24.07210637785122,0.010193743450935253,1.382015807262823,43.85905702590825,0.015490617510467371,66.66666667,"[5.9244605316841916e-06, 5.25616437425699e-06, 4.869602365267629e-06]",0.390693738944827,COMPLETE,1,3,2L2A_COUPLED_FREEC,legacy_price_return_abs_time
102,5.350523421118452e-06,26.038668757504116,0.14458440995862995,1.8753639686982413,35.59707055247826,0.012005462312409083,26.038668757504116,0.14458440995862995,1.8753639686982413,35.59707055247826,0.012005462312409083,66.66666667,"[5.93881772378946e-06, 4.88614901520652e-06, 5.226603524359376e-06]",0.3936615250175875,COMPLETE,1,3,2L2A_COUPLED_FREEC,legacy_price_return_abs_time
120,5.351456230510321e-06,0.18921179325327642,0.0233672526644095,1.6527022265661533,33.32120121631833,0.0164420356372645,0.18921179325327642,0.0233672526644095,1.6527022265661533,33.32120121631833,0.0164420356372645,66.66666667,"[5.8839037172561524e-06, 5.055768403998301e-06, 5.1146965702765075e-06]",0.3920199233194431,COMPLETE,1,3,2L2A_COUPLED_FREEC,legacy_price_return_abs_time
85,5.352540645803035e-06,1.0710895081388807,0.06760410730974309,1.8877815819922286,40.193889378942686,0.0221442411902383,1.0710895081388807,0.06760410730974309,1.8877815819922286,40.193889378942686,0.0221442411902383,66.66666667,"[5.894329389847207e-06, 4.96465053756217e-06, 5.1986420099997275e-06]",0.39266629814222814,COMPLETE,1,3,2L2A_COUPLED_FREEC,legacy_price_return_abs_time
29,5.3530831644779595e-06,10.604798760162108,2.1689229347928967,1.0328802801034276,23.529871675676834,0.05882207660460189,10.604798760162108,2.1689229347928967,1.0328802801034276,23.529871675676834,0.05882207660460189,66.66666667,"[5.886434686923908e-06, 5.0202370742497835e-06, 5.152577732260185e-06]",0.3921350632029741,COMPLETE,1,3,2L2A_COUPLED_FREEC,legacy_price_return_abs_time
131,5.355086432970002e-06,29.137966694244287,0.030238204384621586,1.0325849125391708,31.646985016513614,0.02042967412678801,29.137966694244287,0.030238204384621586,1.0325849125391708,31.646985016513614,0.02042967412678801,66.66666667,"[5.964066545153048e-06, 5.236218903003274e-06, 4.864973850753685e-06]",0.39043294456686056,COMPLETE,1,3,2L2A_COUPLED_FREEC,legacy_price_return_abs_time
48,5.356386642406978e-06,15.032517391583594,0.06132773650511443,1.7918404197505255,37.532327410173146,0.02714975400178393,15.032517391583594,0.06132773650511443,1.7918404197505255,37.532327410173146,0.02714975400178393,66.66666667,"[5.950890488041111e-06, 4.873330205172739e-06, 5.244939234007085e-06]",0.39316098513571024,COMPLETE,1,3,2L2A_COUPLED_FREEC,legacy_price_return_abs_time
34,5.358288067748442e-06,13.678661541880928,1.189358070456772,1.32031570745919,30.23991161532908,0.05907778562410295,13.678661541880928,1.189358070456772,1.32031570745919,30.23991161532908,0.05907778562410295,66.66666667,"[5.903980279900396e-06, 4.931543295260448e-06, 5.239340628084478e-06]",0.3923334796084908,COMPLETE,1,3,2L2A_COUPLED_FREEC,legacy_price_return_abs_time
7,5.359685822015901e-06,11.979871648376028,2.6633766414807205,-0.014889516126851632,16.93553772128483,0.07495418006230119,11.979871648376028,2.6633766414807205,-0.014889516126851632,16.93553772128483,0.07495418006230119,66.66666667,"[5.884184372775514e-06, 5.24256933980328e-06, 4.952303753468908e-06]",0.38961941171587217,COMPLETE,1,3,2L2A_COUPLED_FREEC,legacy_price_return_abs_time
104,5.360934929221189e-06,24.983541143273072,0.1361181692618578,1.7957760647846983,35.620543021517776,0.024494008647152066,24.983541143273072,0.1361181692618578,1.7957760647846983,35.620543021517776,0.024494008647152066,66.66666667,"[5.9530177707966805e-06, 4.869659690705851e-06, 5.2601273261610354e-06]",0.39269891408568625,COMPLETE,1,3,2L2A_COUPLED_FREEC,legacy_price_return_abs_time
57,5.364251234795106e-06,27.727782067771532,0.03738683236703708,1.7009037692699849,62.091820642804215,0.01314012182394847,27.727782067771532,0.03738683236703708,1.7009037692699849,62.091820642804215,0.01314012182394847,66.66666667,"[5.907382914302421e-06, 5.3257281123540005e-06, 4.859642677728899e-06]",0.3885266185788636,COMPLETE,1,3,2L2A_COUPLED_FREEC,legacy_price_return_abs_time
61,5.364875960666648e-06,29.330031300693207,0.02169233483703201,1.4096862631172042,43.77823601226638,0.010798276496933218,29.330031300693207,0.02169233483703201,1.4096862631172042,43.77823601226638,0.010798276496933218,66.66666667,"[5.9253253887012035e-06, 5.321177333586418e-06, 4.848125159712325e-06]",0.3885527599228206,COMPLETE,1,3,2L2A_COUPLED_FREEC,legacy_price_return_abs_time
100,5.369021131060553e-06,15.510553758385406,0.02711146194358428,1.9005527317293611,33.74110687628115,0.010962324801605083,15.510553758385406,0.02711146194358428,1.9005527317293611,33.74110687628115,0.010962324801605083,66.66666667,"[5.962306444586989e-06, 4.861169792817995e-06, 5.283587155776672e-06]",0.3919110082987985,COMPLETE,1,3,2L2A_COUPLED_FREEC,legacy_price_return_abs_time
129,5.371843450151475e-06,29.677046038566957,0.030387134792564316,1.0459842693225228,36.5790364770805,0.021161403504995128,29.677046038566957,0.030387134792564316,1.0459842693225228,36.5790364770805,0.021161403504995128,66.66666667,"[5.966212338304529e-06, 5.3060356392477155e-06, 4.84328237290218e-06]",0.38804311143538345,COMPLETE,1,3,2L2A_COUPLED_FREEC,legacy_price_return_abs_time
39,5.37282119223543e-06,2.374184583775968,1.27813463210174,1.6405369053981815,31.5116127243103,0.022598885390200128,2.374184583775968,1.27813463210174,1.6405369053981815,31.5116127243103,0.022598885390200128,66.66666667,"[5.891464456588469e-06, 5.0476948731567285e-06, 5.179304246961093e-06]",0.38976793672515475,COMPLETE,1,3,2L2A_COUPLED_FREEC,legacy_price_return_abs_time
12,5.376014283757309e-06,0.5888864912019911,0.4032830920146519,1.5760753497826925,26.566622590958865,0.02018645107448824,0.5888864912019911,0.4032830920146519,1.5760753497826925,26.566622590958865,0.02018645107448824,66.66666667,"[5.8936678613309995e-06, 5.018809705161634e-06, 5.215565284779291e-06]",0.3896570364265271,COMPLETE,1,3,2L2A_COUPLED_FREEC,legacy_price_return_abs_time
1,5.376992265552351e-06,4.38811396629603,9.46511712994645,0.6812535709018803,13.794409538717009,0.06443525850972678,4.38811396629603,9.46511712994645,0.6812535709018803,13.794409538717009,0.06443525850972678,66.66666667,"[5.89279117437476e-06, 5.121522099565491e-06, 5.116663522716803e-06]",0.38872248179922314,COMPLETE,1,3,2L2A_COUPLED_FREEC,legacy_price_return_abs_time
13,5.37762535176709e-06,24.48646257281147,1.3401550331842487,-1.9509864790435323,76.35687811734604,0.010618420008294051,24.48646257281147,1.3401550331842487,-1.9509864790435323,76.35687811734604,0.010618420008294051,66.66666667,"[5.900227275709169e-06, 5.375219773376778e-06, 4.8574290062153215e-06]",0.3866405594212745,COMPLETE,1,3,2L2A_COUPLED_FREEC,legacy_price_return_abs_time
78,5.381752657658215e-06,0.05185097690154933,0.034000877134112595,-1.4439664607595804,45.73988747734362,0.046200222908662644,0.05185097690154933,0.034000877134112595,-1.4439664607595804,45.73988747734362,0.046200222908662644,66.66666667,"[5.89480681822563e-06, 5.175538580804555e-06, 5.07491257394446e-06]",0.3877737113153438,COMPLETE,1,3,2L2A_COUPLED_FREEC,legacy_price_return_abs_time
96,5.382328291479899e-06,22.980998815570793,0.13809591916356403,1.52683640802154,59.827843239606196,0.018029651102983536,22.980998815570793,0.13809591916356403,1.52683640802154,59.827843239606196,0.018029651102983536,66.66666667,"[5.9099957524025134e-06, 5.397931785386157e-06, 4.8390573366510255e-06]",0.38597447950789254,COMPLETE,1,3,2L2A_COUPLED_FREEC,legacy_price_return_abs_time
28,5.382716165606497e-06,4.877636513725677,6.285899236886143,1.0319958487032415,22.554134574709693,0.04327023010705975,4.877636513725677,6.285899236886143,1.0319958487032415,22.554134574709693,0.04327023010705975,66.66666667,"[5.895171332250387e-06, 5.185979346145114e-06, 5.06699781842399e-06]",0.38758549004076676,COMPLETE,1,3,2L2A_COUPLED_FREEC,legacy_price_return_abs_time
77,5.385474462670195e-06,0.04063017100099473,0.03201550799426077,1.8419020135315147,46.06111663835085,0.04705208953705544,0.04063017100099473,0.03201550799426077,1.8419020135315147,46.06111663835085,0.04705208953705544,66.66666667,"[5.898639837697093e-06, 4.999834724135978e-06, 5.257948826177513e-06]",0.38878876470212737,COMPLETE,1,3,2L2A_COUPLED_FREEC,legacy_price_return_abs_time
25,5.38574292312441e-06,5.114634996730406,5.822605348233041,1.173940375425909,16.45557897475355,0.04096052634322761,5.114634996730406,5.822605348233041,1.173940375425909,16.45557897475355,0.04096052634322761,66.66666667,"[5.9003605882263366e-06, 4.972820253295369e-06, 5.284047927851524e-06]",0.3889817790946409,COMPLETE,1,3,2L2A_COUPLED_FREEC,legacy_price_return_abs_time
89,5.388815398678532e-06,6.1817971242721015,0.47009727060638545,1.67706734206986,63.53908406427611,0.028529394349070175,6.1817971242721015,0.47009727060638545,1.67706734206986,63.53908406427611,0.028529394349070175,66.66666667,"[5.8932051279803765e-06, 5.3333794421079774e-06, 4.939861625947242e-06]",0.38572745955126636,COMPLETE,1,3,2L2A_COUPLED_FREEC,legacy_price_return_abs_time
97,5.394578209864374e-06,15.510737499576063,0.08345873652733134,1.7757040937552313,77.99255944759163,0.08967304441837953,15.510737499576063,0.08345873652733134,1.7757040937552313,77.99255944759163,0.08967304441837953,66.66666667,"[5.974381275233003e-06, 4.8532393835410954e-06, 5.356113970819026e-06]",0.38921309125101494,COMPLETE,1,3,2L2A_COUPLED_FREEC,legacy_price_return_abs_time
117,5.39681943784933e-06,0.1705146667201646,0.038880116497175904,1.4636203213727366,37.567248421705195,0.01740761239095925,0.1705146667201646,0.038880116497175904,1.4636203213727366,37.567248421705195,0.01740761239095925,66.66666667,"[5.89789639671742e-06, 5.338224230621995e-06, 4.954337686208577e-06]",0.38482663137414824,COMPLETE,1,3,2L2A_COUPLED_FREEC,legacy_price_return_abs_time
74,5.408124604248918e-06,13.761330626428032,0.013928232062351519,1.5638332346029726,68.21076858426679,0.015131878394971533,13.761330626428032,0.013928232062351519,1.5638332346029726,68.21076858426679,0.015131878394971533,66.66666667,"[5.930687172021175e-06, 5.486439030162111e-06, 4.807247610563467e-06]",0.38250405911023727,COMPLETE,1,3,2L2A_COUPLED_FREEC,legacy_price_return_abs_time
59,5.4096800299015865e-06,29.63683290698234,0.029805077384595348,1.4631099202590048,57.628261630882754,0.012707612278698321,29.63683290698234,0.029805077384595348,1.4631099202590048,57.628261630882754,0.012707612278698321,66.66666667,"[5.9377243033156075e-06, 5.486773756591874e-06, 4.804542029797276e-06]",0.38235369657095813,COMPLETE,1,3,2L2A_COUPLED_FREEC,legacy_price_return_abs_time
88,5.410096503702617e-06,0.012029643643862175,0.06960637286005329,1.6646113096407598,63.686914590587286,0.03595150912359921,0.012029643643862175,0.06960637286005329,1.6646113096407598,63.686914590587286,0.03595150912359921,66.66666667,"[5.9095877848643834e-06, 5.32438808993261e-06, 4.996313636310859e-06]",0.38352058172513787,COMPLETE,1,3,2L2A_COUPLED_FREEC,legacy_price_return_abs_time
75,5.412895193327183e-06,13.197227528426478,0.014677081478042574,1.584719452405353,71.52547106535367,0.01549284654706596,13.197227528426478,0.014677081478042574,1.584719452405353,71.52547106535367,0.01549284654706596,66.66666667,"[5.9313087302646965e-06, 5.503383317927188e-06, 4.803993531789662e-06]",0.38184726430872135,COMPLETE,1,3,2L2A_COUPLED_FREEC,legacy_price_return_abs_time
45,5.413809576451057e-06,16.828249594610906,3.53462728076772,1.2456388108139285,39.370410071215524,0.029633788293409267,16.828249594610906,3.53462728076772,1.2456388108139285,39.370410071215524,0.029633788293409267,66.66666667,"[5.90476844173278e-06, 5.419154989714012e-06, 4.917505297906378e-06]",0.3823373276638355,COMPLETE,1,3,2L2A_COUPLED_FREEC,legacy_price_return_abs_time
132,5.414661835324965e-06,28.908788104822616,0.012463187184960313,1.047570369468195,31.516761480791033,0.010078429665139247,28.908788104822616,0.012463187184960313,1.047570369468195,31.516761480791033,0.010078429665139247,66.66666667,"[5.989104917490359e-06, 5.443739466092863e-06, 4.8111411223916726e-06]",0.38231952384614615,COMPLETE,1,3,2L2A_COUPLED_FREEC,legacy_price_return_abs_time
46,5.418266497963211e-06,13.774567701470838,15.965738574724096,0.4100841296197967,38.3993674102301,0.07009493817150225,13.774567701470838,15.965738574724096,0.4100841296197967,38.3993674102301,0.07009493817150225,66.66666667,"[5.911739725761439e-06, 5.382320048337011e-06, 4.960739719791187e-06]",0.3821671805401163,COMPLETE,1,3,2L2A_COUPLED_FREEC,legacy_price_return_abs_time
42,5.434955432914455e-06,3.0502948468860804,0.16907503667727797,1.2483875856768738,48.31578363501691,0.02515695864671648,3.0502948468860804,0.16907503667727797,1.2483875856768738,48.31578363501691,0.02515695864671648,66.66666667,"[5.912577791655561e-06, 5.558065124864773e-06, 4.834223382223032e-06]",0.3789302134489401,COMPLETE,1,3,2L2A_COUPLED_FREEC,legacy_price_return_abs_time
82,5.442394681387927e-06,1.3653093557437832,0.04536362693329415,1.1029235816049257,40.256239633642835,0.021253526162333027,1.3653093557437832,0.04536362693329415,1.1029235816049257,40.256239633642835,0.021253526162333027,66.66666667,"[5.924425250264623e-06, 5.604352773876344e-06, 4.798406020022811e-06]",0.3777817465416038,COMPLETE,1,3,2L2A_COUPLED_FREEC,legacy_price_return_abs_time
58,5.443462290410679e-06,29.289734036918947,0.025478213784361513,1.422953221137565,60.73989615468357,0.012302313748528632,29.289734036918947,0.025478213784361513,1.422953221137565,60.73989615468357,0.012302313748528632,66.66666667,"[5.957796345311328e-06, 5.589721906689295e-06, 4.782868619231411e-06]",0.3778902082148467,COMPLETE,1,3,2L2A_COUPLED_FREEC,legacy_price_return_abs_time
73,5.448037994186089e-06,3.851652614163826,0.01497706844290725,1.6485221486566393,71.21416003865663,0.010046813306785684,3.851652614163826,0.01497706844290725,1.6485221486566393,71.21416003865663,0.010046813306785684,66.66666667,"[5.938294338810917e-06, 5.621465856110587e-06, 4.784353787636763e-06]",0.3770708342084887,COMPLETE,1,3,2L2A_COUPLED_FREEC,legacy_price_return_abs_time
93,5.460555787884817e-06,23.93739783623413,0.24347215373874498,1.3422720854829913,54.68044067036569,0.013798775436052175,23.93739783623413,0.24347215373874498,1.3422720854829913,54.68044067036569,0.013798775436052175,66.66666667,"[5.945822594294186e-06, 5.659056793688364e-06, 4.776787975671902e-06]",0.3754216735368074,COMPLETE,1,3,2L2A_COUPLED_FREEC,legacy_price_return_abs_time
47,5.4660213952176e-06,7.706961350005071,3.208658252887159,-0.09254913328822023,35.90327520226014,0.060471380230269246,7.706961350005071,3.208658252887159,-0.09254913328822023,35.90327520226014,0.060471380230269246,66.66666667,"[5.930376065397814e-06, 5.602004077288316e-06, 4.86568404296667e-06]",0.3752307393057978,COMPLETE,1,3,2L2A_COUPLED_FREEC,legacy_price_return_abs_time
49,5.470743480191302e-06,7.348164033854489,0.07884828972690187,1.7524487649030878,33.732653049309754,0.06154885271264533,7.348164033854489,0.07884828972690187,1.7524487649030878,33.732653049309754,0.06154885271264533,66.66666667,"[6.045505959967307e-06, 4.85266617748168e-06, 5.514058303124918e-06]",0.3811013499476947,COMPLETE,1,3,2L2A_COUPLED_FREEC,legacy_price_return_abs_time
51,5.474851432876119e-06,6.9427229730651545,0.10413433775290894,0.8810972611742428,31.41963656801873,0.01707108601348136,6.9427229730651545,0.10413433775290894,0.8810972611742428,31.41963656801873,0.01707108601348136,66.66666667,"[5.986488289399568e-06, 5.667506062197267e-06, 4.7705599470315225e-06]",0.3739188753623064,COMPLETE,1,3,2L2A_COUPLED_FREEC,legacy_price_return_abs_time
92,5.4984454569712955e-06,6.100471268503857,0.20449943123134115,1.330337645543044,52.627938992682346,0.014058773695657853,6.100471268503857,0.20449943123134115,1.330337645543044,52.627938992682346,0.014058773695657853,66.66666667,"[5.947281055738054e-06, 5.7725851981593035e-06, 4.77547011701653e-06]",0.370362900455266,COMPLETE,1,3,2L2A_COUPLED_FREEC,legacy_price_return_abs_time
91,5.54222578304642e-06,6.220723728612959,0.42112794119119834,1.3438374381436633,56.0615963783952,0.014778574944414986,6.220723728612959,0.42112794119119834,1.3438374381436633,56.0615963783952,0.014778574944414986,66.66666667,"[5.966785175722451e-06, 5.884955173334782e-06, 4.774937000082029e-06]",0.36472630552115914,COMPLETE,1,3,2L2A_COUPLED_FREEC,legacy_price_return_abs_time
37,5.559792082096773e-06,23.888191677648738,0.6670186507996934,1.6012953747777432,25.322519085849127,0.07734088648678843,23.888191677648738,0.6670186507996934,1.6012953747777432,25.322519085849127,0.07734088648678843,66.66666667,"[6.1156182433101095e-06, 4.8934742719177765e-06, 5.670283731062434e-06]",0.3712423216532592,COMPLETE,1,3,2L2A_COUPLED_FREEC,legacy_price_return_abs_time
14,5.573590688104886e-06,1.9600376661358034,3.64571234586978,0.7834996562453624,19.096894008521254,0.01675770058351453,1.9600376661358034,3.64571234586978,0.7834996562453624,19.096894008521254,0.01675770058351453,66.66666667,"[5.988544541768781e-06, 5.93265479549129e-06, 4.799572727054585e-06]",0.360976702042231,COMPLETE,1,3,2L2A_COUPLED_FREEC,legacy_price_return_abs_time
3,5.584879935141241e-06,5.203753515142081,1.39808390718693,-0.31900625060979415,44.020263618615225,0.21021311827328157,5.203753515142081,1.39808390718693,-0.31900625060979415,44.020263618615225,0.21021311827328157,66.66666667,"[6.061888419997436e-06, 4.941834680105933e-06, 5.750916705320356e-06]",0.3679309668755813,COMPLETE,1,3,2L2A_COUPLED_FREEC,legacy_price_return_abs_time
27,5.601202026698503e-06,5.779151640590634,8.325251900628421,0.23290839559267995,15.688674384877046,0.042651654704713736,5.779151640590634,8.325251900628421,0.23290839559267995,15.688674384877046,0.042651654704713736,66.66666667,"[6.003596833451839e-06, 6.017310053682853e-06, 4.782699192960818e-06]",0.3573200550780058,COMPLETE,1,3,2L2A_COUPLED_FREEC,legacy_price_return_abs_time
41,5.615815153849191e-06,3.1027326193086813,1.2455090712596095,1.2501006919338136,50.20952268619605,0.19421657949567775,3.1027326193086813,1.2455090712596095,1.2501006919338136,50.20952268619605,0.19421657949567775,66.66666667,"[6.081250066312307e-06, 4.9641875439157215e-06, 5.802007851319544e-06]",0.3644241668563952,COMPLETE,1,3,2L2A_COUPLED_FREEC,legacy_price_return_abs_time
24,5.629639000558957e-06,5.161959114012463,8.1043614944519,0.25079094988487627,15.853138330309102,0.0400389570280688,5.161959114012463,8.1043614944519,0.25079094988487627,15.853138330309102,0.0400389570280688,66.66666667,"[6.021006342260643e-06, 6.095016828752688e-06, 4.772893830663542e-06]",0.35363634066081406,COMPLETE,1,3,2L2A_COUPLED_FREEC,legacy_price_return_abs_time
20,5.6450086823547485e-06,0.38769965641532844,0.28336882668438523,1.9530310654656955,28.465659302340836,0.10016323553151477,0.38769965641532844,0.28336882668438523,1.9530310654656955,28.465659302340836,0.10016323553151477,66.66666667,"[6.106973552620494e-06, 4.982287452433816e-06, 5.8457650420099374e-06]",0.36116296010381665,COMPLETE,1,3,2L2A_COUPLED_FREEC,legacy_price_return_abs_time
146,5.718098598414138e-06,14.321126670514404,0.014269950002082765,1.44393399639665,39.12412814204608,0.14104767947845828,14.321126670514404,0.014269950002082765,1.44393399639665,39.12412814204608,0.14104767947845828,66.66666667,"[6.312919164752106e-06, 4.982929076167373e-06, 5.858447554322935e-06]",0.35381481379560276,COMPLETE,1,3,2L2A_COUPLED_FREEC,legacy_price_return_abs_time
8,5.72155426899815e-06,0.21195124158002313,0.03841823671966845,-0.020493770494431907,37.54282153593378,0.036159444998826916,0.21195124158002313,0.03841823671966845,-0.020493770494431907,37.54282153593378,0.036159444998826916,36.66666667,"[6.084830640576433e-06, 6.349846473605835e-06, 4.729985692812179e-06]",0.34172471598787996,COMPLETE,1,3,2L2A_COUPLED_FREEC,legacy_price_return_abs_time
26,5.761764931284555e-06,4.96295054619603,7.809430723277187,0.18293221455302539,16.03037607058241,0.03396521710236631,4.96295054619603,7.809430723277187,0.18293221455302539,16.03037607058241,0.03396521710236631,36.66666667,"[6.112405541766067e-06, 6.432852084146925e-06, 4.740037167940674e-06]",0.33674114989873977,COMPLETE,1,3,2L2A_COUPLED_FREEC,legacy_price_return_abs_time
79,5.802285294302955e-06,22.540599821062262,0.030411137679995946,-1.293091955681934,46.66809615734652,0.048379050952820676,22.540599821062262,0.030411137679995946,-1.293091955681934,46.66809615734652,0.048379050952820676,66.66666667,"[6.441435742276905e-06, 5.619717966377119e-06, 5.345702174254837e-06]",0.33989323227160934,COMPLETE,1,3,2L2A_COUPLED_FREEC,legacy_price_return_abs_time
15,5.821385300577594e-06,1.8063876252662743,4.174384503057622,0.573274816818374,17.06410432842573,0.01422092394454711,1.8063876252662743,4.174384503057622,0.573274816818374,17.06410432842573,0.01422092394454711,33.66666667,"[6.1595335657757184e-06, 6.5701381159081255e-06, 4.734484220048938e-06]",0.32925811543154865,COMPLETE,1,3,2L2A_COUPLED_FREEC,legacy_price_return_abs_time
17,5.823916200616448e-06,0.7668033408151274,0.2909766054098738,0.6510674737342059,19.645237346803604,0.01032488746812788,0.7668033408151274,0.2909766054098738,0.6510674737342059,19.645237346803604,0.01032488746812788,33.333333339999996,"[6.166531133148093e-06, 6.584238465891186e-06, 4.720979002810066e-06]",0.32889022150944114,COMPLETE,1,3,2L2A_COUPLED_FREEC,legacy_price_return_abs_time
43,5.889506005860296e-06,17.342230197736942,0.1655380600334104,1.2548999863386694,43.644497403396834,0.20048934581917835,17.342230197736942,0.1655380600334104,1.2548999863386694,43.644497403396834,0.20048934581917835,66.66666667,"[6.455676025558671e-06, 5.127782331601197e-06, 6.085059660421019e-06]",0.33433040157035165,COMPLETE,1,3,2L2A_COUPLED_FREEC,legacy_price_return_abs_time
147,5.905558496891171e-06,29.58302127907498,0.01930088229732564,0.7655871131659587,36.8309505866774,0.1636512617991978,29.58302127907498,0.01930088229732564,0.7655871131659587,36.8309505866774,0.1636512617991978,66.66666667,"[6.598305207406041e-06, 5.108290503965605e-06, 6.0100797793018655e-06]",0.333189379398099,COMPLETE,1,3,2L2A_COUPLED_FREEC,legacy_price_return_abs_time
35,5.951258039392239e-06,22.322073481238153,0.7787945780468252,1.523619098052344,12.253117628615042,0.06598118002810842,22.322073481238153,0.7787945780468252,1.523619098052344,12.253117628615042,0.06598118002810842,66.66666667,"[6.497250369316587e-06, 5.186940067396631e-06, 6.169583681463497e-06]",0.32722298735755156,COMPLETE,1,3,2L2A_COUPLED_FREEC,legacy_price_return_abs_time
23,6.082054551393497e-06,0.10506659079602712,0.39700462865466846,-0.9145508682039554,29.275681988526184,0.3516225059964237,0.10506659079602712,0.39700462865466846,-0.9145508682039554,29.275681988526184,0.3516225059964237,66.66666667,"[6.522882069301432e-06, 5.337792666345792e-06, 6.385488918533268e-06]",0.3117616726703692,COMPLETE,1,3,2L2A_COUPLED_FREEC,legacy_price_return_abs_time
18,6.1799108941553245e-06,0.4862674607043124,0.010417678753620397,1.9630666639981262,19.544156360578086,0.12417729146201638,0.4862674607043124,0.010417678753620397,1.9630666639981262,19.544156360578086,0.12417729146201638,66.66666667,"[6.7013376022088744e-06, 5.401372450097057e-06, 6.437022630160043e-06]",0.3011052915558926,COMPLETE,1,3,2L2A_COUPLED_FREEC,legacy_price_return_abs_time
19,6.634170683981807e-06,0.547807946740263,0.27291356628072627,1.9171087032787733,10.074019689606633,0.1298566246171943,0.547807946740263,0.27291356628072627,1.9171087032787733,10.074019689606633,0.1298566246171943,70.0,"[7.123252019162507e-06, 5.845646049016998e-06, 6.933613983765914e-06]",0.24912445593956245,COMPLETE,1,3,2L2A_COUPLED_FREEC,legacy_price_return_abs_time
21,6.7073665400037165e-06,0.2787856143450243,0.013311623427790766,1.8515771408048536,10.413730892382977,0.11269993324307147,0.2787856143450243,0.013311623427790766,1.8515771408048536,10.413730892382977,0.11269993324307147,100.0,"[7.229471501376144e-06, 5.908472938525511e-06, 6.984155180109492e-06]",0.2409427398169972,COMPLETE,1,3,2L2A_COUPLED_FREEC,legacy_price_return_abs_time
16,6.774404165446028e-06,1.2182589082440551,2.548426402189036,0.5325686226797264,79.74830750452993,0.01075586423985673,1.2182589082440551,2.548426402189036,0.5325686226797264,79.74830750452993,0.01075586423985673,33.333333339999996,"[7.231028932515033e-06, 8.11889549558802e-06, 4.973288068235032e-06]",0.21585685779268574,COMPLETE,1,3,2L2A_COUPLED_FREEC,legacy_price_return_abs_time
22,6.814611195781388e-06,0.10368402277960453,0.336189248544388,1.959802258713398,10.310570747551273,0.2319461466774282,0.10368402277960453,0.336189248544388,1.959802258713398,10.310570747551273,0.2319461466774282,100.0,"[7.297182641136028e-06, 6.0240180327853304e-06, 7.1226329134228055e-06]",0.2284819680694119,COMPLETE,1,3,2L2A_COUPLED_FREEC,legacy_price_return_abs_time
6,6.827492258799773e-06,1.9117900189812007,9.78992138602762,1.103156981809474,37.266266003504626,0.6229899041340657,1.9117900189812007,9.78992138602762,1.103156981809474,37.266266003504626,0.6229899041340657,100.0,"[7.30638622850873e-06, 6.037688191912701e-06, 7.138402355977887e-06]",0.2269904499401201,COMPLETE,1,3,2L2A_COUPLED_FREEC,legacy_price_return_abs_time
112,6.896387625442905e-06,19.73988201352636,0.012255137441037617,1.5728562218039759,27.430413738784633,0.3717909306870467,19.73988201352636,0.012255137441037617,1.5728562218039759,27.430413738784633,0.3717909306870467,100.0,"[7.4344515718429125e-06, 6.090362024830719e-06, 7.164349279655084e-06]",0.21943220877587077,COMPLETE,1,3,2L2A_COUPLED_FREEC,legacy_price_return_abs_time
115,7.013931477336901e-06,24.637772164062493,0.03485193674025788,1.4861732429761325,38.44647987296511,0.4344511511545561,24.637772164062493,0.03485193674025788,1.4861732429761325,38.44647987296511,0.4344511511545561,100.0,"[7.550715486019205e-06, 6.2064550488293784e-06, 7.284623897162121e-06]",0.20599554316306593,COMPLETE,1,3,2L2A_COUPLED_FREEC,legacy_price_return_abs_time
30,7.097309191256083e-06,10.063029059796241,2.0668346174667125,0.9265927865957531,22.678134399510338,0.6418292682065642,10.063029059796241,2.0668346174667125,0.9265927865957531,22.678134399510338,0.6418292682065642,100.0,"[7.59973824064985e-06, 6.296728665452331e-06, 7.395460667666069e-06]",0.1962926067250094,COMPLETE,1,3,2L2A_COUPLED_FREEC,legacy_price_return_abs_time
31,7.459490322995094e-06,10.777449323693798,2.1168005082722727,0.9377471890447494,26.418498617423946,0.8315106715466213,10.777449323693798,2.1168005082722727,0.9377471890447494,26.418498617423946,0.8315106715466213,100.0,"[7.96840794114666e-06, 6.647954740077303e-06, 7.76210828776132e-06]",0.1549768001297682,COMPLETE,1,3,2L2A_COUPLED_FREEC,legacy_price_return_abs_time
32,7.527330696019385e-06,11.15129436392465,2.242246138825066,-0.2573666385062857,12.228566383137156,0.7442213838703705,11.15129436392465,2.242246138825066,-0.2573666385062857,12.228566383137156,0.7442213838703705,100.0,"[8.045597675935471e-06, 6.71045348217527e-06, 7.825940929947412e-06]",0.14729064385955248,COMPLETE,1,3,2L2A_COUPLED_FREEC,legacy_price_return_abs_time
33,7.629279480192323e-06,10.720795443152626,0.5939984733081564,1.4617545778156478,33.36518108088918,0.8152130701623267,10.720795443152626,0.5939984733081564,1.4617545778156478,33.36518108088918,0.8152130701623267,100.0,"[8.14287139632875e-06, 6.808971876260427e-06, 7.935995167987792e-06]",0.135642579648434,COMPLETE,1,3,2L2A_COUPLED_FREEC,legacy_price_return_abs_time
71,8.343277625446278e-06,9.282633394344641,0.10103869214037706,1.991226927064447,50.31889568519575,1.427460898205488,9.282633394344641,0.10103869214037706,1.991226927064447,50.31889568519575,1.427460898205488,100.0,"[8.843015624885493e-06, 7.458848601371091e-06, 8.727968650082248e-06]",0.05444839448951477,COMPLETE,1,3,2L2A_COUPLED_FREEC,legacy_price_return_abs_time
10,8.456785931698658e-06,0.027495186513759963,0.9667305744115857,-0.668653860657082,23.56049725603689,2.235418656418539,0.027495186513759963,0.9667305744115857,-0.668653860657082,23.56049725603689,2.235418656418539,100.0,"[8.952532261661237e-06, 7.556102327371373e-06, 8.861723206063363e-06]",0.041583361566457,COMPLETE,1,3,2L2A_COUPLED_FREEC,legacy_price_return_abs_time
69,8.561891959995837e-06,8.763272505872614,0.10872585410821584,1.985371156576587,52.148475926494015,1.9662506776389161,8.763272505872614,0.10872585410821584,1.985371156576587,52.148475926494015,1.9662506776389161,100.0,"[9.049775305801482e-06, 7.641911354220387e-06, 8.993989219965641e-06]",0.02969124027196124,COMPLETE,1,3,2L2A_COUPLED_FREEC,legacy_price_return_abs_time
2,8.658315709508074e-06,0.14027237340774723,0.08202527129673812,1.3744637052216837,23.44212353122095,2.8755461505949618,0.14027237340774723,0.08202527129673812,1.3744637052216837,23.44212353122095,2.8755461505949618,100.0,"[9.139644382969059e-06, 7.719401031094183e-06, 9.115901714460978e-06]",0.018793482156022057,COMPLETE,1,3,2L2A_COUPLED_FREEC,legacy_price_return_abs_time
83,8.771524115833361e-06,17.094026350606892,0.046717369315477764,1.87753558033342,41.34426864257661,3.978994167775535,17.094026350606892,0.046717369315477764,1.87753558033342,41.34426864257661,3.978994167775535,100.0,"[9.242845287607658e-06, 7.806668332024134e-06, 9.265058727868292e-06]",0.0060210414533912555,COMPLETE,1,3,2L2A_COUPLED_FREEC,legacy_price_return_abs_time
4,8.78819229622743e-06,0.01925746329137049,24.001619779035675,-1.0043899827845149,13.507277476001741,7.759777607818436,0.01925746329137049,24.001619779035675,-1.0043899827845149,13.507277476001741,7.759777607818436,100.0,"[9.25792371361454e-06, 7.819209188302898e-06, 9.287443986764857e-06]",0.004142593152172728,COMPLETE,1,3,2L2A_COUPLED_FREEC,legacy_price_return_abs_time
80,8.788910864056707e-06,22.632552784177175,0.04468620069756439,1.8414068355976856,45.797616337431705,7.221086504190256,22.632552784177175,0.04468620069756439,1.8414068355976856,45.797616337431705,7.221086504190256,100.0,"[9.258572243578681e-06, 7.819747402046885e-06, 9.288412946544557e-06]",0.0040616275539074875,COMPLETE,1,3,2L2A_COUPLED_FREEC,legacy_price_return_abs_time
5,8.789380917657194e-06,0.02812586188555818,16.71185444850107,0.12912061575947087,14.029177067847803,12.876182677490453,0.02812586188555818,16.71185444850107,0.12912061575947087,14.029177067847803,12.876182677490453,100.0,"[9.258996491158786e-06, 7.820099418671266e-06, 9.28904684314153e-06]",0.004008664125374373,COMPLETE,1,3,2L2A_COUPLED_FREEC,legacy_price_return_abs_time
0,8.789385310411181e-06,11.028480866863042,0.5298473230464377,-0.34038544086866906,47.90634886641252,11.916123556906777,11.028480866863042,0.5298473230464377,-0.34038544086866906,47.90634886641252,11.916123556906777,100.0,"[9.25900045551679e-06, 7.820102707882543e-06, 9.28905276783421e-06]",0.004008169173158309,COMPLETE,1,3,2L2A_COUPLED_FREEC,legacy_price_return_abs_time
9,8.789387071138488e-06,0.01131602950413328,0.07395111337154092,1.4959288364845884,48.55077376087821,14.8684521459572,0.01131602950413328,0.07395111337154092,1.4959288364845884,48.55077376087821,14.8684521459572,100.0,"[9.259002044533499e-06, 7.820104026281609e-06, 9.289055142600356e-06]",0.0040079707837528495,COMPLETE,1,3,2L2A_COUPLED_FREEC,legacy_price_return_abs_time
40,8.789387995010935e-06,26.725595435627977,1.0414781838505012,-0.5423092011828716,56.98706870468209,32.054176126398886,26.725595435627977,1.0414781838505012,-0.5423092011828716,56.98706870468209,32.054176126398886,100.0,"[9.259002878306669e-06, 7.82010471805881e-06, 9.289056388667328e-06]",0.004007866686714416,COMPLETE,1,3,2L2A_COUPLED_FREEC,legacy_price_return_abs_time
81,8.79452003569869e-06,16.90306910013649,0.04479558484198799,-1.6037830776889557,35.753596434046436,5.5344107642732085,16.90306910013649,0.04479558484198799,-1.6037830776889557,35.753596434046436,5.5344107642732085,100.0,"[9.26363549731943e-06, 7.823945170209281e-06, 9.295979439567358e-06]",0.0034296376853062047,COMPLETE,1,3,2L2A_COUPLED_FREEC,legacy_price_return_abs_time
11,8.969393363121812e-06,16.069156934693826,0.13606967315043536,-1.5653330143912583,12.410343960504395,2.9390122340881604,16.069156934693826,0.13606967315043536,-1.5653330143912583,12.410343960504395,2.9390122340881604,100.0,"[9.421283540337244e-06, 7.950617981050293e-06, 9.536278567977897e-06]",-0.016240444168915236,COMPLETE,1,3,2L2A_COUPLED_FREEC,legacy_price_return_abs_time
124,6.186682442486333e-06,14.24113751527213,0.013888124321818362,0.9925753717382167,75.54300801113794,0.047617076210108585,14.24113751527213,0.013888124321818362,0.9925753717382167,75.54300801113794,0.047617076210108585,70.0,"[7.168421666698449e-06, 5.604107923817188e-06, 5.787517736943363e-06]",0.29923467472887916,COMPLETE,1,5,2L2A_COUPLED_FREEC,legacy_price_return_abs_time
127,6.187043125541723e-06,6.549774603150738,0.019200725118399622,0.9980319001909135,69.07229052135784,0.04955151500747733,6.549774603150738,0.019200725118399622,0.9980319001909135,69.07229052135784,0.04955151500747733,70.0,"[7.158988421760049e-06, 5.605439326923418e-06, 5.796701627941705e-06]",0.2991552641670359,COMPLETE,1,5,2L2A_COUPLED_FREEC,legacy_price_return_abs_time
130,6.1875249927341434e-06,14.889764804236346,0.020229522371096608,0.9651489404919396,75.28385592922697,0.05081886266474304,14.889764804236346,0.020229522371096608,0.9651489404919396,75.28385592922697,0.05081886266474304,70.0,"[7.177133064160135e-06, 5.57737979454669e-06, 5.808062119495605e-06]",0.29938387301882885,COMPLETE,1,5,2L2A_COUPLED_FREEC,legacy_price_return_abs_time
122,6.1888945972210815e-06,10.568849126817726,0.019440845695328245,1.1167993477333344,68.83230524253415,0.049341159714056754,10.568849126817726,0.019440845695328245,1.1167993477333344,68.83230524253415,0.049341159714056754,70.0,"[7.165439696239579e-06, 5.580368757403247e-06, 5.820875338020418e-06]",0.29917359852241476,COMPLETE,1,5,2L2A_COUPLED_FREEC,legacy_price_return_abs_time
134,6.189123582380874e-06,14.725018583082852,0.010422062300934423,0.8847057337841995,71.29378273078326,0.0495721184452737,14.725018583082852,0.010422062300934423,0.8847057337841995,71.29378273078326,0.0495721184452737,70.0,"[7.195192336280757e-06, 5.562325461043606e-06, 5.809852949818259e-06]",0.2993854401755022,COMPLETE,1,5,2L2A_COUPLED_FREEC,legacy_price_return_abs_time
22,6.189629005192412e-06,10.10291450721804,0.01057946557797784,1.2867205056632118,44.402519836295426,0.0312712077221257,10.10291450721804,0.01057946557797784,1.2867205056632118,44.402519836295426,0.0312712077221257,70.0,"[7.158706416110696e-06, 5.588855464300663e-06, 5.821325135165878e-06]",0.2990041495377676,COMPLETE,1,5,2L2A_COUPLED_FREEC,legacy_price_return_abs_time
114,6.190008359805351e-06,11.712662813138873,0.019806690227832612,1.2373104287572032,65.11212772474822,0.035572069482760246,11.712662813138873,0.019806690227832612,1.2373104287572032,65.11212772474822,0.035572069482760246,70.0,"[7.127216013872155e-06, 5.699862790928079e-06, 5.742946274615817e-06]",0.29797397607270437,COMPLETE,1,5,2L2A_COUPLED_FREEC,legacy_price_return_abs_time
118,6.19024579884231e-06,13.82104040339423,0.010116672869344548,1.2224641361378041,69.76962203506007,0.03593401547607976,13.82104040339423,0.010116672869344548,1.2224641361378041,69.76962203506007,0.03593401547607976,70.0,"[7.1298158317088135e-06, 5.704668298329452e-06, 5.736253266488662e-06]",0.2979174259911323,COMPLETE,1,5,2L2A_COUPLED_FREEC,legacy_price_return_abs_time
77,6.190312471933864e-06,9.402394536387796,0.021486525159477226,1.330091013342577,46.05564836533984,0.022432988031921036,9.402394536387796,0.021486525159477226,1.330091013342577,46.05564836533984,0.022432988031921036,70.0,"[7.124644800693266e-06, 5.69624632432543e-06, 5.750046290782898e-06]",0.2979617238067712,COMPLETE,1,5,2L2A_COUPLED_FREEC,legacy_price_return_abs_time
125,6.19054644728066e-06,14.387505812749913,0.02026450057212144,1.347213814988795,74.72513926735175,0.04502484538668823,14.387505812749913,0.02026450057212144,1.347213814988795,74.72513926735175,0.04502484538668823,70.0,"[7.149449917387501e-06, 5.604862330013111e-06, 5.817327094441369e-06]",0.2987464634696022,COMPLETE,1,5,2L2A_COUPLED_FREEC,legacy_price_return_abs_time
111,6.190962673941099e-06,10.683231950387007,0.019425721400658118,1.383763679167887,64.04036402126086,0.031876080680744205,10.683231950387007,0.019425721400658118,1.383763679167887,64.04036402126086,0.031876080680744205,70.0,"[7.122274360192963e-06, 5.697917415840041e-06, 5.752696245790292e-06]",0.2978697198776487,COMPLETE,1,5,2L2A_COUPLED_FREEC,legacy_price_return_abs_time
119,6.191188074953647e-06,11.262111878293046,0.010449172938168721,1.1841822546648142,72.70473153734261,0.03691434824489357,11.262111878293046,0.010449172938168721,1.1841822546648142,72.70473153734261,0.03691434824489357,70.0,"[7.129142606116616e-06, 5.7148020081033e-06, 5.729619610641026e-06]",0.29773073290804236,COMPLETE,1,5,2L2A_COUPLED_FREEC,legacy_price_return_abs_time
110,6.1912451479961595e-06,10.73945736186295,0.020443387093891114,1.2539991834479318,64.53546034678594,0.034092988098424946,10.73945736186295,0.020443387093891114,1.2539991834479318,64.53546034678594,0.034092988098424946,70.0,"[7.122873893674946e-06, 5.715202443715355e-06, 5.735659106598174e-06]",0.2977018614900763,COMPLETE,1,5,2L2A_COUPLED_FREEC,legacy_price_return_abs_time
99,6.191476316266507e-06,17.75287977681287,0.0421133832094657,1.229222571274851,32.324141931837076,0.010099897798014743,17.75287977681287,0.0421133832094657,1.229222571274851,32.324141931837076,0.010099897798014743,70.0,"[7.125392488339617e-06, 5.719196310509201e-06, 5.729840149950703e-06]",0.29765226280875773,COMPLETE,1,5,2L2A_COUPLED_FREEC,legacy_price_return_abs_time
23,6.191756379196197e-06,12.709234965993984,0.08907471179678814,1.2352915743883726,56.01815931906176,0.03805768345300793,12.709234965993984,0.08907471179678814,1.2352915743883726,56.01815931906176,0.03805768345300793,70.0,"[7.124068249668029e-06, 5.6779977021956045e-06, 5.7732031857249595e-06]",0.29794820418454293,COMPLETE,1,5,2L2A_COUPLED_FREEC,legacy_price_return_abs_time
135,6.192369015172709e-06,13.880217492789876,0.0108642583390099,0.8969745906734914,73.02106494383817,0.041072120344373894,13.880217492789876,0.0108642583390099,0.8969745906734914,73.02106494383817,0.041072120344373894,70.0,"[7.163935025284149e-06, 5.672364883686213e-06, 5.740807136547766e-06]",0.29804968052301567,COMPLETE,1,5,2L2A_COUPLED_FREEC,legacy_price_return_abs_time
46,6.1935147110862565e-06,23.187946450853808,0.04863712350914141,1.3037649126510498,67.60075959674785,0.03276516126529919,23.187946450853808,0.04863712350914141,1.3037649126510498,67.60075959674785,0.03276516126529919,70.0,"[7.115902174584078e-06, 5.738427640905384e-06, 5.726214317769308e-06]",0.2972451289482418,COMPLETE,1,5,2L2A_COUPLED_FREEC,legacy_price_return_abs_time
83,6.1939103665069685e-06,4.659613109465431,0.059538237397036294,1.3041828599765057,37.53922412472307,0.02211949063989898,4.659613109465431,0.059538237397036294,1.3041828599765057,37.53922412472307,0.02211949063989898,70.0,"[7.122098575610455e-06, 5.6764551300281235e-06, 5.783177393882326e-06]",0.2977184475199642,COMPLETE,1,5,2L2A_COUPLED_FREEC,legacy_price_return_abs_time
27,6.194425229076138e-06,14.323253772624742,0.1183267757381534,1.2111995263707211,59.50128306903579,0.03794249470600054,14.323253772624742,0.1183267757381534,1.2111995263707211,59.50128306903579,0.03794249470600054,70.0,"[7.112285793736397e-06, 5.723229473605583e-06, 5.747760419886437e-06]",0.297256163649728,COMPLETE,1,5,2L2A_COUPLED_FREEC,legacy_price_return_abs_time
126,6.194479236239408e-06,7.328613872535695,0.014293091313078326,1.366359622184363,68.09456322092106,0.04629419185424657,7.328613872535695,0.014293091313078326,1.366359622184363,68.09456322092106,0.04629419185424657,70.0,"[7.160185204574793e-06, 5.572493179705299e-06, 5.850759324438132e-06]",0.2986085682656874,COMPLETE,1,5,2L2A_COUPLED_FREEC,legacy_price_return_abs_time
28,6.195331710152849e-06,12.806761062644119,0.1347969931488116,1.2149700403867914,57.14475473231357,0.038754290324941786,12.806761062644119,0.1347969931488116,1.2149700403867914,57.14475473231357,0.038754290324941786,70.0,"[7.112367930103406e-06, 5.7151202233083555e-06, 5.758506977046784e-06]",0.2972221803520788,COMPLETE,1,5,2L2A_COUPLED_FREEC,legacy_price_return_abs_time
100,6.195712613604343e-06,26.40428730743778,0.04352153227980813,1.6889669510723153,65.96203887546521,0.020158896697068933,26.40428730743778,0.04352153227980813,1.6889669510723153,65.96203887546521,0.020158896697068933,70.0,"[7.1100135429509096e-06, 5.727122680363543e-06, 5.750001617498578e-06]",0.29707679981005536,COMPLETE,1,5,2L2A_COUPLED_FREEC,legacy_price_return_abs_time
147,6.195808634494148e-06,11.37292483605338,0.02521587978075845,1.2154614153405132,61.61718451439093,0.030934153689617706,11.37292483605338,0.02521587978075845,1.2154614153405132,61.61718451439093,0.030934153689617706,70.0,"[7.1163213200300665e-06, 5.760362848950117e-06, 5.71074173450226e-06]",0.2968189582857377,COMPLETE,1,5,2L2A_COUPLED_FREEC,legacy_price_return_abs_time
79,6.19646550847222e-06,9.346240407418152,0.05942452199833762,1.2927148245877327,47.341567333611785,0.023121478723423572,9.346240407418152,0.05942452199833762,1.2927148245877327,47.341567333611785,0.023121478723423572,70.0,"[7.107513168911266e-06, 5.760892731686338e-06, 5.720990624819054e-06]",0.2967154589212098,COMPLETE,1,5,2L2A_COUPLED_FREEC,legacy_price_return_abs_time
68,6.197727799192395e-06,5.50209053252539,0.02188208665917709,1.6486489887095335,60.023659448494875,0.029368320697340886,5.50209053252539,0.02188208665917709,1.6486489887095335,60.023659448494875,0.029368320697340886,70.0,"[7.138831978205749e-06, 5.6167680638164915e-06, 5.837583355554943e-06]",0.29783105895777445,COMPLETE,1,5,2L2A_COUPLED_FREEC,legacy_price_return_abs_time
136,6.1981875348384145e-06,15.205380133014051,0.011504252948345268,0.717215083336998,69.27033293841633,0.04278073162804342,15.205380133014051,0.011504252948345268,0.717215083336998,69.27033293841633,0.04278073162804342,70.0,"[7.2084582603569874e-06, 5.61356418421667e-06, 5.772540159941587e-06]",0.2980219016856708,COMPLETE,1,5,2L2A_COUPLED_FREEC,legacy_price_return_abs_time
74,6.198203383297753e-06,14.5985543808887,0.03612560681392558,1.5752862783346826,54.23145417792016,0.013441874527384335,14.5985543808887,0.03612560681392558,1.5752862783346826,54.23145417792016,0.013441874527384335,70.0,"[7.103377237944572e-06, 5.770105077237235e-06, 5.72112783471145e-06]",0.2964382594701585,COMPLETE,1,5,2L2A_COUPLED_FREEC,legacy_price_return_abs_time
72,6.198252199883824e-06,2.9100269904447744,0.022403915023422247,1.6262769455815809,49.84356880906821,0.01248765835178449,2.9100269904447744,0.022403915023422247,1.6262769455815809,49.84356880906821,0.01248765835178449,70.0,"[7.107797584662327e-06, 5.727467216936029e-06, 5.759491798053116e-06]",0.2967888760307842,COMPLETE,1,5,2L2A_COUPLED_FREEC,legacy_price_return_abs_time
71,6.198686290926559e-06,14.226049761077933,0.021083090945063172,1.6161460965100853,79.90675457896607,0.026629683421043323,14.226049761077933,0.021083090945063172,1.6161460965100853,79.90675457896607,0.026629683421043323,70.0,"[7.102423608842115e-06, 5.7729660100203286e-06, 5.720669253917234e-06]",0.2963594219275421,COMPLETE,1,5,2L2A_COUPLED_FREEC,legacy_price_return_abs_time
137,6.199448864949831e-06,9.218405110783507,0.011466695158406055,0.7471847336487725,69.49646462685673,0.040348844917723295,9.218405110783507,0.011466695158406055,0.7471847336487725,69.49646462685673,0.040348844917723295,70.0,"[7.1846201617289536e-06, 5.671614282139078e-06, 5.742112150981461e-06]",0.29734388777201076,COMPLETE,1,5,2L2A_COUPLED_FREEC,legacy_price_return_abs_time
108,6.199606542990713e-06,10.638037947757013,0.05058130405410094,1.3977641573028345,44.33577387130382,0.03376514330215653,10.638037947757013,0.05058130405410094,1.3977641573028345,44.33577387130382,0.03376514330215653,70.0,"[7.165503564239393e-06, 5.554797089481333e-06, 5.878518975251413e-06]",0.2982052151995554,COMPLETE,1,5,2L2A_COUPLED_FREEC,legacy_price_return_abs_time
128,6.199613537938304e-06,7.182244755470971,0.014668925543426069,1.513763590090609,76.32583692946713,0.04782601219616601,7.182244755470971,0.014668925543426069,1.513763590090609,76.32583692946713,0.04782601219616601,70.0,"[7.1610517480823145e-06, 5.5632399884562595e-06, 5.874548877276336e-06]",0.29812289251233653,COMPLETE,1,5,2L2A_COUPLED_FREEC,legacy_price_return_abs_time
113,6.199985110281329e-06,12.087839101107692,0.018957775423318637,1.8048470009299136,65.10766756579528,0.027087837952298785,12.087839101107692,0.018957775423318637,1.8048470009299136,65.10766756579528,0.027087837952298785,70.0,"[7.1455379930964894e-06, 5.597237076953633e-06, 5.857180260793864e-06]",0.29776123788522785,COMPLETE,1,5,2L2A_COUPLED_FREEC,legacy_price_return_abs_time
64,6.200298990178067e-06,3.3725737734646293,0.03406908366952667,1.5976308387477858,61.80684549189303,0.027965042040164968,3.3725737734646293,0.03406908366952667,1.5976308387477858,61.80684549189303,0.027965042040164968,70.0,"[7.111560753925354e-06, 5.70641904904508e-06, 5.7829171675637685e-06]",0.29674519575849984,COMPLETE,1,5,2L2A_COUPLED_FREEC,legacy_price_return_abs_time
138,6.2003107967542595e-06,9.318398450108697,0.011478579171129426,0.7314647518889229,69.76720408948188,0.04041418450960909,9.318398450108697,0.011478579171129426,0.7314647518889229,69.76720408948188,0.04041418450960909,70.0,"[7.188624881922711e-06, 5.66784879839357e-06, 5.7444587099464965e-06]",0.2972920567990926,COMPLETE,1,5,2L2A_COUPLED_FREEC,legacy_price_return_abs_time
54,6.201825302915692e-06,6.531646817458628,0.016300028640370726,1.1461890302497602,61.739566578197,0.05637597579069517,6.531646817458628,0.016300028640370726,1.1461890302497602,61.739566578197,0.05637597579069517,70.0,"[7.195186481490804e-06, 5.508207058302026e-06, 5.902082368954246e-06]",0.29842795762363755,COMPLETE,1,5,2L2A_COUPLED_FREEC,legacy_price_return_abs_time
144,6.202602706595171e-06,11.770448926917451,0.024648129720814278,1.2239341104742991,62.61262165544976,0.02802597336110037,11.770448926917451,0.024648129720814278,1.2239341104742991,62.61262165544976,0.02802597336110037,70.0,"[7.1103256640164395e-06, 5.808545882609468e-06, 5.688936573159606e-06]",0.2956690764542845,COMPLETE,1,5,2L2A_COUPLED_FREEC,legacy_price_return_abs_time
84,6.203661421437275e-06,21.186485505260006,0.05956530637518697,1.3008393609313145,54.549188999410525,0.021784971271311383,21.186485505260006,0.05956530637518697,1.3008393609313145,54.549188999410525,0.021784971271311383,70.0,"[7.10443016611515e-06, 5.818893485416866e-06, 5.68766061277981e-06]",0.2954517427796507,COMPLETE,1,5,2L2A_COUPLED_FREEC,legacy_price_return_abs_time
24,6.2042353083309455e-06,8.772726366030255,0.09676533241581442,1.20254482269032,60.04629651212561,0.03380421801695016,8.772726366030255,0.09676533241581442,1.20254482269032,60.04629651212561,0.03380421801695016,70.0,"[7.094049781507217e-06, 5.814193037091824e-06, 5.704463106393793e-06]",0.29539445883515275,COMPLETE,1,5,2L2A_COUPLED_FREEC,legacy_price_return_abs_time
17,6.206078366492459e-06,5.3825112739407155,0.05714112259279347,1.9800919129077903,67.45766099343899,0.014688083420918902,5.3825112739407155,0.05714112259279347,1.9800919129077903,67.45766099343899,0.014688083420918902,70.0,"[7.111649488096831e-06, 5.704620721515545e-06, 5.801964889865001e-06]",0.29612657690183136,COMPLETE,1,5,2L2A_COUPLED_FREEC,legacy_price_return_abs_time
69,6.206456839017158e-06,3.7851385904742263,0.02492652544010177,1.633170324249777,50.61946137695536,0.029638125685684597,3.7851385904742263,0.02492652544010177,1.633170324249777,50.61946137695536,0.029638125685684597,70.0,"[7.1590618368467075e-06, 5.562155154557237e-06, 5.89815352564753e-06]",0.29737552259944117,COMPLETE,1,5,2L2A_COUPLED_FREEC,legacy_price_return_abs_time
91,6.20809014440665e-06,13.192945969282412,0.09222503268812185,1.0621666607076032,40.580618704192595,0.05352566335636738,13.192945969282412,0.09222503268812185,1.0621666607076032,40.580618704192595,0.05352566335636738,70.0,"[7.203045840057567e-06, 5.491708892190187e-06, 5.929515700972196e-06]",0.29789819654726507,COMPLETE,1,5,2L2A_COUPLED_FREEC,legacy_price_return_abs_time
107,6.2083979482224625e-06,17.005050529452205,0.04982079028691757,1.4190860013036304,32.37463288066144,0.020573480295268804,17.005050529452205,0.04982079028691757,1.4190860013036304,32.37463288066144,0.020573480295268804,70.0,"[7.190576199430498e-06, 5.506668134691085e-06, 5.927949510545806e-06]",0.29770578228208927,COMPLETE,1,5,2L2A_COUPLED_FREEC,legacy_price_return_abs_time
13,6.208796081023389e-06,4.764876292945962,0.0609584651230203,1.8943123467143965,75.77525367513563,0.021964949911254264,4.764876292945962,0.0609584651230203,1.8943123467143965,75.77525367513563,0.021964949911254264,70.0,"[7.1004690577935275e-06, 5.754191169708832e-06, 5.771728015567809e-06]",0.2953962152562773,COMPLETE,1,5,2L2A_COUPLED_FREEC,legacy_price_return_abs_time
85,6.20953405528821e-06,4.945150357768038,0.04370501465006203,1.3107286338079365,37.971615405645416,0.0388368850573291,4.945150357768038,0.04370501465006203,1.3107286338079365,37.971615405645416,0.0388368850573291,70.0,"[7.183707761741732e-06, 5.515679824994436e-06, 5.929214579128461e-06]",0.297487680562914,COMPLETE,1,5,2L2A_COUPLED_FREEC,legacy_price_return_abs_time
102,6.212752891316407e-06,19.71052469648618,0.06621916159321466,0.5743779402272986,26.949395793528076,0.047058419402521694,19.71052469648618,0.06621916159321466,0.5743779402272986,26.949395793528076,0.047058419402521694,70.0,"[7.286209381186396e-06, 5.471136134616705e-06, 5.880913158146119e-06]",0.2978097864937993,COMPLETE,1,5,2L2A_COUPLED_FREEC,legacy_price_return_abs_time
31,6.212806977437256e-06,14.857307567718758,0.8758421302175964,0.4902520851036558,48.80227748864237,0.07076600333676455,14.857307567718758,0.8758421302175964,0.4902520851036558,48.80227748864237,0.07076600333676455,70.0,"[7.111476878079985e-06, 5.710536002727305e-06, 5.816408051504475e-06]",0.29534120512300704,COMPLETE,1,5,2L2A_COUPLED_FREEC,legacy_price_return_abs_time
75,6.2137542828122695e-06,15.1527625349628,0.03500591958718743,1.8489139071812366,79.98608506081628,0.0127826736304974,15.1527625349628,0.03500591958718743,1.8489139071812366,79.98608506081628,0.0127826736304974,70.0,"[7.0845853669552e-06, 5.875373678606984e-06, 5.681303802874625e-06]",0.293830892637228,COMPLETE,1,5,2L2A_COUPLED_FREEC,legacy_price_return_abs_time
70,6.2137951456215225e-06,1.4735711901774267,0.024878129601915138,1.659900301575862,49.744570669323075,0.030540172057667514,1.4735711901774267,0.024878129601915138,1.659900301575862,49.744570669323075,0.030540172057667514,70.0,"[7.151887258607948e-06, 5.577872417664879e-06, 5.911625760591742e-06]",0.29642297809303175,COMPLETE,1,5,2L2A_COUPLED_FREEC,legacy_price_return_abs_time
66,6.214983474077779e-06,18.24407135816913,0.023878970018474374,0.8206226024667347,58.90538030346756,0.03228589762360443,18.24407135816913,0.023878970018474374,0.8206226024667347,58.90538030346756,0.03228589762360443,70.0,"[7.164222498976174e-06, 5.782728597908411e-06, 5.697999325348755e-06]",0.2946864082486475,COMPLETE,1,5,2L2A_COUPLED_FREEC,legacy_price_return_abs_time
76,6.216452830948105e-06,16.446778222114173,0.07405221793084739,1.8629982812091868,79.17705960538764,0.012381128448328858,16.446778222114173,0.07405221793084739,1.8629982812091868,79.17705960538764,0.012381128448328858,70.0,"[7.081656299238669e-06, 5.886033375161166e-06, 5.681668818444481e-06]",0.2934405347855036,COMPLETE,1,5,2L2A_COUPLED_FREEC,legacy_price_return_abs_time
96,6.2180690676423215e-06,23.527692133356457,0.030262688362988586,1.2135006707455487,48.176446888988465,0.016018866137384073,23.527692133356457,0.030262688362988586,1.2135006707455487,48.176446888988465,0.016018866137384073,70.0,"[7.111647799542746e-06, 5.882891411894703e-06, 5.659667991489516e-06]",0.2933814708695941,COMPLETE,1,5,2L2A_COUPLED_FREEC,legacy_price_return_abs_time
123,6.218935588315035e-06,10.433884989402944,0.013409873443272387,1.1651782935712227,74.80588245274912,0.0668043474190986,10.433884989402944,0.013409873443272387,1.1651782935712227,74.80588245274912,0.0668043474190986,70.0,"[7.228015003448627e-06, 5.45818780316428e-06, 5.9706039583321955e-06]",0.2970560848447246,COMPLETE,1,5,2L2A_COUPLED_FREEC,legacy_price_return_abs_time
78,6.220750535491994e-06,8.792243860139063,0.11502332708307891,1.8811521563718092,45.917065214199496,0.013586872258963567,8.792243860139063,0.11502332708307891,1.8811521563718092,45.917065214199496,0.013586872258963567,70.0,"[7.166032566984484e-06, 5.545515698779085e-06, 5.950703340712413e-06]",0.2959643074166601,COMPLETE,1,5,2L2A_COUPLED_FREEC,legacy_price_return_abs_time
146,6.221411619761301e-06,17.36936847403532,0.025780409638152268,1.2384580486041814,61.50309438275923,0.06199523994182436,17.36936847403532,0.025780409638152268,1.2384580486041814,61.50309438275923,0.06199523994182436,70.0,"[7.225706487746499e-06, 5.4584241315785765e-06, 5.980104239958829e-06]",0.29677570787526275,COMPLETE,1,5,2L2A_COUPLED_FREEC,legacy_price_return_abs_time
94,6.221478353399084e-06,13.119380792421039,0.09213299279014975,1.1340358470199174,41.48935528060201,0.016323325453049826,13.119380792421039,0.09213299279014975,1.1340358470199174,41.48935528060201,0.016323325453049826,70.0,"[7.100617048302939e-06, 5.911857000687682e-06, 5.651961011206632e-06]",0.292741196935095,COMPLETE,1,5,2L2A_COUPLED_FREEC,legacy_price_return_abs_time
47,6.221791159701479e-06,22.552416485006603,0.0894358411699712,1.2351215745786428,66.78517524136801,0.025157390637331363,22.552416485006603,0.0894358411699712,1.2351215745786428,66.78517524136801,0.025157390637331363,70.0,"[7.096373119303439e-06, 5.917776266637714e-06, 5.651224093163283e-06]",0.29264626451093423,COMPLETE,1,5,2L2A_COUPLED_FREEC,legacy_price_return_abs_time
121,6.2228100648174825e-06,10.80646590571236,0.015042599551958264,1.151007273159982,62.56905593015857,0.06488599443714807,10.80646590571236,0.015042599551958264,1.151007273159982,62.56905593015857,0.06488599443714807,70.0,"[7.235852842433129e-06, 5.449119502185261e-06, 5.9834578498340575e-06]",0.2967285592423486,COMPLETE,1,5,2L2A_COUPLED_FREEC,legacy_price_return_abs_time
45,6.223153647876565e-06,22.101746911731915,0.08185448882378707,1.245669980659057,71.10983935040821,0.02595170048641808,22.101746911731915,0.08185448882378707,1.245669980659057,71.10983935040821,0.02595170048641808,70.0,"[7.095796087931977e-06, 5.924526430626289e-06, 5.64913842507143e-06]",0.2924409825769821,COMPLETE,1,5,2L2A_COUPLED_FREEC,legacy_price_return_abs_time
149,6.223539594479159e-06,12.46961430703444,0.010043097715615222,1.3927514257188236,71.12541129241392,0.06197614150927847,12.46961430703444,0.010043097715615222,1.3927514257188236,71.12541129241392,0.06197614150927847,70.0,"[7.2193617870739225e-06, 5.463221803868832e-06, 5.9880351924947205e-06]",0.29648436281985546,COMPLETE,1,5,2L2A_COUPLED_FREEC,legacy_price_return_abs_time
112,6.227987890896951e-06,23.94804735141036,0.12727107778820684,0.8944947017648237,57.01951471245976,0.029747116438212907,23.94804735141036,0.12727107778820684,0.8944947017648237,57.01951471245976,0.029747116438212907,70.0,"[7.119642192559659e-06, 5.913959073096109e-06, 5.650362407035085e-06]",0.29206986320932615,COMPLETE,1,5,2L2A_COUPLED_FREEC,legacy_price_return_abs_time
148,6.228328984659806e-06,13.208794029681695,0.026479289612894846,1.3564414290051103,60.23704881104229,0.060887982938448354,13.208794029681695,0.026479289612894846,1.3564414290051103,60.23704881104229,0.060887982938448354,70.0,"[7.224147811655312e-06, 5.4563055006295655e-06, 6.004533641694539e-06]",0.2960298554749238,COMPLETE,1,5,2L2A_COUPLED_FREEC,legacy_price_return_abs_time
97,6.230442845552261e-06,25.223455574114375,0.04116734567771781,1.2148839519126395,52.621266142663586,0.016247252657293248,25.223455574114375,0.04116734567771781,1.2148839519126395,52.621266142663586,0.016247252657293248,70.0,"[7.1100872564283245e-06, 5.938254723670298e-06, 5.64298655655816e-06]",0.29157622592842186,COMPLETE,1,5,2L2A_COUPLED_FREEC,legacy_price_return_abs_time
90,6.231256077024017e-06,5.596679759033005,0.1839133020789955,1.0521618223074813,29.186478161982347,0.05796973622125683,5.596679759033005,0.1839133020789955,1.0521618223074813,29.186478161982347,0.05796973622125683,70.0,"[7.199195346311446e-06, 5.485733212225575e-06, 6.0088396725350325e-06]",0.2953956230694575,COMPLETE,1,5,2L2A_COUPLED_FREEC,legacy_price_return_abs_time
88,6.23212066958501e-06,4.565741422186502,0.20499053548397475,1.4735169452927654,37.89520264920756,0.0390200359830536,4.565741422186502,0.20499053548397475,1.4735169452927654,37.89520264920756,0.0390200359830536,70.0,"[7.167866406025036e-06, 5.545736271588934e-06, 5.982759331141059e-06]",0.2947222224481562,COMPLETE,1,5,2L2A_COUPLED_FREEC,legacy_price_return_abs_time
92,6.234749280934943e-06,7.990617966884185,0.09024839763646766,1.0456182522450725,30.278681942056917,0.056574536095877,7.990617966884185,0.09024839763646766,1.0456182522450725,30.278681942056917,0.056574536095877,100.0,"[7.239373452059959e-06, 5.4400466726701465e-06, 6.024827718074722e-06]",0.2955039372704761,COMPLETE,1,5,2L2A_COUPLED_FREEC,legacy_price_return_abs_time
120,6.23557590213431e-06,10.838872742452933,0.2555486746296804,1.1483715784957875,71.76548844550626,0.03567948257249516,10.838872742452933,0.2555486746296804,1.1483715784957875,71.76548844550626,0.03567948257249516,70.0,"[7.071275699718221e-06, 5.979808563413369e-06, 5.655643443271341e-06]",0.2905600132253405,COMPLETE,1,5,2L2A_COUPLED_FREEC,legacy_price_return_abs_time
26,6.236616534069633e-06,2.1608470105182365,0.11668948572223872,1.2619219989037742,62.65478404911951,0.035675803169765,2.1608470105182365,0.11668948572223872,1.2619219989037742,62.65478404911951,0.035675803169765,70.0,"[7.075424574771876e-06, 5.937713564580635e-06, 5.696711462856386e-06]",0.29079674403676475,COMPLETE,1,5,2L2A_COUPLED_FREEC,legacy_price_return_abs_time
29,6.237368340282358e-06,2.140346141589201,0.1371145311285785,0.3620148371574886,51.54711680423305,0.05470418669902918,2.140346141589201,0.1371145311285785,0.3620148371574886,51.54711680423305,0.05470418669902918,70.0,"[7.071337216790423e-06, 5.968702118187794e-06, 5.6720656858688544e-06]",0.29045293958378293,COMPLETE,1,5,2L2A_COUPLED_FREEC,legacy_price_return_abs_time
133,6.238599838596637e-06,14.47761861522457,0.019697118474748025,0.9935186739851198,74.51135969711981,0.07520729939509564,14.47761861522457,0.019697118474748025,0.9935186739851198,74.51135969711981,0.07520729939509564,100.0,"[7.271675312405883e-06, 5.416977185660621e-06, 6.027147017723408e-06]",0.295367149778714,COMPLETE,1,5,2L2A_COUPLED_FREEC,legacy_price_return_abs_time
87,6.239919333941918e-06,5.369514815083954,0.1811037806436738,1.485753728865221,36.60001396815276,0.04054612674826034,5.369514815083954,0.1811037806436738,1.485753728865221,36.60001396815276,0.04054612674826034,70.0,"[7.188742666750469e-06, 5.504336810064935e-06, 6.026678525010351e-06]",0.2942645677325127,COMPLETE,1,5,2L2A_COUPLED_FREEC,legacy_price_return_abs_time
25,6.240076881030633e-06,2.1622186027818215,0.10177951294966017,1.1825349172818533,60.39359122863629,0.03445631155544008,2.1622186027818215,0.10177951294966017,1.1825349172818533,60.39359122863629,0.03445631155544008,70.0,"[7.071069699674736e-06, 5.976074680745806e-06, 5.673086262671357e-06]",0.2900961127271805,COMPLETE,1,5,2L2A_COUPLED_FREEC,legacy_price_return_abs_time
86,6.240832521792005e-06,4.690718893571448,0.06790175886202192,1.4595091947593404,37.5617661649004,0.04326203531614277,4.690718893571448,0.06790175886202192,1.4595091947593404,37.5617661649004,0.04326203531614277,70.0,"[7.212185622461163e-06, 5.46754791607462e-06, 6.04276402684023e-06]",0.29453238634658235,COMPLETE,1,5,2L2A_COUPLED_FREEC,legacy_price_return_abs_time
40,6.241171583440791e-06,2.8240470907671877,0.3723713193375353,0.9699326728016857,56.20669021715756,0.07629042924234797,2.8240470907671877,0.3723713193375353,0.9699326728016857,56.20669021715756,0.07629042924234797,70.0,"[7.140340960353521e-06, 5.648756867609798e-06, 5.9344169223590535e-06]",0.29281816792008913,COMPLETE,1,5,2L2A_COUPLED_FREEC,legacy_price_return_abs_time
132,6.247866773732438e-06,0.1440809581479688,0.01963501591841766,0.9847577003757719,75.98626490925658,0.08344433689840276,0.1440809581479688,0.01963501591841766,0.9847577003757719,75.98626490925658,0.08344433689840276,100.0,"[7.145936346337198e-06, 5.642112998402077e-06, 5.9555509764580375e-06]",0.2921551325183848,COMPLETE,1,5,2L2A_COUPLED_FREEC,legacy_price_return_abs_time
67,6.2489859424438155e-06,6.109918401140266,0.05295506387879258,0.6406927799265416,58.244421567827935,0.03291638786674633,6.109918401140266,0.05295506387879258,0.6406927799265416,58.244421567827935,0.03291638786674633,70.0,"[7.131856755471961e-06, 5.979587872181469e-06, 5.635513199678015e-06]",0.28927975914111587,COMPLETE,1,5,2L2A_COUPLED_FREEC,legacy_price_return_abs_time
129,6.249134348678793e-06,0.14625771818242134,0.019244539325779034,0.9979892539048081,69.73211879341176,0.08403774785300054,0.14625771818242134,0.019244539325779034,0.9979892539048081,69.73211879341176,0.08403774785300054,70.0,"[7.150894115368813e-06, 5.624490504636905e-06, 5.972018426030662e-06]",0.29217303927419475,COMPLETE,1,5,2L2A_COUPLED_FREEC,legacy_price_return_abs_time
55,6.2494799966633e-06,27.061299299836765,0.01656777479496752,1.1437120377582097,62.417453515268534,0.019245274173837288,27.061299299836765,0.01656777479496752,1.1437120377582097,62.417453515268534,0.019245274173837288,70.0,"[7.127491242422935e-06, 5.9886817170868366e-06, 5.632267030480129e-06]",0.28913910382830554,COMPLETE,1,5,2L2A_COUPLED_FREEC,legacy_price_return_abs_time
143,6.250682666973166e-06,6.4775564976522135,0.016809068016063803,0.8321808871114977,63.41622676478866,0.027538748981285895,6.4775564976522135,0.016809068016063803,0.8321808871114977,63.41622676478866,0.027538748981285895,100.0,"[7.15525982848639e-06, 5.945868780402502e-06, 5.6509193920306054e-06]",0.2894369473590314,COMPLETE,1,5,2L2A_COUPLED_FREEC,legacy_price_return_abs_time
42,6.256190660312519e-06,0.23428296789718933,1.0217231798939788,0.7052672274658235,24.921773867254252,0.07411222572742181,0.23428296789718933,1.0217231798939788,0.7052672274658235,24.921773867254252,0.07411222572742181,100.0,"[7.140779747201042e-06, 5.692300245237093e-06, 5.93549198849942e-06]",0.29082411450550805,COMPLETE,1,5,2L2A_COUPLED_FREEC,legacy_price_return_abs_time
39,6.258924910629293e-06,0.2240388100330683,0.37534913955975846,0.9957540207156902,57.656639168712594,0.08012015828159753,0.2240388100330683,0.37534913955975846,0.9957540207156902,57.656639168712594,0.08012015828159753,100.0,"[7.147137777665505e-06, 5.670843525870872e-06, 5.9587934283515025e-06]",0.2907164104646124,COMPLETE,1,5,2L2A_COUPLED_FREEC,legacy_price_return_abs_time
103,6.259584889463291e-06,19.358651142520348,0.07168507446385874,0.6131854785197501,32.28955079097195,0.06785552723771236,19.358651142520348,0.07168507446385874,0.6131854785197501,32.28955079097195,0.06785552723771236,100.0,"[7.350399417100671e-06, 5.3862781086262515e-06, 6.042077142662953e-06]",0.2935576190358999,COMPLETE,1,5,2L2A_COUPLED_FREEC,legacy_price_return_abs_time
50,6.2615287526812095e-06,0.03440149592504388,0.04353818167766509,1.7574811213926922,53.583367007160476,0.04274926765026604,0.03440149592504388,0.04353818167766509,1.7574811213926922,53.583367007160476,0.04274926765026604,100.0,"[7.1533702378362285e-06, 5.649412853870313e-06, 5.981803166337087e-06]",0.2906223993879678,COMPLETE,1,5,2L2A_COUPLED_FREEC,legacy_price_return_abs_time
19,6.264877633868867e-06,4.8758351210045285,0.010184406319438927,1.9849377855483141,39.83337655282523,0.010540847733031539,4.8758351210045285,0.010184406319438927,1.9849377855483141,39.83337655282523,0.010540847733031539,100.0,"[7.237677358000066e-06, 5.439594530852515e-06, 6.11736101275402e-06]",0.29220071734692393,COMPLETE,1,5,2L2A_COUPLED_FREEC,legacy_price_return_abs_time
89,6.2690284913549065e-06,4.477091751633489,0.1797882635500866,1.4552030497844946,39.78539652070376,0.06088479876282843,4.477091751633489,0.1797882635500866,1.4552030497844946,39.78539652070376,0.06088479876282843,70.0,"[7.216912545139036e-06, 5.468334111108811e-06, 6.121838817816875e-06]",0.2914508647486393,COMPLETE,1,5,2L2A_COUPLED_FREEC,legacy_price_return_abs_time
81,6.27175530447035e-06,9.141775792306845,8.502756072412646,1.3289346423533859,46.49032958267198,0.023074747684923687,9.141775792306845,8.502756072412646,1.3289346423533859,46.49032958267198,0.023074747684923687,100.0,"[7.07930202958323e-06, 6.04670212575915e-06, 5.689261758068671e-06]",0.28608315238928256,COMPLETE,1,5,2L2A_COUPLED_FREEC,legacy_price_return_abs_time
15,6.27858446240498e-06,3.819634106839735,29.806347175454906,-1.9771997819654987,38.470357357374276,0.010417925749068503,3.819634106839735,29.806347175454906,-1.9771997819654987,38.470357357374276,0.010417925749068503,100.0,"[7.176358508983542e-06, 5.595094733863523e-06, 6.064300144367873e-06]",0.2892605604000781,COMPLETE,1,5,2L2A_COUPLED_FREEC,legacy_price_return_abs_time
56,6.2786152926534795e-06,7.106685929473208,0.017557966540810224,1.087575894249634,63.66484394174492,0.01858392981130455,7.106685929473208,0.017557966540810224,1.087575894249634,63.66484394174492,0.01858392981130455,100.0,"[7.134008774591946e-06, 6.091398469995595e-06, 5.610438633372896e-06]",0.2851419194916119,COMPLETE,1,5,2L2A_COUPLED_FREEC,legacy_price_return_abs_time
131,6.2792433670388435e-06,8.758370083148185,0.02025046748776399,0.9904253018527545,75.36837797777685,0.08907589639040447,8.758370083148185,0.02025046748776399,0.9904253018527545,75.36837797777685,0.08907589639040447,100.0,"[7.310146464311084e-06, 5.388857178379329e-06, 6.138726458426116e-06]",0.2912580625704107,COMPLETE,1,5,2L2A_COUPLED_FREEC,legacy_price_return_abs_time
49,6.279467307645865e-06,0.030824716071763146,0.15561636648597274,1.7263453269878384,43.2461451097996,0.044085737328381856,0.030824716071763146,0.15561636648597274,1.7263453269878384,43.2461451097996,0.044085737328381856,100.0,"[7.1780310493522505e-06, 5.589981167636727e-06, 6.070389705948617e-06]",0.28921004124595107,COMPLETE,1,5,2L2A_COUPLED_FREEC,legacy_price_return_abs_time
51,6.281552838078898e-06,0.05380845435187663,0.15973674930184112,1.7689277496320759,52.32753213654475,0.05470806265322063,0.05380845435187663,0.15973674930184112,1.7689277496320759,52.32753213654475,0.05470806265322063,100.0,"[7.180857201147352e-06, 5.583284903879643e-06, 6.080516409209702e-06]",0.28904400248444007,COMPLETE,1,5,2L2A_COUPLED_FREEC,legacy_price_return_abs_time
117,6.28428405474826e-06,0.0120894098981541,0.010053111561754043,1.2617270991506007,71.9086775316284,0.03523569156243104,0.0120894098981541,0.010053111561754043,1.2617270991506007,71.9086775316284,0.03523569156243104,100.0,"[7.0758473127051335e-06, 6.114780176774586e-06, 5.662224674765061e-06]",0.284152991872393,COMPLETE,1,5,2L2A_COUPLED_FREEC,legacy_price_return_abs_time
44,6.290878495301574e-06,23.13775572617459,0.07046391951294598,0.6943509164759828,68.17229801945601,0.02631939585285694,23.13775572617459,0.07046391951294598,0.6943509164759828,68.17229801945601,0.02631939585285694,100.0,"[7.199700475089312e-06, 6.021413016799628e-06, 5.651521994015783e-06]",0.28456321068077417,COMPLETE,1,5,2L2A_COUPLED_FREEC,legacy_price_return_abs_time
115,6.293427236023697e-06,12.723138762292962,0.01248338118514581,1.2350683071251192,66.13556565169513,0.0861726503521516,12.723138762292962,0.01248338118514581,1.2350683071251192,66.13556565169513,0.0861726503521516,100.0,"[7.311289573583728e-06, 5.388914622751858e-06, 6.180077511735508e-06]",0.28970680756752315,COMPLETE,1,5,2L2A_COUPLED_FREEC,legacy_price_return_abs_time
73,6.297429493441824e-06,1.5993013422717777,0.03464806476371817,1.5681626501231114,79.7358406441566,0.012909911162838522,1.5993013422717777,0.03464806476371817,1.5681626501231114,79.7358406441566,0.012909911162838522,100.0,"[7.073630520991576e-06, 6.2358804925574415e-06, 5.5827774667764534e-06]",0.28173343586926025,COMPLETE,1,5,2L2A_COUPLED_FREEC,legacy_price_return_abs_time
139,6.300192191465054e-06,9.266327191403121,0.011628517333998264,1.09685253696721,21.909613154337016,0.051273496991502805,9.266327191403121,0.011628517333998264,1.09685253696721,21.909613154337016,0.051273496991502805,100.0,"[7.335415323495374e-06, 5.379597376883486e-06, 6.185563874016298e-06]",0.289114942081297,COMPLETE,1,5,2L2A_COUPLED_FREEC,legacy_price_return_abs_time
82,6.301147147803022e-06,9.937648399289667,9.780437021426915,1.301166702079902,54.96516275398241,0.022203448530595117,9.937648399289667,9.780437021426915,1.301166702079902,54.96516275398241,0.022203448530595117,100.0,"[7.073535926230486e-06, 6.198379954473742e-06, 5.631525562704836e-06]",0.2816267894353677,COMPLETE,1,5,2L2A_COUPLED_FREEC,legacy_price_return_abs_time
142,6.305216187893661e-06,17.20329093153282,0.016555353973492587,1.1082644181484773,22.15952455273904,0.05217528008890488,17.20329093153282,0.016555353973492587,1.1082644181484773,22.15952455273904,0.05217528008890488,100.0,"[7.339672714506134e-06, 5.378620604980366e-06, 6.197355244194482e-06]",0.28858540848353037,COMPLETE,1,5,2L2A_COUPLED_FREEC,legacy_price_return_abs_time
14,6.308595964412413e-06,4.67267584924529,29.12330975602434,1.5001494090466014,63.46230778121576,0.016703346650322092,4.67267584924529,29.12330975602434,1.5001494090466014,63.46230778121576,0.016703346650322092,100.0,"[7.07484821848042e-06, 6.225180015693198e-06, 5.62575965906362e-06]",0.2805994332349856,COMPLETE,1,5,2L2A_COUPLED_FREEC,legacy_price_return_abs_time
95,6.314330357566281e-06,7.621460534732976,0.029239765327312137,0.9141452393587559,48.166644642341794,0.015464744419822157,7.621460534732976,0.029239765327312137,0.9141452393587559,48.166644642341794,0.015464744419822157,70.0,"[7.178773064868049e-06, 6.15208634857963e-06, 5.612131659251164e-06]",0.2808794692565107,COMPLETE,1,5,2L2A_COUPLED_FREEC,legacy_price_return_abs_time
58,6.316761083639285e-06,11.285506273542687,0.015430338847851709,1.0693149688495982,77.23516395326797,0.01834505307026442,11.285506273542687,0.015430338847851709,1.0693149688495982,77.23516395326797,0.01834505307026442,70.0,"[7.1687516271445375e-06, 6.178743672028681e-06, 5.602787951744635e-06]",0.2803680843332212,COMPLETE,1,5,2L2A_COUPLED_FREEC,legacy_price_return_abs_time
18,6.324013891108153e-06,3.8994538527516536,27.96232410825813,1.743473945602036,79.21551650690131,0.01092144673431495,3.8994538527516536,27.96232410825813,1.743473945602036,79.21551650690131,0.01092144673431495,100.0,"[7.076145269211316e-06, 6.289459176987284e-06, 5.6064372271258605e-06]",0.2783978675812453,COMPLETE,1,5,2L2A_COUPLED_FREEC,legacy_price_return_abs_time
104,6.333689001151625e-06,19.565963106507215,0.06418111807755437,1.6907676299023096,27.514609741557003,0.024366950371417995,19.565963106507215,0.06418111807755437,1.6907676299023096,27.514609741557003,0.024366950371417995,100.0,"[7.31627607648674e-06, 5.39739723988372e-06, 6.287393687084416e-06]",0.2852420807779333,COMPLETE,1,5,2L2A_COUPLED_FREEC,legacy_price_return_abs_time
61,6.343839660102139e-06,3.5636370507458186,0.01227402858432408,1.3704485306368448,74.49038133606219,0.10395583146735202,3.5636370507458186,0.01227402858432408,1.3704485306368448,74.49038133606219,0.10395583146735202,100.0,"[7.333620376158798e-06, 5.39212511491765e-06, 6.305773489229972e-06]",0.2842257321460862,COMPLETE,1,5,2L2A_COUPLED_FREEC,legacy_price_return_abs_time
20,6.3480500595421354e-06,12.014668793216307,0.010648359647072144,1.9741258056841846,39.84361132358439,0.03748233601760987,12.014668793216307,0.010648359647072144,1.9741258056841846,39.84361132358439,0.03748233601760987,100.0,"[7.318417076627763e-06, 5.4028528132691864e-06, 6.3228802887294585e-06]",0.28363116254019893,COMPLETE,1,5,2L2A_COUPLED_FREEC,legacy_price_return_abs_time
38,6.349050935309085e-06,8.682414533202655,0.36859061794784037,0.9954689143169525,55.417856047680985,0.12618750311348148,8.682414533202655,0.36859061794784037,0.9954689143169525,55.417856047680985,0.12618750311348148,100.0,"[7.287287005467648e-06, 5.42866939467848e-06, 6.331196405781127e-06]",0.2832178821728273,COMPLETE,1,5,2L2A_COUPLED_FREEC,legacy_price_return_abs_time
98,6.360072755315823e-06,28.211259557330223,0.02892113036992229,0.9366090839443645,47.81299713515561,0.010561946326383777,28.211259557330223,0.02892113036992229,0.9366090839443645,47.81299713515561,0.010561946326383777,70.0,"[7.2424604833457474e-06, 6.215885768247564e-06, 5.621872014354158e-06]",0.27555177003706827,COMPLETE,1,5,2L2A_COUPLED_FREEC,legacy_price_return_abs_time
57,6.369822257000322e-06,10.896821596510986,0.2794694811064782,1.1852408614771026,73.31253497807555,0.01662183286235558,10.896821596510986,0.2794694811064782,1.1852408614771026,73.31253497807555,0.01662183286235558,100.0,"[7.112061476648032e-06, 6.4551021626189535e-06, 5.542303131733981e-06]",0.2721594126376879,COMPLETE,1,5,2L2A_COUPLED_FREEC,legacy_price_return_abs_time
63,6.3858235060336495e-06,18.53738353791949,0.035394102055578004,0.8362344442352667,41.998105841172006,0.1003236555793425,18.53738353791949,0.035394102055578004,0.8362344442352667,41.998105841172006,0.1003236555793425,100.0,"[7.440988571234697e-06, 5.375700650143038e-06, 6.340781296723214e-06]",0.2800891241745936,COMPLETE,1,5,2L2A_COUPLED_FREEC,legacy_price_return_abs_time
62,6.388330824755638e-06,0.6380259321493702,0.013506328408307665,1.3855356816874838,43.385298968504905,0.10570592344487245,0.6380259321493702,0.013506328408307665,1.3855356816874838,43.385298968504905,0.10570592344487245,100.0,"[7.341676751219743e-06, 5.412285119971871e-06, 6.411030603075299e-06]",0.2792132877466583,COMPLETE,1,5,2L2A_COUPLED_FREEC,legacy_price_return_abs_time
53,6.397851638903576e-06,6.557306754909318,0.01764145083714907,0.8056718681476838,64.81996690704746,0.01683086495250696,6.557306754909318,0.01764145083714907,0.8056718681476838,64.81996690704746,0.01683086495250696,70.0,"[7.2832854962626515e-06, 6.289043002929527e-06, 5.6212264175185486e-06]",0.27095086428502263,COMPLETE,1,5,2L2A_COUPLED_FREEC,legacy_price_return_abs_time
16,6.39815362737622e-06,5.161749643208404,21.22731301662718,1.481045807020793,74.08377495288406,0.01017874666098096,5.161749643208404,21.22731301662718,1.481045807020793,74.08377495288406,0.01017874666098096,100.0,"[7.101610092317677e-06, 6.543702908812887e-06, 5.549147880998097e-06]",0.2683111242314122,COMPLETE,1,5,2L2A_COUPLED_FREEC,legacy_price_return_abs_time
141,6.399786430515839e-06,8.42609707249541,0.016605662970179756,1.1221218872382581,16.05760520259101,0.051499318106988726,8.42609707249541,0.016605662970179756,1.1221218872382581,16.05760520259101,0.051499318106988726,100.0,"[7.4199588013845615e-06, 5.386216535350404e-06, 6.393183954812553e-06]",0.2784094958234314,COMPLETE,1,5,2L2A_COUPLED_FREEC,legacy_price_return_abs_time
7,6.4214726618334144e-06,0.8803067580338847,0.035407184094471786,0.9319305376641336,70.68218242281381,0.020696343356378728,0.8803067580338847,0.035407184094471786,0.9319305376641336,70.68218242281381,0.020696343356378728,70.0,"[7.14076977881715e-06, 6.59813025345601e-06, 5.5255179532270845e-06]",0.2654399973352594,COMPLETE,1,5,2L2A_COUPLED_FREEC,legacy_price_return_abs_time
6,6.439149294454258e-06,28.24029684549631,9.307537639116694,-1.428548932583487,24.342348007548654,0.09580138465345608,28.24029684549631,9.307537639116694,-1.428548932583487,24.342348007548654,0.09580138465345608,100.0,"[7.33697177655779e-06, 5.46031745512983e-06, 6.520158651675153e-06]",0.2732442197111848,COMPLETE,1,5,2L2A_COUPLED_FREEC,legacy_price_return_abs_time
105,6.449757201270088e-06,20.060709290412436,0.04807728880100782,-1.7909701274051895,44.79816252926847,0.04799365594121052,20.060709290412436,0.04807728880100782,-1.7909701274051895,44.79816252926847,0.04799365594121052,100.0,"[7.348312855431066e-06, 5.841088282452188e-06, 6.159870465927008e-06]",0.2690601407957009,COMPLETE,1,5,2L2A_COUPLED_FREEC,legacy_price_return_abs_time
145,6.454398182988304e-06,17.65635913712443,0.013279241149800862,0.862342884515071,61.01226435253159,0.11760913642716518,17.65635913712443,0.013279241149800862,0.862342884515071,61.01226435253159,0.11760913642716518,100.0,"[7.49846624768131e-06, 5.400204041804941e-06, 6.464524259478662e-06]",0.2725555987287238,COMPLETE,1,5,2L2A_COUPLED_FREEC,legacy_price_return_abs_time
65,6.460963367809363e-06,6.193397093950086,0.05471013667589225,0.8324399308635096,59.13666537825404,0.014094623536873909,6.193397093950086,0.05471013667589225,0.8324399308635096,59.13666537825404,0.014094623536873909,66.66666667,"[7.283644379916731e-06, 6.531422639637489e-06, 5.56782308387387e-06]",0.26209015467544333,COMPLETE,1,5,2L2A_COUPLED_FREEC,legacy_price_return_abs_time
116,6.51684573962601e-06,12.974084487455965,0.011454203117754684,0.17318401599477418,65.2060572594836,0.03393897123423389,12.974084487455965,0.011454203117754684,0.17318401599477418,65.2060572594836,0.03393897123423389,100.0,"[7.671868839166225e-06, 5.6809131889973475e-06, 6.1977551907144575e-06]",0.2639955675243353,COMPLETE,1,5,2L2A_COUPLED_FREEC,legacy_price_return_abs_time
37,6.5381221795715586e-06,9.122600931690283,0.017619612762963102,0.9839744378728031,57.25236571701728,0.13929614246290625,9.122600931690283,0.017619612762963102,0.9839744378728031,57.25236571701728,0.13929614246290625,100.0,"[7.535601670718128e-06, 5.450326064685566e-06, 6.628438803310982e-06]",0.2630933218724673,COMPLETE,1,5,2L2A_COUPLED_FREEC,legacy_price_return_abs_time
2,6.565292492960305e-06,0.07746214769441657,0.36571232350932587,-0.10580611620488822,51.397055304399956,0.2313895982655094,0.07746214769441657,0.36571232350932587,-0.10580611620488822,51.397055304399956,0.2313895982655094,100.0,"[7.414014856009148e-06, 5.5380042056766456e-06, 6.743858417195121e-06]",0.2590356944646368,COMPLETE,1,5,2L2A_COUPLED_FREEC,legacy_price_return_abs_time
36,6.609225269747274e-06,11.667075379632426,0.220510461715656,1.4981152739437111,34.91445148987974,0.14043663727183378,11.667075379632426,0.220510461715656,1.4981152739437111,34.91445148987974,0.14043663727183378,100.0,"[7.518115742646572e-06, 5.51878933886621e-06, 6.790770727729038e-06]",0.25469780170017486,COMPLETE,1,5,2L2A_COUPLED_FREEC,legacy_price_return_abs_time
35,6.71026182090733e-06,11.194763451162402,0.02931631720922684,1.5320484446762164,34.23149851753778,0.1455778999496208,11.194763451162402,0.02931631720922684,1.5320484446762164,34.23149851753778,0.1455778999496208,100.0,"[7.6192850567082085e-06, 5.587164389142268e-06, 6.924336016871512e-06]",0.2433900010284059,COMPLETE,1,5,2L2A_COUPLED_FREEC,legacy_price_return_abs_time
0,6.7272500151263125e-06,0.05406609108738764,0.01898154039771314,-1.5267280794534912,53.08517883564262,0.23686986800623272,0.05406609108738764,0.01898154039771314,-1.5267280794534912,53.08517883564262,0.23686986800623272,100.0,"[7.547853588082136e-06, 5.64215205695746e-06, 6.9917444003393405e-06]",0.24086584323148288,COMPLETE,1,5,2L2A_COUPLED_FREEC,legacy_price_return_abs_time
80,6.838779648406309e-06,10.066369932392838,0.1187815655408612,-1.2028086663783006,45.813951096685024,0.02191781938621037,10.066369932392838,0.1187815655408612,-1.2028086663783006,45.813951096685024,0.02191781938621037,100.0,"[7.867811276231288e-06, 6.543799030882129e-06, 6.104728638105514e-06]",0.22239607501035205,COMPLETE,1,5,2L2A_COUPLED_FREEC,legacy_price_return_abs_time
34,6.922754924275147e-06,17.039035361152763,0.023690307883591086,1.5344708208098885,43.149357914096136,0.20552492645213735,17.039035361152763,0.023690307883591086,1.5344708208098885,43.149357914096136,0.20552492645213735,100.0,"[7.783671986963907e-06, 5.772974907894522e-06, 7.211617877967012e-06]",0.2191212206299977,COMPLETE,1,5,2L2A_COUPLED_FREEC,legacy_price_return_abs_time
8,6.948387074352359e-06,0.9137779772749736,0.2157971609421282,1.9954640714054128,14.821757035162308,0.05504508342624011,0.9137779772749736,0.2157971609421282,1.9954640714054128,14.821757035162308,0.05504508342624011,100.0,"[7.744988788845767e-06, 5.8199166182798824e-06, 7.2802558159314244e-06]",0.2158157703917388,COMPLETE,1,5,2L2A_COUPLED_FREEC,legacy_price_return_abs_time
30,7.017668555995075e-06,18.95726726863524,0.6681569860076381,0.4822597306739479,48.28081957870971,0.30032839908766634,18.95726726863524,0.6681569860076381,0.4822597306739479,48.28081957870971,0.30032839908766634,100.0,"[7.836205263706612e-06, 5.869664373067927e-06, 7.347136031210686e-06]",0.20810656176505885,COMPLETE,1,5,2L2A_COUPLED_FREEC,legacy_price_return_abs_time
33,7.047406890886259e-06,14.734071561367875,0.2076968654659595,1.4542145098514199,34.88916949071788,0.24334935030337634,14.734071561367875,0.2076968654659595,1.4542145098514199,34.88916949071788,0.24334935030337634,100.0,"[7.866873830786022e-06, 5.895712593462654e-06, 7.379634248410099e-06]",0.20473351746918786,COMPLETE,1,5,2L2A_COUPLED_FREEC,legacy_price_return_abs_time
140,7.0965594769365405e-06,9.581082953432604,0.016576820538587205,1.1054549795623188,15.485816070226338,0.18860042625597218,9.581082953432604,0.016576820538587205,1.1054549795623188,15.485816070226338,0.18860042625597218,100.0,"[7.949133852746559e-06, 5.930687657483603e-06, 7.409856920579458e-06]",0.19932099292974703,COMPLETE,1,5,2L2A_COUPLED_FREEC,legacy_price_return_abs_time
1,7.1011512950246435e-06,27.722594626046092,3.343469283786425,-1.3539642545449295,16.505382415013447,0.0927347225567925,27.722594626046092,3.343469283786425,-1.3539642545449295,16.505382415013447,0.0927347225567925,100.0,"[8.032860717757279e-06, 5.919326753157267e-06, 7.3512664141593825e-06]",0.1991681490194027,COMPLETE,1,5,2L2A_COUPLED_FREEC,legacy_price_return_abs_time
52,7.12843522699878e-06,28.50042507423279,0.04139275701584114,0.08812239987252202,19.82992946905861,0.05354022820635524,28.50042507423279,0.04139275701584114,0.08812239987252202,19.82992946905861,0.05354022820635524,100.0,"[8.312836682618509e-06, 6.029630717228715e-06, 7.042838281149117e-06]",0.19615932845430195,COMPLETE,1,5,2L2A_COUPLED_FREEC,legacy_price_return_abs_time
48,7.20793627713717e-06,7.899388387430091,0.14593975107717397,1.7546827958319526,10.577578657062999,0.04383497500668029,7.899388387430091,0.14593975107717397,1.7546827958319526,10.577578657062999,0.04383497500668029,100.0,"[7.99632930450601e-06, 6.052613761498969e-06, 7.574865765406528e-06]",0.18628311247638815,COMPLETE,1,5,2L2A_COUPLED_FREEC,legacy_price_return_abs_time
41,7.420204177668364e-06,0.2686585461398351,0.3969789708038172,-0.6326543705662268,51.21439786240697,0.5381967789034389,0.2686585461398351,0.3969789708038172,-0.6326543705662268,51.21439786240697,0.5381967789034389,100.0,"[8.128746168267454e-06, 6.2806645055008245e-06, 7.851201859236816e-06]",0.16160096669178614,COMPLETE,1,5,2L2A_COUPLED_FREEC,legacy_price_return_abs_time
12,7.495469403327408e-06,0.3744614446646922,0.06902974460262559,-1.9789195904389683,17.562954109789008,0.14107086942300737,0.3744614446646922,0.06902974460262559,-1.9789195904389683,17.562954109789008,0.14107086942300737,100.0,"[8.256243382531548e-06, 6.335297075103082e-06, 7.894867752347594e-06]",0.1533091124956474,COMPLETE,1,5,2L2A_COUPLED_FREEC,legacy_price_return_abs_time
3,7.829909458957868e-06,0.9675269056446734,1.7261554846106608,-0.24595229603365354,11.920534995601319,0.7253379563418362,0.9675269056446734,1.7261554846106608,-0.24595229603365354,11.920534995601319,0.7253379563418362,100.0,"[8.490132927481119e-06, 6.686708101366292e-06, 8.312887348026193e-06]",0.11456256510346448,COMPLETE,1,5,2L2A_COUPLED_FREEC,legacy_price_return_abs_time
32,8.071780517211023e-06,16.576285419195262,0.026621069823825564,0.38236560306109846,46.82079678983539,0.35455250775146163,16.576285419195262,0.026621069823825564,0.38236560306109846,46.82079678983539,0.35455250775146163,100.0,"[8.771277418812182e-06, 6.915535931655606e-06, 8.52852820116528e-06]",0.08709046658326099,COMPLETE,1,5,2L2A_COUPLED_FREEC,legacy_price_return_abs_time
106,8.161348073972054e-06,15.730932541699046,0.05204714143305037,-0.35516916590535264,32.31259951679534,0.019751649450718722,15.730932541699046,0.05204714143305037,-0.35516916590535264,32.31259951679534,0.019751649450718722,70.0,"[9.294223819214088e-06, 7.80228860534426e-06, 7.387531797357815e-06]",0.07177524592861517,COMPLETE,1,5,2L2A_COUPLED_FREEC,legacy_price_return_abs_time
101,8.557179811021718e-06,29.226266370886588,0.06598306190510816,1.6985553901665034,66.7838698188507,0.91582252497505,29.226266370886588,0.06598306190510816,1.6985553901665034,66.7838698188507,0.91582252497505,100.0,"[9.124915698021431e-06, 7.398881157397717e-06, 9.147742577646006e-06]",0.031112637911653123,COMPLETE,1,5,2L2A_COUPLED_FREEC,legacy_price_return_abs_time
109,8.62356991198623e-06,16.275154062373538,0.1244591482898288,-0.44649619795061807,32.714696007196004,0.019702860012088166,16.275154062373538,0.1244591482898288,-0.44649619795061807,32.714696007196004,0.019702860012088166,100.0,"[9.705089594934402e-06, 8.292952554661979e-06, 7.872667586362312e-06]",0.01845568099491024,COMPLETE,1,5,2L2A_COUPLED_FREEC,legacy_price_return_abs_time
11,8.646626437354059e-06,0.919629691827376,3.689584235234098,-0.19260361859066322,18.65417519874838,1.4934115400298515,0.919629691827376,3.689584235234098,-0.19260361859066322,18.65417519874838,1.4934115400298515,100.0,"[9.198938299977708e-06, 7.480929362908758e-06, 9.26001164917571e-06]",0.020881126216035734,COMPLETE,1,5,2L2A_COUPLED_FREEC,legacy_price_return_abs_time
4,8.669221991461454e-06,0.11887006494297297,0.6092816841769584,0.7999256048673566,12.535472991576837,1.4597672962272379,0.11887006494297297,0.6092816841769584,0.7999256048673566,12.535472991576837,1.4597672962272379,100.0,"[9.218209002983467e-06, 7.501733160340547e-06, 9.287723811060344e-06]",0.018297642640735783,COMPLETE,1,5,2L2A_COUPLED_FREEC,legacy_price_return_abs_time
10,8.77563216660617e-06,29.817980297392936,2.643673373017403,0.04377181797922214,29.494284107004955,1.3193091103232952,29.817980297392936,2.643673373017403,0.04377181797922214,29.494284107004955,1.3193091103232952,100.0,"[9.308228021609186e-06, 7.599315345638945e-06, 9.419353132570382e-06]",0.006131997978012412,COMPLETE,1,5,2L2A_COUPLED_FREEC,legacy_price_return_abs_time
43,9.029494393708853e-06,1.4670866086020373,0.048569946175276865,-0.7142472585043791,25.20137518600906,0.5180504166613079,1.4670866086020373,0.048569946175276865,-0.7142472585043791,25.20137518600906,0.5180504166613079,100.0,"[9.528462587440588e-06, 7.822102416190943e-06, 9.73791817749503e-06]",-0.02279417756553818,COMPLETE,1,5,2L2A_COUPLED_FREEC,legacy_price_return_abs_time
59,9.118616112730193e-06,12.460301460749697,0.015292653081088025,1.3902386226506498,70.67933216540979,2.1062608655803556,12.460301460749697,0.015292653081088025,1.3902386226506498,70.67933216540979,2.1062608655803556,100.0,"[9.595202048438705e-06, 7.891900993777522e-06, 9.868745295974353e-06]",-0.0329142902677468,COMPLETE,1,5,2L2A_COUPLED_FREEC,legacy_price_return_abs_time
60,9.172287979747787e-06,11.847114075636009,0.01293522959824605,1.354687012385674,69.44609231530887,2.5703907802242325,11.847114075636009,0.01293522959824605,1.354687012385674,69.44609231530887,2.5703907802242325,100.0,"[9.63961489496022e-06, 7.934586342622491e-06, 9.942662701660652e-06]",-0.0390010959729716,COMPLETE,1,5,2L2A_COUPLED_FREEC,legacy_price_return_abs_time
21,9.236360452580067e-06,6.879686129067429,0.010308019955991257,1.9768421968608643,45.40159143285479,6.666296112243458,6.879686129067429,0.010308019955991257,1.9768421968608643,45.40159143285479,6.666296112243458,100.0,"[9.692154456342637e-06, 7.984504471027794e-06, 1.0032422430369772e-05]",-0.04626055607487404,COMPLETE,1,5,2L2A_COUPLED_FREEC,legacy_price_return_abs_time
93,9.237079662584361e-06,7.7480175588273745,0.08537517635865467,1.078782633079036,29.260343088748197,12.487293170265115,7.7480175588273745,0.08537517635865467,1.078782633079036,29.260343088748197,12.487293170265115,100.0,"[9.692738959253427e-06, 7.985059527697905e-06, 1.0033440500801756e-05]",-0.04634201705068486,COMPLETE,1,5,2L2A_COUPLED_FREEC,legacy_price_return_abs_time
5,9.23708092614862e-06,0.4941488515047461,0.29619009393302453,-0.8968052201427019,23.76322073443061,30.223140020895972,0.29619009393302453,0.4941488515047461,-0.8968052201427019,30.223140020895972,23.76322073443061,100.0,"[9.692739985989647e-06, 7.985060502796231e-06, 1.0033442289659978e-05]",-0.046342160167641255,COMPLETE,1,5,2L2A_COUPLED_FREEC,legacy_price_return_abs_time
9,9.237080926155566e-06,0.012360190548156078,0.03132201164871583,0.7560754909256642,31.274275157686514,23.93220052579497,0.012360190548156078,0.03132201164871583,0.7560754909256642,31.274275157686514,23.93220052579497,100.0,"[9.692739985995293e-06, 7.98506050280159e-06, 1.003344228966981e-05]",-0.046342160168427994,COMPLETE,1,5,2L2A_COUPLED_FREEC,legacy_price_return_abs_time
52,3.578556091078659e-06,0.2589894912899296,0.09698715063931071,-1.7795326327825458,76.7197507494648,0.05018389463221305,0.2589894912899296,0.09698715063931071,-1.7795326327825458,76.7197507494648,0.05018389463221305,6.670000000000001e-06,"[4.402715148115202e-06, 3.11880778135205e-06, 3.2141453437687253e-06]",0.5992780016876412,COMPLETE,2,1,2L2A_COUPLED_FREEC,legacy_price_return_abs_time
120,3.579085167767054e-06,0.5681201059351546,0.41272083868405113,-1.4707113195464265,28.773026398115476,0.010250546760650335,0.5681201059351546,0.41272083868405113,-1.4707113195464265,28.773026398115476,0.010250546760650335,6.670000000000001e-06,"[4.415936258813086e-06, 3.102293054724856e-06, 3.219026189763219e-06]",0.5993852566556488,COMPLETE,2,1,2L2A_COUPLED_FREEC,legacy_price_return_abs_time
134,3.579121308119276e-06,0.6059165267936412,0.45266790422065656,-1.506964650360764,24.268761768923856,0.01336211101361529,0.6059165267936412,0.45266790422065656,-1.506964650360764,24.268761768923856,0.01336211101361529,6.667e-05,"[4.379246502518523e-06, 3.1520530282994585e-06, 3.2060643935398467e-06]",0.5988937668529243,COMPLETE,2,1,2L2A_COUPLED_FREEC,legacy_price_return_abs_time
126,3.5799775013664024e-06,0.5671201796491541,0.741953787732877,-1.4143372740137545,23.779476056772722,0.016712118045162302,0.5671201796491541,0.741953787732877,-1.4143372740137545,23.779476056772722,0.016712118045162302,6.670000000000001e-06,"[4.389616878568024e-06, 3.1434846172365213e-06, 3.2068310082946618e-06]",0.5988973964679956,COMPLETE,2,1,2L2A_COUPLED_FREEC,legacy_price_return_abs_time
8,3.5808427612517836e-06,10.789354495330562,15.279736142087774,-0.05639862513669813,19.217910475599048,0.10791981330319592,10.789354495330562,15.279736142087774,-0.05639862513669813,19.217910475599048,0.10791981330319592,6.667e-05,"[4.3819831153865346e-06, 3.1545838817140743e-06, 3.205961286654741e-06]",0.5986955451087524,COMPLETE,2,1,2L2A_COUPLED_FREEC,legacy_price_return_abs_time
113,3.582499475801021e-06,0.051013076844722234,0.3520688648051335,-1.6117653218850057,31.0704301543529,0.010328942399816434,0.051013076844722234,0.3520688648051335,-1.6117653218850057,31.0704301543529,0.010328942399816434,6.670000000000001e-06,"[4.403579096174959e-06, 3.128285282698191e-06, 3.2156340485299144e-06]",0.5987788128459567,COMPLETE,2,1,2L2A_COUPLED_FREEC,legacy_price_return_abs_time
125,3.5825527656553726e-06,0.03336734045095304,0.35531543820060774,-1.439756442600282,24.007669032342914,0.011497430237324977,0.03336734045095304,0.35531543820060774,-1.439756442600282,24.007669032342914,0.011497430237324977,6.670000000000001e-06,"[4.397607717787237e-06, 3.137888126292379e-06, 3.212162452886503e-06]",0.5986826147431558,COMPLETE,2,1,2L2A_COUPLED_FREEC,legacy_price_return_abs_time
116,3.5826063187500884e-06,0.5371572776031184,6.095790128115753,-1.4966030480141022,27.505496862782927,0.01689114357527676,0.5371572776031184,6.095790128115753,-1.4966030480141022,27.505496862782927,0.01689114357527676,6.670000000000001e-06,"[4.3970688025679635e-06, 3.1388658805795226e-06, 3.2118842731027783e-06]",0.5986677707807889,COMPLETE,2,1,2L2A_COUPLED_FREEC,legacy_price_return_abs_time
141,3.582722477182502e-06,0.032146920901230704,0.24208993660038602,-1.4624543969624664,26.15198985521633,0.019050159104000187,0.032146920901230704,0.24208993660038602,-1.4624543969624664,26.15198985521633,0.019050159104000187,6.670000000000001e-06,"[4.3936713959067755e-06, 3.1444514216564035e-06, 3.210044613984328e-06]",0.5986027259759387,COMPLETE,2,1,2L2A_COUPLED_FREEC,legacy_price_return_abs_time
138,3.5829134630650156e-06,0.0326492045017228,0.45330328137666165,-1.4495328678451525,24.128160711581177,0.01297165121353662,0.0326492045017228,0.45330328137666165,-1.4495328678451525,24.128160711581177,0.01297165121353662,6.670000000000001e-06,"[4.394948414527859e-06, 3.1429966886349724e-06, 3.2107952860322155e-06]",0.5985967070326732,COMPLETE,2,1,2L2A_COUPLED_FREEC,legacy_price_return_abs_time
142,3.5829937930032607e-06,0.03430582752178211,0.5060404267881394,-1.3102347611419107,21.361494279652938,0.02000767158912363,0.03430582752178211,0.5060404267881394,-1.3102347611419107,21.361494279652938,0.02000767158912363,6.670000000000001e-06,"[4.394594947074954e-06, 3.143757099027366e-06, 3.2106293329074627e-06]",0.59858113867765,COMPLETE,2,1,2L2A_COUPLED_FREEC,legacy_price_return_abs_time
65,3.583087693829624e-06,0.04802579788925823,22.377173893021954,1.4618399038092043,26.20683655744926,0.010189324229159845,0.04802579788925823,22.377173893021954,1.4618399038092043,26.20683655744926,0.010189324229159845,6.670000000000001e-06,"[4.4079097735496206e-06, 3.123060664548245e-06, 3.218292643391006e-06]",0.5987670574026768,COMPLETE,2,1,2L2A_COUPLED_FREEC,legacy_price_return_abs_time
39,3.5831514803150704e-06,0.3684950286293465,0.4572571767614207,-1.4291653660096855,28.36368769807772,0.011507343518357752,0.3684950286293465,0.4572571767614207,-1.4291653660096855,28.36368769807772,0.011507343518357752,6.670000000000001e-06,"[4.425010973696093e-06, 3.0989380049602142e-06, 3.2255054622889043e-06]",0.5989940918760016,COMPLETE,2,1,2L2A_COUPLED_FREEC,legacy_price_return_abs_time
132,3.583156657556777e-06,0.03122882665418003,0.21464244387538237,-1.361292181117965,26.040617270280666,0.03183027931394716,0.03122882665418003,0.21464244387538237,-1.361292181117965,26.040617270280666,0.03183027931394716,6.670000000000001e-06,"[4.39136338882313e-06, 3.149051428542804e-06, 3.2090551553043944e-06]",0.5985136566982064,COMPLETE,2,1,2L2A_COUPLED_FREEC,legacy_price_return_abs_time
77,3.5835807335135423e-06,0.34059458965755673,8.750894791908856,-1.4492422316610896,23.425124159023486,0.012707165842997019,0.34059458965755673,8.750894791908856,-1.4492422316610896,23.425124159023486,0.012707165842997019,6.670000000000001e-06,"[4.392663176071344e-06, 3.148232787547589e-06, 3.209846236921695e-06]",0.5984774807512501,COMPLETE,2,1,2L2A_COUPLED_FREEC,legacy_price_return_abs_time
49,3.5836450505599523e-06,0.0842521270262486,0.11812962539078709,-1.7468857733626957,31.140442417358123,0.01620203083171867,0.0842521270262486,0.11812962539078709,-1.7468857733626957,31.140442417358123,0.01620203083171867,6.667e-05,"[4.378192236302362e-06, 3.1630463280394132e-06, 3.2096965873380817e-06]",0.5983133400979928,COMPLETE,2,1,2L2A_COUPLED_FREEC,legacy_price_return_abs_time
64,3.5837389042827245e-06,0.051155802747421285,18.648238255430204,-1.431384805468249,26.465283359840043,0.014476934963389901,0.051155802747421285,18.648238255430204,-1.431384805468249,26.465283359840043,0.014476934963389901,6.670000000000001e-06,"[4.4084385512127135e-06, 3.1238711375238696e-06, 3.2189070241115905e-06]",0.5986914415617695,COMPLETE,2,1,2L2A_COUPLED_FREEC,legacy_price_return_abs_time
87,3.5838182064065496e-06,0.2324765705842946,7.058139536014663,-1.7178233350047325,33.65507130883587,0.01589643881022055,0.2324765705842946,7.058139536014663,-1.7178233350047325,33.65507130883587,0.01589643881022055,6.670000000000001e-06,"[4.3915433797320916e-06, 3.1505248725545294e-06, 3.2093863669330284e-06]",0.598430882293271,COMPLETE,2,1,2L2A_COUPLED_FREEC,legacy_price_return_abs_time
133,3.583875647894161e-06,0.018681074223116503,1.120993173819754,-1.3639205185933796,25.794688086791602,0.031264400007825224,0.018681074223116503,1.120993173819754,-1.3639205185933796,25.794688086791602,0.031264400007825224,6.670000000000001e-06,"[4.391856705847854e-06, 3.150208053758113e-06, 3.209562184076516e-06]",0.5984279507949829,COMPLETE,2,1,2L2A_COUPLED_FREEC,legacy_price_return_abs_time
98,3.5843117970643246e-06,0.485225785109971,7.04596242080019,-1.5225219398901884,24.76184693313176,0.011643730677459925,0.485225785109971,7.04596242080019,-1.5225219398901884,24.76184693313176,0.011643730677459925,6.670000000000001e-06,"[4.389820402742969e-06, 3.1542508196730473e-06, 3.2088641687769583e-06]",0.5983436564804133,COMPLETE,2,1,2L2A_COUPLED_FREEC,legacy_price_return_abs_time
114,3.5844254573030907e-06,0.4949310227835416,13.015436215840797,-1.6119127754966467,27.36759971968948,0.010325836567848783,0.4949310227835416,13.015436215840797,-1.6119127754966467,27.36759971968948,0.010325836567848783,6.670000000000001e-06,"[4.390026307963336e-06, 3.1542574482537883e-06, 3.2089926156921484e-06]",0.5983318275211799,COMPLETE,2,1,2L2A_COUPLED_FREEC,legacy_price_return_abs_time
16,3.5844306161971813e-06,0.9021222092040002,29.479928349576003,-1.7788618994955732,34.08297489536077,0.01255968807069756,0.9021222092040002,29.479928349576003,-1.7788618994955732,34.08297489536077,0.01255968807069756,6.670000000000001e-06,"[4.389959503054793e-06, 3.1543709727986898e-06, 3.2089613727380606e-06]",0.5983302059984604,COMPLETE,2,1,2L2A_COUPLED_FREEC,legacy_price_return_abs_time
139,3.584850962291104e-06,0.39631535773321075,0.18717130412761498,-1.4560800807236083,21.242353110760842,0.020264573450416847,0.39631535773321075,0.18717130412761498,-1.4560800807236083,21.242353110760842,0.020264573450416847,0.00336667,"[4.362605859049436e-06, 3.1632202400214323e-06, 3.2287267878024434e-06]",0.5981272498736879,COMPLETE,2,1,2L2A_COUPLED_FREEC,legacy_price_return_abs_time
81,3.5850452823076395e-06,0.7323506629513771,9.530618462619083,-1.2486467878634084,17.999130130979257,0.02041210583229302,0.7323506629513771,9.530618462619083,-1.2486467878634084,17.999130130979257,0.02041210583229302,6.670000000000001e-06,"[4.388361512775018e-06, 3.158086276898038e-06, 3.208688057249862e-06]",0.5982301913555158,COMPLETE,2,1,2L2A_COUPLED_FREEC,legacy_price_return_abs_time
103,3.585319776506829e-06,1.435572436440094,6.012285793587559,-1.8550529464685908,34.21617651214049,0.011552077284693058,1.435572436440094,6.012285793587559,-1.8550529464685908,34.21617651214049,0.011552077284693058,6.667e-05,"[4.3836216706046366e-06, 3.163055753975839e-06, 3.209281904940011e-06]",0.5981477569187476,COMPLETE,2,1,2L2A_COUPLED_FREEC,legacy_price_return_abs_time
115,3.585669664847845e-06,0.5022973153049519,13.602648719141808,-1.5876128132235743,27.275177700992632,0.016486269991761858,0.5022973153049519,13.602648719141808,-1.5876128132235743,27.275177700992632,0.016486269991761858,3.667e-05,"[4.387399564468747e-06, 3.1606930749557125e-06, 3.2089163551190763e-06]",0.5981393605947664,COMPLETE,2,1,2L2A_COUPLED_FREEC,legacy_price_return_abs_time
27,3.585750195068209e-06,0.06690015928704073,12.040214832433966,-1.3523669984880422,24.03779712688935,0.011241724344972191,0.06690015928704073,12.040214832433966,-1.3523669984880422,24.03779712688935,0.011241724344972191,6.670000000000001e-06,"[4.419215758366979e-06, 3.1126042670825095e-06, 3.225430559755138e-06]",0.5985894137179865,COMPLETE,2,1,2L2A_COUPLED_FREEC,legacy_price_return_abs_time
110,3.5858239801661347e-06,0.05877942877035482,0.039931503538756394,-1.7599730542091603,31.006593971098496,0.02454527466490185,0.05877942877035482,0.039931503538756394,-1.7599730542091603,31.006593971098496,0.02454527466490185,0.00336667,"[4.365436495692841e-06, 3.1702272815839813e-06, 3.2218081632215807e-06]",0.5979787381969425,COMPLETE,2,1,2L2A_COUPLED_FREEC,legacy_price_return_abs_time
149,3.5858667713301304e-06,0.04235694486505799,0.3450441090888311,-1.3737452564171293,19.991929785956206,0.018587799452567392,0.04235694486505799,0.3450441090888311,-1.3737452564171293,19.991929785956206,0.018587799452567392,6.667e-05,"[4.383237002546152e-06, 3.1645383890059332e-06, 3.209824922438305e-06]",0.5980755860220429,COMPLETE,2,1,2L2A_COUPLED_FREEC,legacy_price_return_abs_time
135,3.5859154929132524e-06,0.04104352360972553,0.4568929687102457,-1.545880205317815,24.183992449203387,0.01281231298480453,0.04104352360972553,0.4568929687102457,-1.545880205317815,24.183992449203387,0.01281231298480453,6.667e-05,"[4.3849937769773945e-06, 3.1633451060144417e-06, 3.209407595747921e-06]",0.5980848825951209,COMPLETE,2,1,2L2A_COUPLED_FREEC,legacy_price_return_abs_time
86,3.586073938237353e-06,0.3510240954794289,14.28006512935513,-1.673483713950612,29.608786511722016,0.01602821310438382,0.3510240954794289,14.28006512935513,-1.673483713950612,29.608786511722016,0.01602821310438382,3.667e-05,"[4.3864275235424925e-06, 3.162538208553424e-06, 3.209256082616142e-06]",0.5980782234939119,COMPLETE,2,1,2L2A_COUPLED_FREEC,legacy_price_return_abs_time
83,3.586130358489348e-06,0.5572121859111254,3.617770130321554,-1.2159046772841433,26.84054390714923,0.02999072572397902,0.5572121859111254,3.617770130321554,-1.2159046772841433,26.84054390714923,0.02999072572397902,6.670000000000001e-06,"[4.424683934715687e-06, 3.1058318925428224e-06, 3.2278752482095365e-06]",0.5986156429593121,COMPLETE,2,1,2L2A_COUPLED_FREEC,legacy_price_return_abs_time
147,3.5863408086384207e-06,0.015054199598120328,0.3163328061073667,-1.367399009734487,19.77712914547733,0.017616258892750564,0.015054199598120328,0.3163328061073667,-1.367399009734487,19.77712914547733,0.017616258892750564,6.667e-05,"[4.384893050033813e-06, 3.1643011783263315e-06, 3.209828197555118e-06]",0.5980308732374588,COMPLETE,2,1,2L2A_COUPLED_FREEC,legacy_price_return_abs_time
80,3.5863711101966752e-06,0.06455243994894162,9.575969963727811,-1.2393321568412698,18.451046427366943,0.02711936569892475,0.06455243994894162,9.575969963727811,-1.2393321568412698,18.451046427366943,0.02711936569892475,3.667e-05,"[4.3868049448956605e-06, 3.162791183488495e-06, 3.2095172022058695e-06]",0.5980450303528418,COMPLETE,2,1,2L2A_COUPLED_FREEC,legacy_price_return_abs_time
111,3.586459475375439e-06,0.06065939624884138,11.20943625811208,-1.776923361620594,30.94603750143938,0.010563278399439362,0.06065939624884138,11.20943625811208,-1.776923361620594,30.94603750143938,0.010563278399439362,6.667e-05,"[4.384773608377016e-06, 3.164659217391028e-06, 3.2099456003582727e-06]",0.5980148288825069,COMPLETE,2,1,2L2A_COUPLED_FREEC,legacy_price_return_abs_time
140,3.5866400950382507e-06,0.03484370628105411,0.24404335953909742,-1.441593093778089,21.367805308933935,0.019757959615090817,0.03484370628105411,0.24404335953909742,-1.441593093778089,21.367805308933935,0.019757959615090817,6.667e-05,"[4.379418728498577e-06, 3.1683040024445463e-06, 3.212197554171628e-06]",0.5979503163734545,COMPLETE,2,1,2L2A_COUPLED_FREEC,legacy_price_return_abs_time
102,3.5868688756727222e-06,0.09063337690283088,4.527596195455963,-1.8807943325152086,34.28785245234948,0.012316060585625219,0.09063337690283088,4.527596195455963,-1.8807943325152086,34.28785245234948,0.012316060585625219,6.667e-05,"[4.38194736363586e-06, 3.167334377167158e-06, 3.211324886215148e-06]",0.5979408148323057,COMPLETE,2,1,2L2A_COUPLED_FREEC,legacy_price_return_abs_time
148,3.58715067371634e-06,0.013492984840657956,0.34630413718272596,-1.2179413482804151,22.40150871092655,0.018647027271426315,0.013492984840657956,0.34630413718272596,-1.2179413482804151,22.40150871092655,0.018647027271426315,6.670000000000001e-06,"[4.426088829326463e-06, 3.106191444819446e-06, 3.22917174700311e-06]",0.5985057677183961,COMPLETE,2,1,2L2A_COUPLED_FREEC,legacy_price_return_abs_time
26,3.5874517715437295e-06,0.0702335399316087,11.34686193876125,-1.3709246645732545,25.186895468457784,0.010169996679553915,0.0702335399316087,11.34686193876125,-1.3709246645732545,25.186895468457784,0.010169996679553915,6.670000000000001e-06,"[4.4265872488930866e-06, 3.1061877914317355e-06, 3.229580274306366e-06]",0.5984744283624813,COMPLETE,2,1,2L2A_COUPLED_FREEC,legacy_price_return_abs_time
104,3.5875457176476605e-06,1.3690799048820361,5.02342487834476,-1.898135990973867,33.81671609545346,0.014496374513988424,1.3690799048820361,5.02342487834476,-1.898135990973867,33.81671609545346,0.014496374513988424,6.667e-05,"[4.375571301352125e-06, 3.171509356139283e-06, 3.215556495451574e-06]",0.5978145277395236,COMPLETE,2,1,2L2A_COUPLED_FREEC,legacy_price_return_abs_time
124,3.5887427815359335e-06,0.035035586492667775,0.6654604635767696,-1.442583976519915,28.67380048169896,0.010251460090017775,0.035035586492667775,0.6654604635767696,-1.442583976519915,28.67380048169896,0.010251460090017775,6.670000000000001e-06,"[4.432706987493833e-06, 3.10092122318796e-06, 3.2326001339260087e-06]",0.5983918748193217,COMPLETE,2,1,2L2A_COUPLED_FREEC,legacy_price_return_abs_time
53,3.589096876828737e-06,0.07446011301133253,0.05286979490775033,-1.9721837218497487,36.30429741849406,0.022556328403894994,0.07446011301133253,0.05286979490775033,-1.9721837218497487,36.30429741849406,0.022556328403894994,0.00336667,"[4.363164266785564e-06, 3.175497992939094e-06, 3.2286283707615526e-06]",0.5975733469357788,COMPLETE,2,1,2L2A_COUPLED_FREEC,legacy_price_return_abs_time
101,3.589749905499575e-06,1.3670288115901146,7.834376795373909,-1.2874713295179758,28.221560897709992,0.06715026552881881,1.3670288115901146,7.834376795373909,-1.2874713295179758,28.221560897709992,0.06715026552881881,6.667e-05,"[4.372361902571696e-06, 3.1760953822866846e-06, 3.2207924316403437e-06]",0.5975282757704601,COMPLETE,2,1,2L2A_COUPLED_FREEC,legacy_price_return_abs_time
146,3.590440388828176e-06,0.01369003705250746,0.4687140447428135,-1.2898833004441552,19.53073490850487,0.04029480561684468,0.01369003705250746,0.4687140447428135,-1.2898833004441552,19.53073490850487,0.04029480561684468,6.667e-05,"[4.373815014727192e-06, 3.1767819572207998e-06, 3.2207241945365355e-06]",0.5974523682005382,COMPLETE,2,1,2L2A_COUPLED_FREEC,legacy_price_return_abs_time
95,3.5910136579245855e-06,3.0601397181489887,12.079601220281488,-1.5062201997553066,37.03283700478704,0.018347556802288684,3.0601397181489887,12.079601220281488,-1.5062201997553066,37.03283700478704,0.018347556802288684,6.670000000000001e-06,"[4.443762401822452e-06, 3.09202496050077e-06, 3.237253611450535e-06]",0.598244954010486,COMPLETE,2,1,2L2A_COUPLED_FREEC,legacy_price_return_abs_time
54,3.5916030726937058e-06,0.09856060573312495,0.05577923668232428,-1.991032743445821,35.83317389600031,0.0230755766218921,0.09856060573312495,0.05577923668232428,-1.991032743445821,35.83317389600031,0.0230755766218921,0.00336667,"[4.3587879520374024e-06, 3.178665649924469e-06, 3.2373556161192454e-06]",0.597260397839457,COMPLETE,2,1,2L2A_COUPLED_FREEC,legacy_price_return_abs_time
137,3.591980029327034e-06,0.04797737965748201,0.2077581911174651,-1.6883188005571976,24.376748599372053,0.013604411635600827,0.04797737965748201,0.2077581911174651,-1.6883188005571976,24.376748599372053,0.013604411635600827,0.00036667,"[4.368326855582643e-06, 3.1800214013859803e-06, 3.2275918310124767e-06]",0.5972412257610308,COMPLETE,2,1,2L2A_COUPLED_FREEC,legacy_price_return_abs_time
144,3.5920765134015073e-06,0.03162793366527268,0.581529568249814,-1.3078602075993127,25.506134024604705,0.012599035760850053,0.03162793366527268,0.581529568249814,-1.3078602075993127,25.506134024604705,0.012599035760850053,6.670000000000001e-06,"[4.444517638820219e-06, 3.0933353539663082e-06, 3.2383765474179938e-06]",0.5981212674521629,COMPLETE,2,1,2L2A_COUPLED_FREEC,legacy_price_return_abs_time
79,3.5922189707754532e-06,0.3455400822736339,9.197233140966594,-1.4094987466070232,18.135843813188337,0.019295961617697945,0.3455400822736339,9.197233140966594,-1.4094987466070232,18.135843813188337,0.019295961617697945,6.667e-05,"[4.371239945490699e-06, 3.1800678552286928e-06, 3.2253491116069675e-06]",0.597224470725745,COMPLETE,2,1,2L2A_COUPLED_FREEC,legacy_price_return_abs_time
119,3.592374110315828e-06,0.1452931015981875,17.713076579428673,1.8449613465488521,29.243478264394778,0.014146656413000688,0.1452931015981875,17.713076579428673,1.8449613465488521,29.243478264394778,0.014146656413000688,0.00036667,"[4.369243177323804e-06, 3.180503491385572e-06, 3.2273756622381092e-06]",0.5971975356113965,COMPLETE,2,1,2L2A_COUPLED_FREEC,legacy_price_return_abs_time
145,3.593205246419098e-06,0.013816987870175703,0.5004619413763549,-1.3020618966229847,25.587171237644785,0.012677416593572056,0.013816987870175703,0.5004619413763549,-1.3020618966229847,25.587171237644785,0.012677416593572056,6.670000000000001e-06,"[4.447745100807661e-06, 3.0918599046550667e-06, 3.240010733794567e-06]",0.598019053149537,COMPLETE,2,1,2L2A_COUPLED_FREEC,legacy_price_return_abs_time
55,3.5938248615987177e-06,0.07764080075710507,0.05755630094302383,-1.9731358737431823,34.35493212095461,0.02325185370651142,0.07764080075710507,0.05755630094302383,-1.9731358737431823,34.35493212095461,0.02325185370651142,0.00336667,"[4.358598523697391e-06, 3.1822959216081827e-06, 3.2405801394905795e-06]",0.5969893730387331,COMPLETE,2,1,2L2A_COUPLED_FREEC,legacy_price_return_abs_time
90,3.5938383259129573e-06,0.21461441995897426,0.0730828184443343,-1.6771846746019197,33.44676632698262,0.04945736976689368,0.21461441995897426,0.0730828184443343,-1.6771846746019197,33.44676632698262,0.04945736976689368,0.00336667,"[4.3543524271174586e-06, 3.1779493778240173e-06, 3.249213172797397e-06]",0.5970053955114295,COMPLETE,2,1,2L2A_COUPLED_FREEC,legacy_price_return_abs_time
128,3.594185386080711e-06,0.02546086065968469,0.3536785756855848,-1.179391500807952,22.82932798423552,0.01694319176968126,0.02546086065968469,0.3536785756855848,-1.179391500807952,22.82932798423552,0.01694319176968126,6.670000000000001e-06,"[4.451859468493982e-06, 3.089170090855445e-06, 3.241526598892706e-06]",0.5979450154564878,COMPLETE,2,1,2L2A_COUPLED_FREEC,legacy_price_return_abs_time
89,3.5946131961191588e-06,0.2249515089523924,15.39731825671585,-1.879953737703845,29.84402001115887,0.0155135045731921,0.2249515089523924,15.39731825671585,-1.879953737703845,29.84402001115887,0.0155135045731921,0.00336667,"[4.367698452458006e-06, 3.18375544082544e-06, 3.232385695074029e-06]",0.5969228171430564,COMPLETE,2,1,2L2A_COUPLED_FREEC,legacy_price_return_abs_time
58,3.5946698350325464e-06,0.1754889660723682,0.182862928583474,-1.56841139802784,73.56591572720016,0.10309692284686829,0.1754889660723682,0.182862928583474,-1.56841139802784,73.56591572720016,0.10309692284686829,0.00336667,"[4.36331438190348e-06, 3.1838955947532114e-06, 3.236799528440947e-06]",0.5969008161677014,COMPLETE,2,1,2L2A_COUPLED_FREEC,legacy_price_return_abs_time
38,3.5948950426762115e-06,0.3838860995608976,0.2580233577693359,-1.3067172910062437,28.448746919031823,0.010602438487860025,0.3838860995608976,0.2580233577693359,-1.3067172910062437,28.448746919031823,0.010602438487860025,1e-05,"[4.47824250454913e-06, 3.065977773613089e-06, 3.240464849866415e-06]",0.5981256122709373,COMPLETE,2,1,2L2A_COUPLED_FREEC,legacy_price_return_abs_time
127,3.5950390289291147e-06,0.07811914380020189,0.3322403694003706,-1.170058604430538,23.023156272141286,0.01667172439700219,0.07811914380020189,0.3322403694003706,-1.170058604430538,23.023156272141286,0.01667172439700219,6.670000000000001e-06,"[4.458175937815172e-06, 3.0840852159417864e-06, 3.242855933030385e-06]",0.5979097941876423,COMPLETE,2,1,2L2A_COUPLED_FREEC,legacy_price_return_abs_time
17,3.5951085140711252e-06,0.12534138142968362,29.65905291324438,-1.6371613626386254,35.69213380334497,0.060046002816825095,0.12534138142968362,29.65905291324438,-1.6371613626386254,35.69213380334497,0.060046002816825095,0.00336667,"[4.366944617402298e-06, 3.184485991463798e-06, 3.2338949333472795e-06]",0.5968605762556082,COMPLETE,2,1,2L2A_COUPLED_FREEC,legacy_price_return_abs_time
50,3.5954932532082313e-06,0.2951954696416685,0.10420893521653618,-1.7497947574390975,31.807044740400105,0.03870640850741177,0.2951954696416685,0.10420893521653618,-1.7497947574390975,31.807044740400105,0.03870640850741177,0.00336667,"[4.353390949787367e-06, 3.1799044340561236e-06, 3.253184375781203e-06]",0.5968062363200192,COMPLETE,2,1,2L2A_COUPLED_FREEC,legacy_price_return_abs_time
13,3.5958729435443516e-06,0.24461813703611163,24.054064822881607,-1.873328964757709,33.62243085693265,0.03188696643273835,0.24461813703611163,24.054064822881607,-1.873328964757709,33.62243085693265,0.03188696643273835,0.00336667,"[4.366115491965523e-06, 3.1855792448371956e-06, 3.235924093830337e-06]",0.5967658949137776,COMPLETE,2,1,2L2A_COUPLED_FREEC,legacy_price_return_abs_time
82,3.596130505959203e-06,0.6766014916798824,3.660526965751538,-0.9937471535723331,20.568160216452732,0.027634405344909324,0.6766014916798824,3.660526965751538,-0.9937471535723331,20.568160216452732,0.027634405344909324,6.670000000000001e-06,"[4.460908623456171e-06, 3.08334713454202e-06, 3.2441357598794186e-06]",0.5978046088617995,COMPLETE,2,1,2L2A_COUPLED_FREEC,legacy_price_return_abs_time
51,3.5992091671207332e-06,0.27119377683703894,0.1433928073719853,-1.7471280062703722,32.000760524193,0.04715290634867948,0.27119377683703894,0.1433928073719853,-1.7471280062703722,32.000760524193,0.04715290634867948,0.00336667,"[4.352100644967258e-06, 3.188467638980189e-06, 3.257059217414754e-06]",0.5963314468128921,COMPLETE,2,1,2L2A_COUPLED_FREEC,legacy_price_return_abs_time
78,3.5995441046469404e-06,0.038140452670328555,9.2975621385813,-1.4548412290029884,17.349504558730878,0.01893167640238053,0.038140452670328555,9.2975621385813,-1.4548412290029884,17.349504558730878,0.01893167640238053,0.00336667,"[4.3631788282258654e-06, 3.190604386283221e-06, 3.244849099431735e-06]",0.5963163553645584,COMPLETE,2,1,2L2A_COUPLED_FREEC,legacy_price_return_abs_time
18,3.6008893950442345e-06,0.22372792273421174,24.13880053169692,0.9703548879697748,31.83754941049341,0.04411346573202459,0.22372792273421174,24.13880053169692,0.9703548879697748,31.83754941049341,0.04411346573202459,1e-05,"[4.472485974789694e-06, 3.080850113441569e-06, 3.2493320969014403e-06]",0.5973395860265502,COMPLETE,2,1,2L2A_COUPLED_FREEC,legacy_price_return_abs_time
107,3.6019344063312274e-06,1.0032468791137532,0.12482726116171379,-1.3965427165305697,52.75096026324727,0.023784342815343036,1.0032468791137532,0.12482726116171379,-1.3965427165305697,52.75096026324727,0.023784342815343036,6.667e-05,"[4.528679365614645e-06, 3.0544076183812176e-06, 3.2227162349978204e-06]",0.5976075172834489,COMPLETE,2,1,2L2A_COUPLED_FREEC,legacy_price_return_abs_time
56,3.6027895516811093e-06,0.18003332845719008,0.0552441687716647,-1.9622374877356787,78.88739570345648,0.09929543220239002,0.18003332845719008,0.0552441687716647,-1.9622374877356787,78.88739570345648,0.09929543220239002,0.00336667,"[4.350797284493681e-06, 3.1944136750075505e-06, 3.263157695542097e-06]",0.5958906319737329,COMPLETE,2,1,2L2A_COUPLED_FREEC,legacy_price_return_abs_time
96,3.603012399781725e-06,0.2877784603787308,22.06094724369315,-1.512571296898995,42.77579667378643,0.019259233360573984,0.2877784603787308,22.06094724369315,-1.512571296898995,42.77579667378643,0.019259233360573984,1e-05,"[4.477805421672669e-06, 3.079900875921746e-06, 3.2513309017507595e-06]",0.5971314487354049,COMPLETE,2,1,2L2A_COUPLED_FREEC,legacy_price_return_abs_time
136,3.603181109733346e-06,0.028193150635437987,0.20803915572554393,-1.6681720912186186,24.088314086671787,0.031582539762515675,0.028193150635437987,0.20803915572554393,-1.6681720912186186,24.088314086671787,0.031582539762515675,0.00336667,"[4.357860908586579e-06, 3.1956257558425474e-06, 3.25605666477091e-06]",0.5958625748886447,COMPLETE,2,1,2L2A_COUPLED_FREEC,legacy_price_return_abs_time
28,3.603543868187478e-06,0.5640379017218938,1.5425290550006294,-1.4537386394944372,23.717038137532693,0.05921680378537504,0.5640379017218938,1.5425290550006294,-1.4537386394944372,23.717038137532693,0.05921680378537504,0.00336667,"[4.355360309327012e-06, 3.196106833087462e-06, 3.25916446214796e-06]",0.5958108258887405,COMPLETE,2,1,2L2A_COUPLED_FREEC,legacy_price_return_abs_time
71,3.609342127626287e-06,0.04587284508916309,19.133361423587782,1.5376643003598809,30.024918211021813,0.07667703907410538,0.04587284508916309,19.133361423587782,1.5376643003598809,30.024918211021813,0.07667703907410538,0.00366667,"[4.352581381465397e-06, 3.203766173881099e-06, 3.271678827532366e-06]",0.5951091085808585,COMPLETE,2,1,2L2A_COUPLED_FREEC,legacy_price_return_abs_time
19,3.611059846533567e-06,0.060831835077045385,27.21303099944138,0.9602678555090906,31.665989557442064,0.03973830610588288,0.060831835077045385,27.21303099944138,0.9602678555090906,31.665989557442064,0.03973830610588288,1e-05,"[4.500009626580186e-06, 3.0761711396063827e-06, 3.256998773414132e-06]",0.5963503166377715,COMPLETE,2,1,2L2A_COUPLED_FREEC,legacy_price_return_abs_time
129,3.6118055061974507e-06,0.02184593395548926,0.29982958935723314,-1.0884956242875683,22.723395301664663,0.016312951103668264,0.02184593395548926,0.29982958935723314,-1.0884956242875683,22.723395301664663,0.016312951103668264,1e-05,"[4.501906382013041e-06, 3.0760909238257727e-06, 3.2574192127535397e-06]",0.596275456495968,COMPLETE,2,1,2L2A_COUPLED_FREEC,legacy_price_return_abs_time
67,3.61450265721026e-06,9.56493690264171,8.14314512931257,-1.8131512978230704,26.066886812815177,0.03457420343749406,9.56493690264171,8.14314512931257,-1.8131512978230704,26.066886812815177,0.03457420343749406,0.00666667,"[4.341649154211935e-06, 3.209914882601727e-06, 3.2919439348171192e-06]",0.5944609799119607,COMPLETE,2,1,2L2A_COUPLED_FREEC,legacy_price_return_abs_time
85,3.6148982865009554e-06,0.6720163191930678,3.9072104884052328,-1.6406993140342794,20.120043967330645,0.028307004974442464,0.6720163191930678,3.9072104884052328,-1.6406993140342794,20.120043967330645,0.028307004974442464,0.00666667,"[4.346661921559286e-06, 3.2112101863491133e-06, 3.2868227515944673e-06]",0.5944249626127599,COMPLETE,2,1,2L2A_COUPLED_FREEC,legacy_price_return_abs_time
59,3.6150475637033774e-06,0.1758993322954784,0.15630752882226878,-1.6005984642196918,66.81758486398874,0.12505882723213443,0.1758993322954784,0.15630752882226878,-1.6005984642196918,66.81758486398874,0.12505882723213443,0.00666667,"[4.344233894115306e-06, 3.2113932770475032e-06, 3.289515519947323e-06]",0.5943990663400016,COMPLETE,2,1,2L2A_COUPLED_FREEC,legacy_price_return_abs_time
108,3.6164167451845133e-06,0.35102761970800955,10.618152551162634,-1.7376712071834106,21.63511456729616,0.024304385390380417,0.35102761970800955,10.618152551162634,-1.7376712071834106,21.63511456729616,0.024304385390380417,0.00666667,"[4.346608256579261e-06, 3.2130990795249245e-06, 3.289542899449355e-06]",0.5942443205551782,COMPLETE,2,1,2L2A_COUPLED_FREEC,legacy_price_return_abs_time
68,3.616448476721794e-06,0.05030506124175317,17.952006140167644,-1.835867515551027,26.127643461821883,0.03515321623023153,0.05030506124175317,17.952006140167644,-1.835867515551027,26.127643461821883,0.03515321623023153,0.00666667,"[4.3466628925623925e-06, 3.2131392916846628e-06, 3.2895432459183265e-06]",0.5942407279503811,COMPLETE,2,1,2L2A_COUPLED_FREEC,legacy_price_return_abs_time
57,3.6172342285513167e-06,0.18318136195243492,0.15990095263083462,-1.5507124483615355,48.02073533870035,0.11582785803055826,0.18318136195243492,0.15990095263083462,-1.5507124483615355,48.02073533870035,0.11582785803055826,0.00666667,"[4.3413039222956915e-06, 3.214238538314494e-06, 3.2961602250437657e-06]",0.5941284120861215,COMPLETE,2,1,2L2A_COUPLED_FREEC,legacy_price_return_abs_time
29,3.62059539649499e-06,0.4748915445478236,2.1457496535546996,-1.5714459786901571,25.516832536613926,0.07308220772841315,0.4748915445478236,2.1457496535546996,-1.5714459786901571,25.516832536613926,0.07308220772841315,0.00666667,"[4.341179888904408e-06, 3.2186422906893246e-06, 3.301964009891238e-06]",0.5937269077003179,COMPLETE,2,1,2L2A_COUPLED_FREEC,legacy_price_return_abs_time
143,3.62177107288547e-06,0.029641733889824527,0.47314646822619183,-1.278585670361477,30.84427000140473,0.011837877962890908,0.029641733889824527,0.47314646822619183,-1.278585670361477,30.84427000140473,0.011837877962890908,4e-05,"[4.525828079715885e-06, 3.0787158733518238e-06, 3.260769265588702e-06]",0.5952431165151092,COMPLETE,2,1,2L2A_COUPLED_FREEC,legacy_price_return_abs_time
34,3.625328590300157e-06,0.026862882814960198,12.691487698150176,-0.908559306059997,16.71486927632841,0.014599337338449281,0.026862882814960198,12.691487698150176,-0.908559306059997,16.71486927632841,0.014599337338449281,4e-05,"[4.532134188714544e-06, 3.08136425811554e-06, 3.2624873240703875e-06]",0.5948545527795366,COMPLETE,2,1,2L2A_COUPLED_FREEC,legacy_price_return_abs_time
105,3.6275367913312222e-06,0.3842626809498715,4.5153492469936,-1.85321308316795,22.066382792479782,0.02260931290860286,0.3842626809498715,4.5153492469936,-1.85321308316795,22.066382792479782,0.02260931290860286,0.00666667,"[4.336237200255067e-06, 3.2274603155473956e-06, 3.3189128581912024e-06]",0.5928839758476383,COMPLETE,2,1,2L2A_COUPLED_FREEC,legacy_price_return_abs_time
76,3.627793848633088e-06,0.10352991067517385,29.18764896948837,1.9582393857879172,23.129541682856583,0.012752566482501929,0.10352991067517385,29.18764896948837,1.9582393857879172,23.129541682856583,0.012752566482501929,0.00366667,"[4.335376920314941e-06, 3.227859935719835e-06, 3.3201446898644877e-06]",0.5928499454054551,COMPLETE,2,1,2L2A_COUPLED_FREEC,legacy_price_return_abs_time
44,3.6338232866097488e-06,2.195942139553251,0.2820152212897424,-1.1346516278261547,21.033170249857342,0.02795433278008824,2.195942139553251,0.2820152212897424,-1.1346516278261547,21.033170249857342,0.02795433278008824,33.3367,"[4.426861862821212e-06, 3.189030874555069e-06, 3.2855771224529646e-06]",0.592780283984641,COMPLETE,2,1,2L2A_COUPLED_FREEC,legacy_price_return_abs_time
73,3.6367566639537406e-06,0.10352645649671811,20.45938783999888,1.5115973070337012,13.053581890689545,0.013968217275954282,0.10352645649671811,20.45938783999888,1.5115973070337012,13.053581890689545,0.013968217275954282,0.00336667,"[4.327239907053999e-06, 3.2393363606879943e-06, 3.3436937241192283e-06]",0.5917549710269215,COMPLETE,2,1,2L2A_COUPLED_FREEC,legacy_price_return_abs_time
15,3.6412885691697985e-06,1.2075071062132174,24.635595368630533,-1.7195595281594975,29.06119595108834,0.09607555066716009,1.2075071062132174,24.635595368630533,-1.7195595281594975,29.06119595108834,0.09607555066716009,0.00336667,"[4.324694733391426e-06, 3.2449839541694196e-06, 3.3541870199485495e-06]",0.5912077334621456,COMPLETE,2,1,2L2A_COUPLED_FREEC,legacy_price_return_abs_time
109,3.642934674447047e-06,0.9528999221423416,2.8705121535940483,-1.737023768162714,17.419772319544027,0.02479985278223655,0.9528999221423416,2.8705121535940483,-1.737023768162714,17.419772319544027,0.02479985278223655,0.00336667,"[4.3216865049553115e-06, 3.2472715468961432e-06, 3.3598459714896863e-06]",0.5910002190973234,COMPLETE,2,1,2L2A_COUPLED_FREEC,legacy_price_return_abs_time
84,3.657728634562985e-06,0.6560441945452288,6.225173850223171,-0.9721650898389584,20.495752336889602,0.010067579209996723,0.6560441945452288,6.225173850223171,-0.9721650898389584,20.495752336889602,0.010067579209996723,3.334e-05,"[4.58884587661925e-06, 3.1208759290846934e-06, 3.263464097985014e-06]",0.5912006948339275,COMPLETE,2,1,2L2A_COUPLED_FREEC,legacy_price_return_abs_time
46,3.658150515794918e-06,2.4221283795147164,0.27360309575278613,-1.059297343731179,22.074863244014818,0.017699665021549536,2.4221283795147164,0.27360309575278613,-1.059297343731179,22.074863244014818,0.017699665021549536,33.6667,"[4.513767722026878e-06, 3.204126440028846e-06, 3.2565573853290306e-06]",0.5902926421568852,COMPLETE,2,1,2L2A_COUPLED_FREEC,legacy_price_return_abs_time
22,3.6641792947664412e-06,3.803662355281686,6.444234368040269,-0.024030154804728386,14.013320350111547,0.22655354254351698,3.803662355281686,6.444234368040269,-0.024030154804728386,14.013320350111547,0.22655354254351698,0.00333667,"[4.305322735391975e-06, 3.2724072795512855e-06, 3.4148078693560634e-06]",0.5884297561917299,COMPLETE,2,1,2L2A_COUPLED_FREEC,legacy_price_return_abs_time
25,3.6646222566309276e-06,0.0754741105662217,10.45806571636593,-1.2937299544185672,24.575952196143223,0.1675424874649171,0.0754741105662217,10.45806571636593,-1.2937299544185672,24.575952196143223,0.1675424874649171,33.33666667,"[4.307174004552444e-06, 3.2745239195341477e-06, 3.412168845806191e-06]",0.588371892357829,COMPLETE,2,1,2L2A_COUPLED_FREEC,legacy_price_return_abs_time
70,3.669631167853288e-06,0.016270342687953323,18.829742211960266,0.7395426902466582,29.997913220027662,0.03623577339125012,0.016270342687953323,18.829742211960266,0.7395426902466582,29.997913220027662,0.03623577339125012,3.334e-05,"[4.603517785093824e-06, 3.1411075410815625e-06, 3.2642681773844766e-06]",0.5897958455178021,COMPLETE,2,1,2L2A_COUPLED_FREEC,legacy_price_return_abs_time
131,3.670702216905301e-06,0.022587892298138786,1.0129105726602865,-1.3457215669818354,26.172462684600653,0.1765009145567349,0.022587892298138786,1.0129105726602865,-1.3457215669818354,26.172462684600653,0.1765009145567349,33.33666667,"[4.3038210054408765e-06, 3.282814735132588e-06, 3.425470910142438e-06]",0.5876327076289661,COMPLETE,2,1,2L2A_COUPLED_FREEC,legacy_price_return_abs_time
69,3.6771378159185987e-06,0.01830510743057633,19.35280557571899,1.6288459464751224,12.467652416821913,0.03747588515753745,0.01830510743057633,19.35280557571899,1.6288459464751224,12.467652416821913,0.03747588515753745,0.00333667,"[4.3000231889836e-06, 3.290858926007917e-06, 3.440531332764279e-06]",0.5868547996915033,COMPLETE,2,1,2L2A_COUPLED_FREEC,legacy_price_return_abs_time
20,3.6868437493181953e-06,0.15571810726001475,4.871773128444638,0.996449645777486,49.17453631238558,0.03192112232731339,0.15571810726001475,4.871773128444638,0.996449645777486,49.17453631238558,0.03192112232731339,3.334e-05,"[4.622327164184916e-06, 3.174445156440417e-06, 3.263758927329252e-06]",0.5877263003532528,COMPLETE,2,1,2L2A_COUPLED_FREEC,legacy_price_return_abs_time
106,3.6891112600934385e-06,0.9193829619507555,0.12011929639047242,-1.4067387768810478,17.251863208524938,0.014756931704914914,0.9193829619507555,0.12011929639047242,-1.4067387768810478,17.251863208524938,0.014756931704914914,0.00033334000000000006,"[4.362898598318965e-06, 3.2612126864316885e-06, 3.443222495529661e-06]",0.5859693174623803,COMPLETE,2,1,2L2A_COUPLED_FREEC,legacy_price_return_abs_time
14,3.6954459184801835e-06,1.1457764476624743,0.10866443742920896,-1.9652799947444932,38.09589422691891,0.07796017001605432,1.1457764476624743,0.10866443742920896,-1.9652799947444932,38.09589422691891,0.07796017001605432,6.667e-05,"[4.3342571979807835e-06, 3.2690187477671585e-06, 3.4830618096926083e-06]",0.585120588233219,COMPLETE,2,1,2L2A_COUPLED_FREEC,legacy_price_return_abs_time
91,3.7003116536283635e-06,0.20562036307240028,0.07718873185531538,-0.14912658365773646,27.489629221485675,0.04688591736978229,0.20562036307240028,0.07718873185531538,-0.14912658365773646,27.489629221485675,0.04688591736978229,3.334e-05,"[4.638879605433465e-06, 3.2359821402890644e-06, 3.2260732151625616e-06]",0.5858538363147793,COMPLETE,2,1,2L2A_COUPLED_FREEC,legacy_price_return_abs_time
23,3.709558601605636e-06,3.9277839524585234,5.439257381714953,1.9749273909687557,14.279895248880967,0.010837253771890357,3.9277839524585234,5.439257381714953,1.9749273909687557,14.279895248880967,0.010837253771890357,0.00333367,"[4.291832743510479e-06, 3.3205275552381606e-06, 3.5163155060682677e-06]",0.5830521621475919,COMPLETE,2,1,2L2A_COUPLED_FREEC,legacy_price_return_abs_time
12,3.7206175107752005e-06,13.989292231995423,0.014577773471069273,-1.8558747079740727,24.404151818388172,0.01897419219523531,13.989292231995423,0.014577773471069273,-1.8558747079740727,24.404151818388172,0.01897419219523531,3.667e-05,"[4.531707650352205e-06, 3.381836766586049e-06, 3.2483081153873475e-06]",0.5821976013028322,COMPLETE,2,1,2L2A_COUPLED_FREEC,legacy_price_return_abs_time
62,3.736471155544015e-06,0.7642800605215336,0.03198198163518426,-1.4935878687248336,59.721938415460976,0.01694029257750184,0.7642800605215336,0.03198198163518426,-1.4935878687248336,59.721938415460976,0.01694029257750184,36.6667,"[4.629561053099144e-06, 3.3113889505999637e-06, 3.268463462932937e-06]",0.5813025136150985,COMPLETE,2,1,2L2A_COUPLED_FREEC,legacy_price_return_abs_time
118,3.7462127490336317e-06,0.05043865939398039,0.4034472403936398,-1.4817438403744057,27.06209779252813,0.28305889891093483,0.05043865939398039,0.4034472403936398,-1.4817438403744057,27.06209779252813,0.28305889891093483,3.34e-06,"[4.325024614733632e-06, 3.354100641124363e-06, 3.559512991242899e-06]",0.5788956929584433,COMPLETE,2,1,2L2A_COUPLED_FREEC,legacy_price_return_abs_time
21,3.746381809623222e-06,3.8306615844241865,6.527631576145081,1.0867035646536725,14.127062132893725,0.25416694537585366,3.8306615844241865,6.527631576145081,1.0867035646536725,14.127062132893725,0.25416694537585366,0.00033366999999999994,"[4.3059841926051874e-06, 3.352770197467246e-06, 3.580391038797231e-06]",0.5788227682020786,COMPLETE,2,1,2L2A_COUPLED_FREEC,legacy_price_return_abs_time
32,3.757617796930179e-06,0.011761753557152881,2.45842029311959,-0.26543689455074837,16.476504819539322,0.37948239239813364,0.011761753557152881,2.45842029311959,-0.26543689455074837,16.476504819539322,0.37948239239813364,3.399999999999999e-07,"[4.335763753301227e-06, 3.360516260526405e-06, 3.5765733769629064e-06]",0.5776332655104965,COMPLETE,2,1,2L2A_COUPLED_FREEC,legacy_price_return_abs_time
48,3.7598016279717484e-06,6.037981109531321,0.0921167574207167,-1.7588539676098243,41.923490786154076,0.016688933657199007,6.037981109531321,0.0921167574207167,-1.7588539676098243,41.923490786154076,0.016688933657199007,3.34e-06,"[4.566845256856032e-06, 3.4783413300478464e-06, 3.234218297011367e-06]",0.577309679121841,COMPLETE,2,1,2L2A_COUPLED_FREEC,legacy_price_return_abs_time
72,3.7645359980178996e-06,0.13020997867704853,20.39670871383126,1.3996147641552075,10.12619886822137,0.17106047657165319,0.13020997867704853,20.39670871383126,1.3996147641552075,10.12619886822137,0.17106047657165319,3.34e-06,"[4.327279896063888e-06, 3.37228929111763e-06, 3.594038806872179e-06]",0.5767593407866398,COMPLETE,2,1,2L2A_COUPLED_FREEC,legacy_price_return_abs_time
117,3.7730880552658755e-06,0.5307474648899058,0.4128007824872171,-1.2889978323517253,26.6921078455723,0.30991912272921995,0.5307474648899058,0.4128007824872171,-1.2889978323517253,26.6921078455723,0.30991912272921995,3.6700000000000004e-06,"[4.322650880404418e-06, 3.3806817269800443e-06, 3.6159315584131643e-06]",0.5757438153625642,COMPLETE,2,1,2L2A_COUPLED_FREEC,legacy_price_return_abs_time
33,3.7842730689867392e-06,0.011069697179780328,14.707108558672392,-0.3257341304881381,15.610625966874995,0.4133568250771747,0.011069697179780328,14.707108558672392,-0.3257341304881381,15.610625966874995,0.4133568250771747,3.399999999999999e-07,"[4.359434280229767e-06, 3.3788667635688476e-06, 3.614518163161604e-06]",0.5746534266671993,COMPLETE,2,1,2L2A_COUPLED_FREEC,legacy_price_return_abs_time
63,3.790712320933283e-06,1.4769580640851174,0.024202125840485814,-0.6974262444685476,56.427416590025445,0.05354610696276972,1.4769580640851174,0.024202125840485814,-0.6974262444685476,56.427416590025445,0.05354610696276972,33.33366667,"[4.425836372385591e-06, 3.5875458744562663e-06, 3.3587547159579914e-06]",0.5726437924394736,COMPLETE,2,1,2L2A_COUPLED_FREEC,legacy_price_return_abs_time
37,3.7988653518679927e-06,0.0342465189136506,14.277499060693088,-0.9256709127655961,28.319695329893285,0.012404646538255354,0.0342465189136506,14.277499060693088,-0.9256709127655961,28.319695329893285,0.012404646538255354,1.0000000000000002e-08,"[4.703308147490337e-06, 3.432028212219249e-06, 3.261259695894393e-06]",0.5738208298012499,COMPLETE,2,1,2L2A_COUPLED_FREEC,legacy_price_return_abs_time
92,3.799388621000971e-06,3.0506539362987914,0.06929171467865582,-0.17130382317275025,38.17572191853812,0.04552644335698505,3.0506539362987914,0.06929171467865582,-0.17130382317275025,38.17572191853812,0.04552644335698505,36.666666670000005,"[4.697703740396004e-06, 3.4048352438285588e-06, 3.29562687877835e-06]",0.5739434547427192,COMPLETE,2,1,2L2A_COUPLED_FREEC,legacy_price_return_abs_time
24,3.8236811834610285e-06,0.11975660207983473,7.858817447350946,-1.190938814026862,46.486296583572624,0.010755400981863568,0.11975660207983473,7.858817447350946,-1.190938814026862,46.486296583572624,0.010755400981863568,1.0000000000000002e-08,"[4.716795172920472e-06, 3.4927430498407063e-06, 3.261505327621909e-06]",0.5706986762804432,COMPLETE,2,1,2L2A_COUPLED_FREEC,legacy_price_return_abs_time
36,3.834979189434783e-06,0.032808042896638114,12.147035623859956,-0.8866079400413064,27.677387274602832,0.012278101225666489,0.032808042896638114,12.147035623859956,-0.8866079400413064,27.677387274602832,0.012278101225666489,1.0000000000000002e-08,"[4.722829460033197e-06, 3.5196466612869755e-06, 3.262461446984176e-06]",0.5692822843066282,COMPLETE,2,1,2L2A_COUPLED_FREEC,legacy_price_return_abs_time
35,3.859369445985404e-06,0.02846883901366728,14.280423521537513,-0.8772823319991517,16.152575082819336,0.4737027092761185,0.02846883901366728,14.280423521537513,-0.8772823319991517,16.152575082819336,0.4737027092761185,1.0000000000000002e-08,"[4.423445965693527e-06, 3.4413922330479496e-06, 3.7132701392147354e-06]",0.566170069393454,COMPLETE,2,1,2L2A_COUPLED_FREEC,legacy_price_return_abs_time
6,3.888160733910043e-06,1.695511982411868,0.013083566705307508,-0.5601717663912105,12.0054929984543,0.22953897135325166,1.695511982411868,0.013083566705307508,-0.5601717663912105,12.0054929984543,0.22953897135325166,0.0036666700000000003,"[4.319507471942845e-06, 3.6442467069300655e-06, 3.7007280228572196e-06]",0.5611765226804891,COMPLETE,2,1,2L2A_COUPLED_FREEC,legacy_price_return_abs_time
99,3.897609308267941e-06,0.47168043800516,7.143258945804357,-0.79302651854125,25.053052031299355,0.012702624568187023,0.47168043800516,7.143258945804357,-0.79302651854125,25.053052031299355,0.012702624568187023,3.3339999999999996e-05,"[4.754325360899594e-06, 3.6711332223211097e-06, 3.267369341583119e-06]",0.5614068102029485,COMPLETE,2,1,2L2A_COUPLED_FREEC,legacy_price_return_abs_time
122,3.90544076213291e-06,0.151256875654392,0.5740657500606225,0.8237084098307513,28.58254496395956,0.013656817023035851,0.151256875654392,0.5740657500606225,0.8237084098307513,28.58254496395956,0.013656817023035851,3.3339999999999996e-05,"[4.75715659768926e-06, 3.6948812379199997e-06, 3.2642844507894694e-06]",0.5603831563277264,COMPLETE,2,1,2L2A_COUPLED_FREEC,legacy_price_return_abs_time
130,3.924789931335791e-06,0.020458945019811936,1.1254852620801485,-1.0671597809140838,32.64887201278317,0.5775540288374807,0.020458945019811936,1.1254852620801485,-1.0671597809140838,32.64887201278317,0.5775540288374807,1.0000000000000002e-08,"[4.446383145899958e-06, 3.5170123998726647e-06, 3.8109742482347503e-06]",0.558514522105774,COMPLETE,2,1,2L2A_COUPLED_FREEC,legacy_price_return_abs_time
11,3.94538063033133e-06,9.703941881358164,0.02668228488682799,-0.6717434707858203,57.33568963075203,0.1253275615685507,9.703941881358164,0.02668228488682799,-0.6717434707858203,57.33568963075203,0.1253275615685507,0.00033334000000000006,"[4.383449707141636e-06, 3.856389684319483e-06, 3.596302499532872e-06]",0.5535603242847218,COMPLETE,2,1,2L2A_COUPLED_FREEC,legacy_price_return_abs_time
43,3.953499095745819e-06,29.190092309617366,0.8405130714983943,0.21434621269195653,40.950325089796706,0.027969249266880283,29.190092309617366,0.8405130714983943,0.21434621269195653,40.950325089796706,0.027969249266880283,33.66666667,"[4.896879687915223e-06, 3.83041161467485e-06, 3.133205984647384e-06]",0.5545879594738786,COMPLETE,2,1,2L2A_COUPLED_FREEC,legacy_price_return_abs_time
97,4.064108503801638e-06,0.43019845851248417,1.1829357853960631,-0.5040551765882315,24.9971890945021,0.019166982319995512,0.43019845851248417,1.1829357853960631,-0.5040551765882315,24.9971890945021,0.019166982319995512,33.333333339999996,"[4.904110725276954e-06, 3.94959478191588e-06, 3.3386200042120787e-06]",0.5416015878042842,COMPLETE,2,1,2L2A_COUPLED_FREEC,legacy_price_return_abs_time
31,4.138459472353644e-06,0.024146947984586168,1.6862638646487156,-0.2942900033480193,22.193685566360728,0.023211861471594895,0.024146947984586168,1.6862638646487156,-0.2942900033480193,22.193685566360728,0.023211861471594895,33.333333339999996,"[4.972339783165516e-06, 4.052245994974379e-06, 3.3907926389210352e-06]",0.5329207098752201,COMPLETE,2,1,2L2A_COUPLED_FREEC,legacy_price_return_abs_time
66,4.144699765528967e-06,12.18271746041102,0.3917359984467476,-0.710163945040967,26.197941440273908,0.010309718177807913,12.18271746041102,0.3917359984467476,-0.710163945040967,26.197941440273908,0.010309718177807913,33.36666667,"[4.60886385897948e-06, 4.33422873944373e-06, 3.4910066981636905e-06]",0.5289494135374802,COMPLETE,2,1,2L2A_COUPLED_FREEC,legacy_price_return_abs_time
30,4.182857150426278e-06,0.02433540327351112,2.4668853689475796,-0.3479488513365627,24.71170205056418,0.0209869022942305,0.02433540327351112,2.4668853689475796,-0.3479488513365627,24.71170205056418,0.0209869022942305,66.66666667,"[5.014521154865808e-06, 4.114553361145288e-06, 3.4194969352677374e-06]",0.5277344939324667,COMPLETE,2,1,2L2A_COUPLED_FREEC,legacy_price_return_abs_time
0,4.19336108183444e-06,7.232340283440706,0.24687771085321716,1.6535644772568334,17.56451684310707,0.6111897138858108,7.232340283440706,0.24687771085321716,1.6535644772568334,17.56451684310707,0.6111897138858108,3.6700000000000004e-06,"[4.634130539966934e-06, 3.835501228628456e-06, 4.11045147690793e-06]",0.5273423713193272,COMPLETE,2,1,2L2A_COUPLED_FREEC,legacy_price_return_abs_time
10,4.2525594709913685e-06,0.010859851005984017,0.01750818069534856,0.3855677002867819,21.14843133259162,0.01663969137974421,0.010859851005984017,0.01750818069534856,0.3855677002867819,21.14843133259162,0.01663969137974421,36.66666667,"[5.09717463571384e-06, 4.233887277808588e-06, 3.426616499451679e-06]",0.5194903107601686,COMPLETE,2,1,2L2A_COUPLED_FREEC,legacy_price_return_abs_time
61,4.271267239810427e-06,0.041765286754319446,0.03356496330186705,0.6730022700664333,56.12496523853481,0.01519238759915074,0.041765286754319446,0.03356496330186705,0.6730022700664333,56.12496523853481,0.01519238759915074,36.66666667,"[5.117213432420047e-06, 4.266536013211331e-06, 3.430052273799902e-06]",0.5172658539304588,COMPLETE,2,1,2L2A_COUPLED_FREEC,legacy_price_return_abs_time
40,4.281121248010427e-06,0.4533995701117379,0.7314411116933733,-1.3532961777999666,19.044234947793328,0.8352782298622907,0.4533995701117379,0.7314411116933733,-1.3532961777999666,19.044234947793328,0.8352782298622907,1.0000000000000002e-08,"[4.7916350339299205e-06, 3.856977294577656e-06, 4.1947514155237074e-06]",0.518084264813716,COMPLETE,2,1,2L2A_COUPLED_FREEC,legacy_price_return_abs_time
94,4.301417440740197e-06,0.2891954331895081,23.470438813796356,-0.1673061160044666,15.243792724070934,0.02088981128133121,0.2891954331895081,23.470438813796356,-0.1673061160044666,15.243792724070934,0.02088981128133121,36.66666667,"[5.147555144987242e-06, 4.317594013265557e-06, 3.4391031639677944e-06]",0.5136856633639632,COMPLETE,2,1,2L2A_COUPLED_FREEC,legacy_price_return_abs_time
41,4.34766874595034e-06,0.432853647174688,3.6138375398867275,-1.346504711906322,19.8283794413236,0.9236530252675734,0.432853647174688,3.6138375398867275,-1.346504711906322,19.8283794413236,0.9236530252675734,1.0000000000000002e-08,"[5.008137766482887e-06, 3.899855929990246e-06, 4.135012541377886e-06]",0.5111962191958521,COMPLETE,2,1,2L2A_COUPLED_FREEC,legacy_price_return_abs_time
2,4.523392470163817e-06,1.9917937775391448,1.1882295765487372,-1.4605680931874447,68.2869550605613,1.1699189477720415,1.9917937775391448,1.1882295765487372,-1.4605680931874447,68.2869550605613,1.1699189477720415,1.0000000000000002e-08,"[5.2148890038514806e-06, 4.072924889743833e-06, 4.282363516896135e-06]",0.4913413932628017,COMPLETE,2,1,2L2A_COUPLED_FREEC,legacy_price_return_abs_time
123,4.558227843627979e-06,0.2545177399557026,0.6795917365828597,0.40757404787700086,23.921581901891944,0.011013454265739565,0.2545177399557026,0.6795917365828597,0.40757404787700086,23.921581901891944,0.011013454265739565,36.667,"[5.42818783859136e-06, 4.821074143005215e-06, 3.4254215492873614e-06]",0.48276368545771214,COMPLETE,2,1,2L2A_COUPLED_FREEC,legacy_price_return_abs_time
42,4.603582856397367e-06,1.026738785243579,0.8271954822041432,0.4077315581055162,19.467331158938876,1.2961409381186706,1.026738785243579,0.8271954822041432,0.4077315581055162,19.467331158938876,1.2961409381186706,1.0000000000000002e-08,"[5.2041123113472735e-06, 4.1758890302774875e-06, 4.430747227567339e-06]",0.48175138776390997,COMPLETE,2,1,2L2A_COUPLED_FREEC,legacy_price_return_abs_time
4,4.6275951310028644e-06,14.814055211136411,0.010700718213030536,-1.07308312402784,11.299547310111443,1.186076395428738,14.814055211136411,0.010700718213030536,-1.07308312402784,11.299547310111443,1.186076395428738,0.0066666699999999995,"[5.051406937953391e-06, 4.324732463380124e-06, 4.506645991675081e-06]",0.47751322931030976,COMPLETE,2,1,2L2A_COUPLED_FREEC,legacy_price_return_abs_time
121,4.8772977668006575e-06,0.1500231098714279,8.04695722071763,0.3598464858933099,28.763415569464353,0.010038114188414094,0.1500231098714279,8.04695722071763,0.3598464858933099,28.763415569464353,0.010038114188414094,36.67,"[5.7194782926788474e-06, 5.4883175006798e-06, 3.4240975070433235e-06]",0.4438469438371762,COMPLETE,2,1,2L2A_COUPLED_FREEC,legacy_price_return_abs_time
5,4.879038399547305e-06,16.83035620570479,0.016224540035449715,0.5302825459522067,19.488972543563115,1.6941807315167925,16.83035620570479,0.016224540035449715,0.5302825459522067,19.488972543563115,1.6941807315167925,3.4e-07,"[5.477238511209662e-06, 4.533455534243551e-06, 4.6264211531887006e-06]",0.4498252937929914,COMPLETE,2,1,2L2A_COUPLED_FREEC,legacy_price_return_abs_time
74,4.895266545097081e-06,0.11712043002788104,28.588606939281153,0.08480052639554403,23.33213564728169,0.014080981795262258,0.11712043002788104,28.588606939281153,0.08480052639554403,23.33213564728169,0.014080981795262258,36.67,"[5.734333255456672e-06, 5.526606993058089e-06, 3.424859386776482e-06]",0.44164487261381274,COMPLETE,2,1,2L2A_COUPLED_FREEC,legacy_price_return_abs_time
75,5.077132786284843e-06,0.13768318523312567,28.224564489138967,0.08440812604740192,23.18598542864003,0.012623842888092669,0.13768318523312567,28.224564489138967,0.08440812604740192,23.18598542864003,0.012623842888092669,33.67,"[5.882579189269014e-06, 5.92996315768134e-06, 3.4188560119041736e-06]",0.4192343857298573,COMPLETE,2,1,2L2A_COUPLED_FREEC,legacy_price_return_abs_time
45,5.203689071022658e-06,0.9983576041554039,0.25165892398001377,-1.130291556188599,40.54787396570079,2.165013371210694,0.9983576041554039,0.25165892398001377,-1.130291556188599,40.54787396570079,2.165013371210694,1.0000000000000002e-08,"[6.1595700825473535e-06, 4.806705089828066e-06, 4.644792040692554e-06]",0.4144947209278611,COMPLETE,2,1,2L2A_COUPLED_FREEC,legacy_price_return_abs_time
47,5.392745745828813e-06,5.7457092832620615,0.4013142269045255,-1.1147001072984126,21.71638317582723,2.343300302854604,5.7457092832620615,0.4013142269045255,-1.1147001072984126,21.71638317582723,2.343300302854604,1.0000000000000002e-08,"[6.406048451127264e-06, 5.031905531865433e-06, 4.740283254493742e-06]",0.3929290661850577,COMPLETE,2,1,2L2A_COUPLED_FREEC,legacy_price_return_abs_time
100,5.7745220536770646e-06,17.855911668816518,0.20857761332241603,-0.5759254913537086,25.18524723289977,0.012081059591690275,17.855911668816518,0.20857761332241603,-0.5759254913537086,25.18524723289977,0.012081059591690275,0.007,"[7.02995860945585e-06, 6.0628602445213736e-06, 4.230747307053969e-06]",0.34558982651677717,COMPLETE,2,1,2L2A_COUPLED_FREEC,legacy_price_return_abs_time
112,5.973030591659664e-06,1.7594683491177368,0.5248062986988459,-1.5970670970331677,18.963000406113217,3.7613256062806615,1.7594683491177368,0.5248062986988459,-1.5970670970331677,18.963000406113217,3.7613256062806615,0.06666667,"[7.1196141326303556e-06, 5.615288386213427e-06, 5.184189256135212e-06]",0.32738030428944437,COMPLETE,2,1,2L2A_COUPLED_FREEC,legacy_price_return_abs_time
7,6.041159327989312e-06,23.91910688396425,0.5181137513155423,-0.520245816421625,59.262091310896515,8.004410009451473,23.91910688396425,0.5181137513155423,-0.520245816421625,59.262091310896515,8.004410009451473,3.399999999999999e-07,"[7.214571790789542e-06, 5.6239019499982646e-06, 5.28500424318013e-06]",0.3201601715859733,COMPLETE,2,1,2L2A_COUPLED_FREEC,legacy_price_return_abs_time
88,6.049150344387878e-06,0.21451528993904434,16.536155445941205,-1.6842947754818842,32.21585708926343,7.999790270559671,0.21451528993904434,16.536155445941205,-1.6842947754818842,32.21585708926343,7.999790270559671,0.00067,"[7.2142810366693084e-06, 5.68548053386382e-06, 5.2476894626305075e-06]",0.31883176062590585,COMPLETE,2,1,2L2A_COUPLED_FREEC,legacy_price_return_abs_time
9,6.04956449260631e-06,0.05550472273179094,4.877475330946082,1.2454930877695052,10.731683630331888,7.209180800315665,0.05550472273179094,4.877475330946082,1.2454930877695052,10.731683630331888,7.209180800315665,0.00067,"[7.213763085981616e-06, 5.687529555162519e-06, 5.247400836674793e-06]",0.31876957713314624,COMPLETE,2,1,2L2A_COUPLED_FREEC,legacy_price_return_abs_time
93,6.062826882256305e-06,0.2940217489065151,24.659301174442493,1.2159197112931575,43.84661955651954,11.682424221495253,0.2940217489065151,24.659301174442493,1.2159197112931575,43.84661955651954,11.682424221495253,6.699999999999999e-07,"[7.215730634963912e-06, 5.721062718215718e-06, 5.251687293589286e-06]",0.31707541556945157,COMPLETE,2,1,2L2A_COUPLED_FREEC,legacy_price_return_abs_time
3,7.761652902422225e-06,4.66657177586512,0.07606695425029321,-0.022498991627470488,18.069467528457388,21.88269384756875,0.07606695425029321,4.66657177586512,-0.022498991627470488,21.88269384756875,18.069467528457388,33.333333339999996,"[8.72788771358163e-06, 7.296061980422863e-06, 7.261009013262183e-06]",0.1242066968919004,COMPLETE,2,1,2L2A_COUPLED_FREEC,legacy_price_return_abs_time
1,7.780830948927417e-06,0.5660595749072989,0.0360452015384157,-0.8580695531171716,39.43064655326209,17.246093144840298,0.5660595749072989,0.0360452015384157,-0.8580695531171716,39.43064655326209,17.246093144840298,100.0,"[8.738143509356722e-06, 7.296062144192454e-06, 7.308287193233073e-06]",0.12213652085346945,COMPLETE,2,1,2L2A_COUPLED_FREEC,legacy_price_return_abs_time
60,7.780830962403743e-06,0.7874615632562291,0.028581471465448916,-1.5939803330591613,61.666683865619675,31.405298582470472,0.7874615632562291,0.028581471465448916,-1.5939803330591613,61.666683865619675,31.405298582470472,100.0,"[8.738143521609336e-06, 7.296062153152877e-06, 7.308287212449013e-06]",0.12213651935020857,COMPLETE,2,1,2L2A_COUPLED_FREEC,legacy_price_return_abs_time
137,5.171368283753379e-06,0.14433041674433894,0.07585664847488638,1.1902764687007124,22.320320809113543,0.01447935433188695,0.14433041674433894,0.07585664847488638,1.1902764687007124,22.320320809113543,0.01447935433188695,33.33333334,"[6.010128609435013e-06, 4.631985368290512e-06, 4.87199087353461e-06]",0.415565292349057,COMPLETE,2,3,2L2A_COUPLED_FREEC,legacy_price_return_abs_time
126,5.172138895128797e-06,0.21799725954306867,0.11545637094749348,1.192887720919064,20.45894096401498,0.012828999910946697,0.21799725954306867,0.11545637094749348,1.192887720919064,20.45894096401498,0.012828999910946697,33.33333334,"[5.988195618079513e-06, 4.6404519168213665e-06, 4.887769150485508e-06]",0.41534189405710614,COMPLETE,2,3,2L2A_COUPLED_FREEC,legacy_price_return_abs_time
122,5.173634845416754e-06,0.06903110285867475,0.12150526691654782,1.1689764621101224,20.251658189085024,0.010984817795787782,0.06903110285867475,0.12150526691654782,1.1689764621101224,20.251658189085024,0.010984817795787782,33.33333334,"[6.010188160237808e-06, 4.634677256102688e-06, 4.876039119909764e-06]",0.4152954953902335,COMPLETE,2,3,2L2A_COUPLED_FREEC,legacy_price_return_abs_time
125,5.173672563735365e-06,0.06784850910561611,0.15694907308743802,1.194089877297076,20.520796645006733,0.011580526593561291,0.06784850910561611,0.15694907308743802,1.194089877297076,20.520796645006733,0.011580526593561291,33.33333334,"[5.996845493224544e-06, 4.6388068342682684e-06, 4.885365363713282e-06]",0.4152150285969018,COMPLETE,2,3,2L2A_COUPLED_FREEC,legacy_price_return_abs_time
127,5.173818793079202e-06,0.21939256577681332,0.11452110520492421,1.1929467159626193,23.14721023874619,0.0110574248160197,0.21939256577681332,0.11452110520492421,1.1929467159626193,23.14721023874619,0.0110574248160197,33.33333334,"[6.04368399952172e-06, 4.624213343484454e-06, 4.853559036231433e-06]",0.4154677452421414,COMPLETE,2,3,2L2A_COUPLED_FREEC,legacy_price_return_abs_time
109,5.174012234924009e-06,0.015683355211278813,0.019133879332453575,1.3120964330602631,31.877803841515938,0.023972680483286504,0.015683355211278813,0.019133879332453575,1.3120964330602631,31.877803841515938,0.023972680483286504,33.33333334,"[6.013827780030537e-06, 4.633973048653734e-06, 4.874235876087754e-06]",0.41527157184492697,COMPLETE,2,3,2L2A_COUPLED_FREEC,legacy_price_return_abs_time
135,5.174100473378721e-06,0.12529824767213096,0.17874714607435147,1.1762677417446683,23.007587163990642,0.016756737210871956,0.12529824767213096,0.17874714607435147,1.1762677417446683,23.007587163990642,0.016756737210871956,33.33333334,"[6.019440369200339e-06, 4.63239418443877e-06, 4.870466866497055e-06]",0.41529274160551993,COMPLETE,2,3,2L2A_COUPLED_FREEC,legacy_price_return_abs_time
132,5.174347424958119e-06,0.150089969516815,0.10570776153602572,1.2453235174105708,20.63225891973678,0.011558465835998186,0.150089969516815,0.10570776153602572,1.2453235174105708,20.63225891973678,0.011558465835998186,33.33333334,"[5.971704491707292e-06, 4.647318955308013e-06, 4.904018827859051e-06]",0.41499137474711817,COMPLETE,2,3,2L2A_COUPLED_FREEC,legacy_price_return_abs_time
123,5.1745552885779865e-06,0.2122436405191938,1.1206100401532069,1.1585366102775367,19.173410654040794,0.011419686540409929,0.2122436405191938,1.1206100401532069,1.1585366102775367,19.173410654040794,0.011419686540409929,33.33333334,"[5.995844223878276e-06, 4.6404865714868995e-06, 4.8873350703687864e-06]",0.4151015706820697,COMPLETE,2,3,2L2A_COUPLED_FREEC,legacy_price_return_abs_time
134,5.1750303953770625e-06,0.2289325639506616,0.1628530203044728,1.1808114699855583,22.52184339264999,0.010365488659838112,0.2289325639506616,0.1628530203044728,1.1808114699855583,22.52184339264999,0.010365488659838112,33.33333334,"[6.0467466032634635e-06, 4.624840999346007e-06, 4.853503583521718e-06]",0.41533984564103027,COMPLETE,2,3,2L2A_COUPLED_FREEC,legacy_price_return_abs_time
112,5.1750506252715475e-06,0.015330126639147438,0.1316115106275806,1.1329778417766923,22.44321767977236,0.02432367745245488,0.015330126639147438,0.1316115106275806,1.1329778417766923,22.44321767977236,0.02432367745245488,33.33333334,"[5.996287708469224e-06, 4.641131003904381e-06, 4.887733163441039e-06]",0.4150435514475744,COMPLETE,2,3,2L2A_COUPLED_FREEC,legacy_price_return_abs_time
56,5.1753307607357676e-06,0.015522007660639985,1.4483963086250307,0.9923638489710171,15.104318742030806,0.017502204720002072,0.015522007660639985,1.4483963086250307,0.9923638489710171,15.104318742030806,0.017502204720002072,33.33333334,"[5.990181713454835e-06, 4.643351588423328e-06, 4.892458980329139e-06]",0.4149752652100898,COMPLETE,2,3,2L2A_COUPLED_FREEC,legacy_price_return_abs_time
66,5.175581632862846e-06,0.019458596379575047,3.2988085730393713,1.1276460051347108,24.117564814265236,0.02894667053389472,0.019458596379575047,3.2988085730393713,1.1276460051347108,24.117564814265236,0.02894667053389472,33.33333334,"[5.996193431854882e-06, 4.642020098031121e-06, 4.888531368702536e-06]",0.41497791874478435,COMPLETE,2,3,2L2A_COUPLED_FREEC,legacy_price_return_abs_time
72,5.17573574501853e-06,0.06692790854560128,0.8873584189564722,1.1668743439104032,24.29772236319033,0.023308450609492607,0.06692790854560128,0.8873584189564722,1.1668743439104032,24.29772236319033,0.023308450609492607,33.33333334,"[6.008039616966483e-06, 4.638689047476063e-06, 4.880478570613046e-06]",0.41502611031065495,COMPLETE,2,3,2L2A_COUPLED_FREEC,legacy_price_return_abs_time
117,5.175766738658499e-06,0.10880151910025954,1.4913374182854937,1.1701567141363285,22.199319870940748,0.017370133206096254,0.10880151910025954,1.4913374182854937,1.1701567141363285,22.199319870940748,0.017370133206096254,33.33333334,"[6.009422383924427e-06, 4.638311372448191e-06, 4.87956645960288e-06]",0.41503022096050807,COMPLETE,2,3,2L2A_COUPLED_FREEC,legacy_price_return_abs_time
148,5.17598462339913e-06,0.09479766830189405,0.07671762379279885,1.1287582107083785,22.898824280497845,0.01621054271869273,0.09479766830189405,0.07671762379279885,1.1287582107083785,22.898824280497845,0.01621054271869273,33.33333334,"[6.050484142586477e-06, 4.625011546157852e-06, 4.85245818145306e-06]",0.41524600417735374,COMPLETE,2,3,2L2A_COUPLED_FREEC,legacy_price_return_abs_time
65,5.176041027212811e-06,0.02856257249453661,3.1372142091379045,1.1700661007175766,24.442934229140118,0.029207588206251512,0.02856257249453661,3.1372142091379045,1.1700661007175766,24.442934229140118,0.029207588206251512,33.33333334,"[5.980222663103051e-06, 4.647109938694175e-06, 4.900790479841207e-06]",0.4148350284672562,COMPLETE,2,3,2L2A_COUPLED_FREEC,legacy_price_return_abs_time
96,5.176099424995885e-06,0.018888255320007562,4.041932135526268,1.3790135897030444,28.411844119799127,0.012418521300323998,0.018888255320007562,4.041932135526268,1.3790135897030444,28.411844119799127,0.012418521300323998,33.33333334,"[6.008342419688002e-06, 4.63919679679047e-06, 4.880759058509184e-06]",0.4149831605573658,COMPLETE,2,3,2L2A_COUPLED_FREEC,legacy_price_return_abs_time
145,5.1763671017665226e-06,0.10919781774500173,0.10002272812326539,1.2163056937340653,25.522254334461234,0.014408122073337077,0.10919781774500173,0.10002272812326539,1.2163056937340653,25.522254334461234,0.014408122073337077,33.33333334,"[6.047882425942977e-06, 4.626443359048954e-06, 4.854775520307637e-06]",0.41518417607044483,COMPLETE,2,3,2L2A_COUPLED_FREEC,legacy_price_return_abs_time
147,5.176516830853976e-06,0.10336876642235562,0.09497389344341899,1.1439446100241435,22.908920236154664,0.014689515019597622,0.10336876642235562,0.09497389344341899,1.1439446100241435,22.908920236154664,0.014689515019597622,33.33333334,"[6.051269681988427e-06, 4.625583972811265e-06, 4.852696837762237e-06]",0.4151856295518542,COMPLETE,2,3,2L2A_COUPLED_FREEC,legacy_price_return_abs_time
119,5.176589486056317e-06,0.010098864852259493,2.1476723329900107,1.0630664612040293,16.39054859654682,0.017688068910590757,0.010098864852259493,2.1476723329900107,1.0630664612040293,16.39054859654682,0.017688068910590757,33.33333334,"[5.974086807689969e-06, 4.649448048515324e-06, 4.906233601963657e-06]",0.4147362980512273,COMPLETE,2,3,2L2A_COUPLED_FREEC,legacy_price_return_abs_time
22,5.176967435817592e-06,0.010799855139138415,5.131263001296756,0.4489148994922687,14.878730817047105,0.06399560541769757,0.010799855139138415,5.131263001296756,0.4489148994922687,14.878730817047105,0.06399560541769757,33.33333334,"[6.019457309197138e-06, 4.637110711170527e-06, 4.874334287085113e-06]",0.41494075891136534,COMPLETE,2,3,2L2A_COUPLED_FREEC,legacy_price_return_abs_time
75,5.1770751923484945e-06,0.01205953318372254,1.801934816369342,1.0424795935146387,16.290949517962858,0.02079447070817759,0.01205953318372254,1.801934816369342,1.0424795935146387,16.290949517962858,0.02079447070817759,33.33333334,"[5.971102267142495e-06, 4.650858435688056e-06, 4.909264874214933e-06]",0.41466209078894706,COMPLETE,2,3,2L2A_COUPLED_FREEC,legacy_price_return_abs_time
129,5.177223050205141e-06,0.17885975983385097,0.09733164586059374,1.2639619418593768,20.702102311826174,0.012074720238670695,0.17885975983385097,0.09733164586059374,1.2639619418593768,20.702102311826174,0.012074720238670695,33.33333334,"[5.964831053032006e-06, 4.653545501254069e-06, 4.913292596329346e-06]",0.4146040206311223,COMPLETE,2,3,2L2A_COUPLED_FREEC,legacy_price_return_abs_time
59,5.177628366598739e-06,0.012552849285425237,1.6920959343562723,1.0197372780884928,18.19927770526178,0.018936836458623676,0.012552849285425237,1.6920959343562723,1.0197372780884928,18.19927770526178,0.018936836458623676,33.33333334,"[6.0272607170033504e-06, 4.63564993280721e-06, 4.869974449985656e-06]",0.41490531291450594,COMPLETE,2,3,2L2A_COUPLED_FREEC,legacy_price_return_abs_time
130,5.178033723326114e-06,0.23174845318923631,0.2253476845708369,1.267206438916486,20.41310967970311,0.012012887014284867,0.23174845318923631,0.2253476845708369,1.267206438916486,20.41310967970311,0.012012887014284867,33.33333334,"[5.960646633288826e-06, 4.654475372925331e-06, 4.918979163764186e-06]",0.41449417618348167,COMPLETE,2,3,2L2A_COUPLED_FREEC,legacy_price_return_abs_time
25,5.179196970519006e-06,0.014094624258852157,5.9229114827143565,0.4527259049249518,14.533571239653034,0.06041094304265343,0.014094624258852157,5.9229114827143565,0.4527259049249518,14.533571239653034,0.06041094304265343,33.33333334,"[6.0386148075669184e-06, 4.634491796813045e-06, 4.864484307177053e-06]",0.4147794619763953,COMPLETE,2,3,2L2A_COUPLED_FREEC,legacy_price_return_abs_time
140,5.179248399830547e-06,0.2075932606239132,0.16761377053884535,-1.0588815498405295,19.448172497050138,0.010362596512183556,0.2075932606239132,0.16761377053884535,-1.0588815498405295,19.448172497050138,0.010362596512183556,33.33333334,"[6.076924568936933e-06, 4.6213127775045735e-06, 4.839507853050136e-06]",0.41500360972165845,COMPLETE,2,3,2L2A_COUPLED_FREEC,legacy_price_return_abs_time
120,5.1792532169044984e-06,0.010001623807834766,1.9715582812564356,1.0752077231815536,15.928417905224004,0.017717097512633638,0.010001623807834766,1.9715582812564356,1.0752077231815536,15.928417905224004,0.017717097512633638,33.33333334,"[5.962617132462989e-06, 4.655755604012459e-06, 4.919386914238046e-06]",0.41435663863214206,COMPLETE,2,3,2L2A_COUPLED_FREEC,legacy_price_return_abs_time
121,5.17929310626484e-06,0.030561707738879222,1.0537672296192049,1.1083018432054803,19.644806395775632,0.011411161964170592,0.030561707738879222,1.0537672296192049,1.1083018432054803,19.644806395775632,0.011411161964170592,33.33333334,"[6.041099193941817e-06, 4.633798008518927e-06, 4.862982116333774e-06]",0.41478253702442663,COMPLETE,2,3,2L2A_COUPLED_FREEC,legacy_price_return_abs_time
76,5.17945131567427e-06,0.013274880458846281,1.9054778444693232,1.5004171378220112,32.99865030259387,0.022337921111072596,0.013274880458846281,1.9054778444693232,1.5004171378220112,32.99865030259387,0.022337921111072596,33.33333334,"[5.962617356159771e-06, 4.656055987577777e-06, 4.919680603285262e-06]",0.4143325194118532,COMPLETE,2,3,2L2A_COUPLED_FREEC,legacy_price_return_abs_time
99,5.179625228532997e-06,0.02369406275824424,0.01990597473913601,1.3841515223070577,29.107135307278536,0.02666301741486098,0.02369406275824424,0.01990597473913601,1.3841515223070577,29.107135307278536,0.02666301741486098,33.33333334,"[5.956463195033765e-06, 4.657052614869545e-06, 4.925359875695682e-06]",0.4142855432161205,COMPLETE,2,3,2L2A_COUPLED_FREEC,legacy_price_return_abs_time
98,5.179656675056793e-06,0.02343273786617019,2.8467432064134575,1.3880822616587134,30.110158744044185,0.026803286914806494,0.02343273786617019,2.8467432064134575,1.3880822616587134,30.110158744044185,0.026803286914806494,33.33333334,"[5.9619845523423094e-06, 4.656459299645743e-06, 4.920526173182326e-06]",0.414304729522094,COMPLETE,2,3,2L2A_COUPLED_FREEC,legacy_price_return_abs_time
92,5.179813130894319e-06,0.01831843037602001,0.5320027267793788,1.066710539248135,25.667372835347532,0.029368043177200414,0.01831843037602001,0.5320027267793788,1.066710539248135,25.667372835347532,0.029368043177200414,33.33333334,"[6.043624814934034e-06, 4.633816109719257e-06, 4.861998468029666e-06]",0.41473357903607955,COMPLETE,2,3,2L2A_COUPLED_FREEC,legacy_price_return_abs_time
146,5.179846539005388e-06,0.11391787022843917,0.06114644487638229,1.1414934083296298,25.2149399215126,0.015421572905560395,0.11391787022843917,0.06114644487638229,1.1414934083296298,25.2149399215126,0.015421572905560395,33.33333334,"[6.083679963428198e-06, 4.619651896910199e-06, 4.836207756677768e-06]",0.41497325926995815,COMPLETE,2,3,2L2A_COUPLED_FREEC,legacy_price_return_abs_time
133,5.180845640102536e-06,0.2699140121747081,0.2626314546394693,1.163928104788492,23.27350518614752,0.010111856752206638,0.2699140121747081,0.2626314546394693,1.163928104788492,23.27350518614752,0.010111856752206638,33.33333334,"[6.076952795315468e-06, 4.623799042808301e-06, 4.841785082183837e-06]",0.414808709300565,COMPLETE,2,3,2L2A_COUPLED_FREEC,legacy_price_return_abs_time
60,5.181656426673203e-06,0.010720322438314906,1.6913693743036158,1.1847863551445534,18.121225493521862,0.015166484202239254,0.010720322438314906,1.6913693743036158,1.1847863551445534,18.121225493521862,0.015166484202239254,33.33333334,"[5.957215709955141e-06, 4.659991551416378e-06, 4.92776201864809e-06]",0.41404179792862966,COMPLETE,2,3,2L2A_COUPLED_FREEC,legacy_price_return_abs_time
144,5.181826799685384e-06,0.10175514598927993,0.10560696798765384,1.1697705570694117,25.96903655331041,0.01550015224020859,0.10175514598927993,0.10560696798765384,1.1697705570694117,25.96903655331041,0.01550015224020859,33.33333334,"[6.078915534502534e-06, 4.624765116791456e-06, 4.841799747762163e-06]",0.4146997863053595,COMPLETE,2,3,2L2A_COUPLED_FREEC,legacy_price_return_abs_time
124,5.1818341631095066e-06,0.018843987051446368,0.1253644540591022,1.1801677836347388,16.90416662942627,0.010684060132010571,0.018843987051446368,0.1253644540591022,1.1801677836347388,16.90416662942627,0.010684060132010571,33.33333334,"[5.955976375461764e-06, 4.6603101082199905e-06, 4.929216005646764e-06]",0.4140157524923637,COMPLETE,2,3,2L2A_COUPLED_FREEC,legacy_price_return_abs_time
89,5.183505722641618e-06,0.05857289552399329,5.043168453556578,1.5647770772721183,33.067730456398984,0.02022597717014382,0.05857289552399329,5.043168453556578,1.5647770772721183,33.067730456398984,0.02022597717014382,33.33333334,"[5.954517327749156e-06, 4.662862367700299e-06, 4.933137472475397e-06]",0.4138073646181673,COMPLETE,2,3,2L2A_COUPLED_FREEC,legacy_price_return_abs_time
83,5.1836674997911796e-06,0.027956516555920078,1.2173984484837999,0.985492917207209,41.04352799420631,0.047031886048237576,0.027956516555920078,1.2173984484837999,0.985492917207209,41.04352799420631,0.047031886048237576,33.33333334,"[6.065758411488526e-06, 4.632800114064574e-06, 4.85244397382044e-06]",0.4143909895981815,COMPLETE,2,3,2L2A_COUPLED_FREEC,legacy_price_return_abs_time
90,5.183777117235109e-06,0.0837739877231442,0.556275385285221,0.7409970271587965,13.539817238295809,0.028423728063396006,0.0837739877231442,0.556275385285221,0.7409970271587965,13.539817238295809,0.028423728063396006,33.33333334,"[6.075402551935923e-06, 4.629638403012533e-06, 4.846290396756872e-06]",0.41443557095908146,COMPLETE,2,3,2L2A_COUPLED_FREEC,legacy_price_return_abs_time
131,5.185181595769978e-06,0.24758313624554698,0.11477557814808827,1.2972660665154256,20.597335345214255,0.012694743271005176,0.24758313624554698,0.11477557814808827,1.2972660665154256,20.597335345214255,0.012694743271005176,33.33333334,"[5.956461818855003e-06, 4.6659345776535e-06, 4.933148390801429e-06]",0.4136053452844542,COMPLETE,2,3,2L2A_COUPLED_FREEC,legacy_price_return_abs_time
110,5.185378109418859e-06,0.015368790438414593,0.02240439713519225,1.1327406764429335,29.49270557405427,0.023509268064418512,0.015368790438414593,0.02240439713519225,1.1327406764429335,29.49270557405427,0.023509268064418512,33.33333334,"[6.089782899822322e-06, 4.627191748156689e-06, 4.839159680277566e-06]",0.41432630884860916,COMPLETE,2,3,2L2A_COUPLED_FREEC,legacy_price_return_abs_time
19,5.185610486583786e-06,0.01020794434119499,2.410379332603585,0.5815017861939958,17.263168043177412,0.04955863749819112,0.01020794434119499,2.410379332603585,0.5815017861939958,17.263168043177412,0.04955863749819112,33.33333334,"[6.076815545113668e-06, 4.632336676803896e-06, 4.847679237833795e-06]",0.4142175741892639,COMPLETE,2,3,2L2A_COUPLED_FREEC,legacy_price_return_abs_time
24,5.186534312998478e-06,25.402397625444642,7.297079703830253,0.4011620320663988,14.334257670087814,0.05851888600732089,25.402397625444642,7.297079703830253,0.4011620320663988,14.334257670087814,0.05851888600732089,33.33333334,"[6.063123336511669e-06, 4.654235769813755e-06, 4.842243832670011e-06]",0.4138962238636911,COMPLETE,2,3,2L2A_COUPLED_FREEC,legacy_price_return_abs_time
73,5.186952066116052e-06,0.05602249591641687,0.9285464634598148,1.1070840051514685,26.765681386022095,0.022245061010193686,0.05602249591641687,0.9285464634598148,1.1070840051514685,26.765681386022095,0.022245061010193686,33.33333334,"[6.0846747879869065e-06, 4.631934626327366e-06, 4.844246784033882e-06]",0.414099221192803,COMPLETE,2,3,2L2A_COUPLED_FREEC,legacy_price_return_abs_time
36,5.187293129344344e-06,11.519266791905654,14.20998952181877,0.645032251873149,16.869132566953756,0.07259900742495504,11.519266791905654,14.20998952181877,0.645032251873149,16.869132566953756,0.07259900742495504,33.33333334,"[5.9514238669114086e-06, 4.667669732117856e-06, 4.942785789003764e-06]",0.4133437197557391,COMPLETE,2,3,2L2A_COUPLED_FREEC,legacy_price_return_abs_time
95,5.187294971925668e-06,0.01901065884926227,2.597913505122947,1.2359974275254817,18.015161866732342,0.012023752054699114,0.01901065884926227,2.597913505122947,1.2359974275254817,18.015161866732342,0.012023752054699114,33.33333334,"[5.950593494254681e-06, 4.668042640806319e-06, 4.943248780716001e-06]",0.4133378368044697,COMPLETE,2,3,2L2A_COUPLED_FREEC,legacy_price_return_abs_time
84,5.187803414186213e-06,0.025787786334337804,0.8440744989882797,0.9826700777995879,33.96446361432971,0.03933998975691625,0.025787786334337804,0.8440744989882797,0.9826700777995879,33.96446361432971,0.03933998975691625,33.33333334,"[6.087451376511137e-06, 4.632486981604449e-06, 4.843471884443056e-06]",0.41401047869275615,COMPLETE,2,3,2L2A_COUPLED_FREEC,legacy_price_return_abs_time
61,5.188312636887511e-06,0.0944671397429394,1.6647767293523585,0.9801803846355673,18.933285048564333,0.0161773447456675,0.0944671397429394,1.6647767293523585,0.9801803846355673,18.933285048564333,0.0161773447456675,33.33333334,"[6.092429774655674e-06, 4.631646625410216e-06, 4.840861510596644e-06]",0.4139775340779122,COMPLETE,2,3,2L2A_COUPLED_FREEC,legacy_price_return_abs_time
20,5.189851806587283e-06,0.014901780703116067,2.1421576474506576,0.460509902525995,14.987389898587137,0.05229247727396288,0.014901780703116067,2.1421576474506576,0.460509902525995,14.987389898587137,0.05229247727396288,33.33333334,"[6.0974879032765735e-06, 4.632662983310987e-06, 4.839404533174287e-06]",0.4138170761267308,COMPLETE,2,3,2L2A_COUPLED_FREEC,legacy_price_return_abs_time
64,5.1900139972979685e-06,0.021135436813425865,0.7174369816963209,1.0129955171404974,20.211079400691155,0.015321031007008906,0.021135436813425865,0.7174369816963209,1.0129955171404974,20.211079400691155,0.015321031007008906,33.33333334,"[6.099162696200634e-06, 4.632359755157693e-06, 4.838519540535576e-06]",0.41380715709199967,COMPLETE,2,3,2L2A_COUPLED_FREEC,legacy_price_return_abs_time
118,5.1903570935098516e-06,0.010199543463597747,1.9665571295592452,1.0400102625947523,21.970438227072787,0.016836269063070963,0.010199543463597747,1.9665571295592452,1.0400102625947523,21.970438227072787,0.016836269063070963,33.33333334,"[6.0997331509619995e-06, 4.6327856670783824e-06, 4.838552462489172e-06]",0.4137679861996684,COMPLETE,2,3,2L2A_COUPLED_FREEC,legacy_price_return_abs_time
94,5.191082521912739e-06,0.01826220609079247,2.214968896724373,1.2373908505242026,17.777196985852207,0.01304423247559386,0.01826220609079247,2.214968896724373,1.2373908505242026,17.777196985852207,0.01304423247559386,33.33333334,"[5.94862090455761e-06, 4.6726601742687745e-06, 4.95196648691183e-06]",0.4128793277507117,COMPLETE,2,3,2L2A_COUPLED_FREEC,legacy_price_return_abs_time
85,5.192286914220823e-06,0.01317954889755415,2.662477122461452,1.7602950349766406,37.74567445740347,0.018005758227471535,0.01317954889755415,2.662477122461452,1.7602950349766406,37.74567445740347,0.018005758227471535,33.33333334,"[5.948239152231666e-06, 4.674135083227571e-06, 4.954486507203233e-06]",0.41273426938883295,COMPLETE,2,3,2L2A_COUPLED_FREEC,legacy_price_return_abs_time
74,5.194993324603535e-06,0.012546583932797232,0.37879155047259505,1.1336561165701617,16.279353827718428,0.022456173572158802,0.012546583932797232,0.37879155047259505,1.1336561165701617,16.279353827718428,0.022456173572158802,33.33333334,"[5.947836185808682e-06, 4.676965908117869e-06, 4.960177879884054e-06]",0.4124136595921751,COMPLETE,2,3,2L2A_COUPLED_FREEC,legacy_price_return_abs_time
104,5.195293059892928e-06,0.011813942995885337,0.06970798150488336,0.9075656778147362,62.41552564995295,0.050222718155507266,0.011813942995885337,0.06970798150488336,0.9075656778147362,62.41552564995295,0.050222718155507266,33.33333334,"[6.121144743879824e-06, 4.634478278995769e-06, 4.830256156803189e-06]",0.4132827898340308,COMPLETE,2,3,2L2A_COUPLED_FREEC,legacy_price_return_abs_time
105,5.195613245708812e-06,0.02281949477367068,0.05077954196866746,0.7839733789024259,24.16666658207445,0.03616436835865982,0.02281949477367068,0.05077954196866746,0.7839733789024259,24.16666658207445,0.03616436835865982,33.33333334,"[6.132189934455316e-06, 4.6313629362753954e-06, 4.823286866395725e-06]",0.4133084583140895,COMPLETE,2,3,2L2A_COUPLED_FREEC,legacy_price_return_abs_time
71,5.1959768639424185e-06,0.033111343030504996,0.4078284857463002,1.1946164354532485,27.13732331415764,0.010205161099113071,0.033111343030504996,0.4078284857463002,1.1946164354532485,27.13732331415764,0.010205161099113071,33.33333334,"[6.1248666414369996e-06, 4.634509390122517e-06, 4.828554560267739e-06]",0.4132196513678082,COMPLETE,2,3,2L2A_COUPLED_FREEC,legacy_price_return_abs_time
38,5.19802377586766e-06,11.75179271049853,2.675330622284822,0.6755463415634845,16.90898048603707,0.020484644854327407,11.75179271049853,2.675330622284822,0.6755463415634845,16.90898048603707,0.020484644854327407,33.36666667,"[6.198637092726766e-06, 4.623610714537866e-06, 4.771823520338349e-06]",0.41332158467490615,COMPLETE,2,3,2L2A_COUPLED_FREEC,legacy_price_return_abs_time
128,5.1982290681418116e-06,0.06921957138299133,0.03936324484567342,1.2892468421331704,18.67296404778633,0.012494648870681193,0.06921957138299133,0.03936324484567342,1.2892468421331704,18.67296404778633,0.012494648870681193,33.33333334,"[5.953486648233745e-06, 4.680347538531174e-06, 4.960853017660514e-06]",0.4120502127825257,COMPLETE,2,3,2L2A_COUPLED_FREEC,legacy_price_return_abs_time
136,5.198510940699641e-06,0.12921423664098836,0.0687379901319393,0.9157561970713067,22.227190948506053,0.01715199139155193,0.12921423664098836,0.0687379901319393,0.9157561970713067,22.227190948506053,0.01715199139155193,33.33333334,"[6.171544814201684e-06, 4.625368851946847e-06, 4.798619155950395e-06]",0.41316640334442206,COMPLETE,2,3,2L2A_COUPLED_FREEC,legacy_price_return_abs_time
41,5.199651966244195e-06,1.036271896751177,2.18165311397633,-0.7161817953813184,12.74658863415027,0.01799929341493871,1.036271896751177,2.18165311397633,-0.7161817953813184,12.74658863415027,0.01799929341493871,33.33333334,"[6.1540877078437105e-06, 4.6324577192009846e-06, 4.812410471687892e-06]",0.4129279588504817,COMPLETE,2,3,2L2A_COUPLED_FREEC,legacy_price_return_abs_time
108,5.201322565244755e-06,0.022970456024901945,0.03290990579085954,0.7692240847347378,24.066113578084646,0.03322560045923108,0.022970456024901945,0.03290990579085954,0.7692240847347378,24.066113578084646,0.03322560045923108,33.33333334,"[6.158462657111419e-06, 4.634249338762333e-06, 4.811255699860514e-06]",0.4127446636584335,COMPLETE,2,3,2L2A_COUPLED_FREEC,legacy_price_return_abs_time
54,5.202663783323536e-06,0.014990960221756394,1.2564908608375518,0.8490568669188863,15.08917354091695,0.05770059642139453,0.014990960221756394,1.2564908608375518,0.8490568669188863,15.08917354091695,0.05770059642139453,33.33333334,"[5.948507011876434e-06, 4.684770005710019e-06, 4.974714332384153e-06]",0.41151261835766234,COMPLETE,2,3,2L2A_COUPLED_FREEC,legacy_price_return_abs_time
106,5.203061653591656e-06,0.011645235908115533,9.612560314664506,0.7590871571860909,23.80096657076915,0.03547566936243248,0.011645235908115533,9.612560314664506,0.7590871571860909,23.80096657076915,0.03547566936243248,33.33333334,"[6.149234371477785e-06, 4.640222619381511e-06, 4.8197279699156705e-06]",0.4124762682340934,COMPLETE,2,3,2L2A_COUPLED_FREEC,legacy_price_return_abs_time
149,5.204084626344078e-06,0.16491532227053068,0.08216823920130893,1.340805098423505,21.320883446544467,0.020295971889963953,0.16491532227053068,0.08216823920130893,1.340805098423505,21.320883446544467,0.020295971889963953,33.33333334,"[5.954002523216573e-06, 4.6856149461931424e-06, 4.972636409622518e-06]",0.41136791881534407,COMPLETE,2,3,2L2A_COUPLED_FREEC,legacy_price_return_abs_time
30,5.205253000104172e-06,0.022773572102195567,12.162632860535508,-0.08103908581637453,11.075677219263941,0.10643910404157075,0.022773572102195567,12.162632860535508,-0.08103908581637453,11.075677219263941,0.10643910404157075,33.33333334,"[5.948998870539893e-06, 4.687424976637617e-06, 4.979335153135008e-06]",0.41120915888991255,COMPLETE,2,3,2L2A_COUPLED_FREEC,legacy_price_return_abs_time
39,5.207673780266625e-06,12.465284607158873,2.5750827012916853,-0.5553695577211913,16.844508074289156,0.0695205959342554,12.465284607158873,2.5750827012916853,-0.5553695577211913,16.844508074289156,0.0695205959342554,33.33666667,"[6.007835879704742e-06, 4.695166659552147e-06, 4.920018801542986e-06]",0.41107215179624595,COMPLETE,2,3,2L2A_COUPLED_FREEC,legacy_price_return_abs_time
55,5.207689483524744e-06,0.015625074528719977,0.9384112518935978,0.846228753434988,15.348614296007478,0.06122153074017061,0.015625074528719977,0.9384112518935978,0.846228753434988,15.348614296007478,0.06122153074017061,33.33333334,"[5.950082942362155e-06, 4.689396891280334e-06, 4.983588616931741e-06]",0.41092983665481625,COMPLETE,2,3,2L2A_COUPLED_FREEC,legacy_price_return_abs_time
21,5.207869863291738e-06,26.2147231833889,3.4255124831828634,0.6034645088516916,13.632309985354185,0.054014662707383074,26.2147231833889,3.4255124831828634,0.6034645088516916,13.632309985354185,0.054014662707383074,33.36666667,"[6.03577943567379e-06, 4.691018453721532e-06, 4.896811700479891e-06]",0.4111744016342405,COMPLETE,2,3,2L2A_COUPLED_FREEC,legacy_price_return_abs_time
107,5.208106844531992e-06,0.02194839159112209,0.017118759565436386,1.3244318314400223,24.030172600980073,0.03483696673452564,0.02194839159112209,0.017118759565436386,1.3244318314400223,24.030172600980073,0.03483696673452564,33.33333334,"[5.952163563120733e-06, 4.688446754456105e-06, 4.983710216019138e-06]",0.41089846153928716,COMPLETE,2,3,2L2A_COUPLED_FREEC,legacy_price_return_abs_time
37,5.2092696375731365e-06,10.322343806139875,4.983851881894954,0.6902337283262894,16.090722814672386,0.07491131162433864,10.322343806139875,4.983851881894954,0.6902337283262894,16.090722814672386,0.07491131162433864,33.33333334,"[5.962125019150976e-06, 4.692942571715015e-06, 4.972741321853416e-06]",0.4107671857186596,COMPLETE,2,3,2L2A_COUPLED_FREEC,legacy_price_return_abs_time
138,5.211316473897019e-06,0.14477066122460178,0.15636257550965854,0.9526692158250324,21.826863248144978,0.01026296622385766,0.14477066122460178,0.15636257550965854,0.9526692158250324,21.826863248144978,0.01026296622385766,33.36666667,"[6.1927812001312814e-06, 4.648381834742954e-06, 4.792786386816821e-06]",0.4116471037046698,COMPLETE,2,3,2L2A_COUPLED_FREEC,legacy_price_return_abs_time
14,5.211592772698634e-06,28.48939406363738,0.9855222605622092,1.083170806787933,18.279685603652343,0.010809478263531258,28.48939406363738,0.9855222605622092,1.083170806787933,18.279685603652343,0.010809478263531258,33.36666667,"[6.06303034028064e-06, 4.682471123858634e-06, 4.889276853956629e-06]",0.41092323923203783,COMPLETE,2,3,2L2A_COUPLED_FREEC,legacy_price_return_abs_time
48,5.216294705213641e-06,4.950399820245167,5.96526802776857,0.43173646010598316,14.430192033850439,0.0357415125434067,4.950399820245167,5.96526802776857,0.43173646010598316,14.430192033850439,0.0357415125434067,33.33333334,"[6.207070614994751e-06, 4.660014630704086e-06, 4.781798869942087e-06]",0.41105442849892704,COMPLETE,2,3,2L2A_COUPLED_FREEC,legacy_price_return_abs_time
139,5.217793595067171e-06,0.14077586654333055,0.145003638696494,0.9247445472164628,22.012756638710858,0.010298225339987198,0.14077586654333055,0.145003638696494,0.9247445472164628,22.012756638710858,0.010298225339987198,33.33333334,"[6.206397049905674e-06, 4.66231569055404e-06, 4.784668044741797e-06]",0.4108695212468129,COMPLETE,2,3,2L2A_COUPLED_FREEC,legacy_price_return_abs_time
78,5.219695667828649e-06,0.017537666168502736,1.9470996024970255,1.514920553848029,22.98650453205995,0.013260339939979581,0.017537666168502736,1.9470996024970255,1.514920553848029,22.98650453205995,0.013260339939979581,33.33333334,"[5.956051248619471e-06, 4.6995013615050474e-06, 5.0035343933614274e-06]",0.4095523452794991,COMPLETE,2,3,2L2A_COUPLED_FREEC,legacy_price_return_abs_time
32,5.220751584191836e-06,0.04871496437785443,16.347415026855018,-0.28734368359410223,23.08718609056888,0.11042980139570309,0.04871496437785443,16.347415026855018,-0.28734368359410223,23.08718609056888,0.11042980139570309,33.33333334,"[5.956592380262798e-06, 4.700549182527244e-06, 5.005113189785467e-06]",0.4094299729503623,COMPLETE,2,3,2L2A_COUPLED_FREEC,legacy_price_return_abs_time
23,5.221494584450566e-06,0.01149548867115766,8.292630286249185,0.37870698080944787,15.648150936727278,0.04260925587073789,0.01149548867115766,8.292630286249185,0.37870698080944787,15.648150936727278,0.04260925587073789,33.33333334,"[6.200177542443212e-06, 4.667456588186411e-06, 4.796849622722076e-06]",0.41040255169464546,COMPLETE,2,3,2L2A_COUPLED_FREEC,legacy_price_return_abs_time
58,5.222992614018065e-06,0.010103337254101357,1.692436807169354,1.3159937590723354,17.732258774094614,0.01669295321681376,0.010103337254101357,1.692436807169354,1.3159937590723354,17.732258774094614,0.01669295321681376,33.33333334,"[5.958302354072563e-06, 4.7019798060387025e-06, 5.008695681942931e-06]",0.40917844040358026,COMPLETE,2,3,2L2A_COUPLED_FREEC,legacy_price_return_abs_time
18,5.227623556157581e-06,0.13492358304866484,1.2876731502619385,1.1126183440995379,17.187935341571833,0.04444378750293528,0.13492358304866484,1.2876731502619385,1.1126183440995379,17.187935341571833,0.04444378750293528,33.33333367,"[5.961737831416594e-06, 4.70516582828158e-06, 5.015967008774571e-06]",0.4086565031579806,COMPLETE,2,3,2L2A_COUPLED_FREEC,legacy_price_return_abs_time
81,5.2306384628130164e-06,0.026693479565733293,1.1171311290342159,0.972551194753646,12.159576793495617,0.039611302460775905,0.026693479565733293,1.1171311290342159,0.972551194753646,12.159576793495617,0.039611302460775905,33.33333367,"[5.964102108140101e-06, 4.707447510923664e-06, 5.020365769375283e-06]",0.40831545125533747,COMPLETE,2,3,2L2A_COUPLED_FREEC,legacy_price_return_abs_time
86,5.230893963089608e-06,0.012990034774955275,0.8101789998926103,1.8162559910288554,33.47815979873961,0.019515631180304614,0.012990034774955275,0.8101789998926103,1.8162559910288554,33.47815979873961,0.019515631180304614,33.33333367,"[5.963514776544907e-06, 4.707977118282578e-06, 5.021189994441339e-06]",0.4082813000061529,COMPLETE,2,3,2L2A_COUPLED_FREEC,legacy_price_return_abs_time
31,5.231249137981727e-06,0.03184997801492257,4.133685401234638,-0.18835924117234637,11.968447949629034,0.11554108176882495,0.03184997801492257,4.133685401234638,-0.18835924117234637,11.968447949629034,0.11554108176882495,33.33333367,"[5.963669937722326e-06, 4.708418040989702e-06, 5.021659435233152e-06]",0.4082393409140757,COMPLETE,2,3,2L2A_COUPLED_FREEC,legacy_price_return_abs_time
88,5.23231576651133e-06,0.013578158628441894,4.867489290370664,1.774128453893631,32.001028847577956,0.020276861532337494,0.013578158628441894,4.867489290370664,1.774128453893631,32.001028847577956,0.020276861532337494,33.33333367,"[5.964556536092034e-06, 4.70900748195492e-06, 5.023383281487036e-06]",0.408120592514506,COMPLETE,2,3,2L2A_COUPLED_FREEC,legacy_price_return_abs_time
2,5.232400597245003e-06,0.0740132344821109,1.5649902521476264,1.1648517151045392,50.15823972609704,0.020812073208868857,0.0740132344821109,1.5649902521476264,1.1648517151045392,50.15823972609704,0.020812073208868857,33.33333334,"[6.217935190911261e-06, 4.693968450408212e-06, 4.785298150415535e-06]",0.4090520633814412,COMPLETE,2,3,2L2A_COUPLED_FREEC,legacy_price_return_abs_time
47,5.233638810693805e-06,5.021567849939378,16.306229734091907,0.18153593921456135,28.478271325352154,0.045469780013160405,5.021567849939378,16.306229734091907,0.18153593921456135,28.478271325352154,0.045469780013160405,33.33333334,"[6.221007349990516e-06, 4.6995869955090535e-06, 4.780322086581847e-06]",0.4088812131071011,COMPLETE,2,3,2L2A_COUPLED_FREEC,legacy_price_return_abs_time
79,5.240837098060675e-06,0.018278259653324008,0.22650549531761963,1.433447242270589,21.10734096612948,0.024680186778712535,0.018278259653324008,0.22650549531761963,1.433447242270589,21.10734096612948,0.024680186778712535,33.33333367,"[5.971486612258415e-06, 4.714448687020508e-06, 5.036575994903102e-06]",0.407165534964244,COMPLETE,2,3,2L2A_COUPLED_FREEC,legacy_price_return_abs_time
63,5.2420095605630185e-06,0.028881725741635743,0.6896467038856908,1.6316000263458648,24.8896442645714,0.015621753442770924,0.028881725741635743,0.6896467038856908,1.6316000263458648,24.8896442645714,0.015621753442770924,33.33333367,"[5.972255598551987e-06, 4.715387021804274e-06, 5.038386061332792e-06]",0.4070320073427287,COMPLETE,2,3,2L2A_COUPLED_FREEC,legacy_price_return_abs_time
33,5.247591352111043e-06,0.7466709468977255,4.159855895569814,1.4736702631686176,22.10635389289603,0.02665295910812652,0.7466709468977255,4.159855895569814,1.4736702631686176,22.10635389289603,0.02665295910812652,33.33333367,"[5.977306029037841e-06, 4.718433541470305e-06, 5.0470344858249844e-06]",0.40641221829931723,COMPLETE,2,3,2L2A_COUPLED_FREEC,legacy_price_return_abs_time
35,5.248667478206422e-06,0.0696402936430952,4.261868434155204,0.6448412760900492,21.480284938097878,0.02382151101988825,0.0696402936430952,4.261868434155204,0.6448412760900492,21.480284938097878,0.02382151101988825,33.33333334,"[6.232232755135504e-06, 4.7430367859695386e-06, 4.770732893514223e-06]",0.40692183193990666,COMPLETE,2,3,2L2A_COUPLED_FREEC,legacy_price_return_abs_time
77,5.256708326247987e-06,0.012943379989078154,1.8578648904255237,1.4867902383834317,21.13708421923788,0.024699296298050136,0.012943379989078154,1.8578648904255237,1.4867902383834317,21.13708421923788,0.024699296298050136,66.666667,"[5.985979313518625e-06, 4.721270744529257e-06, 5.062874920696077e-06]",0.4054184334887981,COMPLETE,2,3,2L2A_COUPLED_FREEC,legacy_price_return_abs_time
6,5.260186081736186e-06,2.7047328825737047,0.07899227205780565,-1.090071666285362,26.28023136001007,0.2344289994872445,2.7047328825737047,0.07899227205780565,-1.090071666285362,26.28023136001007,0.2344289994872445,0.06666667,"[5.999646956949011e-06, 4.370128742460069e-06, 5.410782545799478e-06]",0.40790042699361556,COMPLETE,2,3,2L2A_COUPLED_FREEC,legacy_price_return_abs_time
68,5.264412540978094e-06,0.040266202244991854,3.136328862285366,1.1865651264584087,13.674536262343848,0.03126952116171822,0.040266202244991854,3.136328862285366,1.1865651264584087,13.674536262343848,0.03126952116171822,66.666667,"[5.997561319947331e-06, 4.713835005960571e-06, 5.081841297026379e-06]",0.4046713472438204,COMPLETE,2,3,2L2A_COUPLED_FREEC,legacy_price_return_abs_time
87,5.268361660881998e-06,0.01320457812187737,0.8032448975827267,1.2637467544273564,13.523153968375338,0.018741108220367043,0.01320457812187737,0.8032448975827267,1.2637467544273564,13.523153968375338,0.018741108220367043,66.666667,"[6.003250863019077e-06, 4.710188174795628e-06, 5.091645944831289e-06]",0.40428627441193,COMPLETE,2,3,2L2A_COUPLED_FREEC,legacy_price_return_abs_time
91,5.274659387295911e-06,0.05419581719329245,0.5487898274955075,1.57408834397081,44.65605845098859,0.08718331732741735,0.05419581719329245,0.5487898274955075,1.57408834397081,44.65605845098859,0.08718331732741735,66.666667,"[6.011187338772818e-06, 4.704921685015418e-06, 5.107869138099494e-06]",0.40366410490984156,COMPLETE,2,3,2L2A_COUPLED_FREEC,legacy_price_return_abs_time
80,5.275539446110407e-06,0.018179349938777623,1.3745897765095254,0.7324166266976827,21.31889915956696,0.012966998817596158,0.018179349938777623,1.3745897765095254,0.7324166266976827,21.31889915956696,0.012966998817596158,33.33333334,"[6.244802078453456e-06, 4.8276692999665545e-06, 4.7541469599112115e-06]",0.40333835520253336,COMPLETE,2,3,2L2A_COUPLED_FREEC,legacy_price_return_abs_time
46,5.278102299131235e-06,5.547882072997735,22.65248373305819,0.2008950128034635,29.40347723126725,0.036140119033089516,5.547882072997735,22.65248373305819,0.2008950128034635,29.40347723126725,0.036140119033089516,33.33333334,"[6.2459762583391554e-06, 4.8370947596078274e-06, 4.751235879446724e-06]",0.40298564152315813,COMPLETE,2,3,2L2A_COUPLED_FREEC,legacy_price_return_abs_time
142,5.2785473805827e-06,0.19378540970215016,0.17707102150724593,1.5988516111170195,19.58369658008887,0.014165762968418988,0.19378540970215016,0.17707102150724593,1.5988516111170195,19.58369658008887,0.014165762968418988,66.66667,"[6.017805594620018e-06, 4.69659370727688e-06, 5.1212428398512e-06]",0.4033263152083511,COMPLETE,2,3,2L2A_COUPLED_FREEC,legacy_price_return_abs_time
44,5.289012635363055e-06,6.520597529629122,17.445726613647416,0.21816576794736564,30.41741296185053,0.03439806988847112,6.520597529629122,17.445726613647416,0.21816576794736564,30.41741296185053,0.03439806988847112,33.33333334,"[6.251370336425688e-06, 4.8700775816517496e-06, 4.7455899880117285e-06]",0.401542718797211,COMPLETE,2,3,2L2A_COUPLED_FREEC,legacy_price_return_abs_time
93,5.290354705145575e-06,0.05825627092233263,5.183393174159339,1.0688327394626402,16.108446980802867,0.08638432845219747,0.05825627092233263,5.183393174159339,1.0688327394626402,16.108446980802867,0.08638432845219747,66.66667,"[6.025720468530929e-06, 4.6871403394529215e-06, 5.158203307452875e-06]",0.40213392039256995,COMPLETE,2,3,2L2A_COUPLED_FREEC,legacy_price_return_abs_time
62,5.294074102892215e-06,0.010082225362029417,1.6562668139431558,1.650277969006346,18.399539652022096,0.01500299395923483,0.010082225362029417,1.6562668139431558,1.650277969006346,18.399539652022096,0.01500299395923483,100.0,"[6.023513503590864e-06, 4.6802888210860246e-06, 5.178419983999752e-06]",0.4017741914942096,COMPLETE,2,3,2L2A_COUPLED_FREEC,legacy_price_return_abs_time
13,5.2949293933548925e-06,0.17796352659118073,0.648689034342801,1.3586283340727696,74.103994431641,0.010684938595908073,0.17796352659118073,0.648689034342801,1.3586283340727696,74.103994431641,0.010684938595908073,33.33333334,"[6.254171856196907e-06, 4.885375931434836e-06, 4.7452403924329345e-06]",0.40078059004345423,COMPLETE,2,3,2L2A_COUPLED_FREEC,legacy_price_return_abs_time
69,5.296932895978893e-06,0.04153334752619653,3.342465783674587,1.9475781315771672,23.97060760348544,0.010033544042665654,0.04153334752619653,3.342465783674587,1.9475781315771672,23.97060760348544,0.010033544042665654,100.0,"[6.0215628927514255e-06, 4.6752295856843e-06, 5.194006209500953e-06]",0.40149521324517473,COMPLETE,2,3,2L2A_COUPLED_FREEC,legacy_price_return_abs_time
40,5.297934400310969e-06,1.0274257758736984,2.3371209996888878,-0.5353059693622599,12.967063649284395,0.15086875221419338,1.0274257758736984,2.3371209996888878,-0.5353059693622599,12.967063649284395,0.15086875221419338,100.0,"[6.015798438417159e-06, 4.669512334132199e-06, 5.2084924283835495e-06]",0.40141270421472175,COMPLETE,2,3,2L2A_COUPLED_FREEC,legacy_price_return_abs_time
57,5.298020828723113e-06,0.0149448417796673,1.1454160451765634,1.2869325221945578,15.389698979776647,0.06276353522550922,0.0149448417796673,1.1454160451765634,1.2869325221945578,15.389698979776647,0.06276353522550922,100.0,"[6.020267392264742e-06, 4.672833494965344e-06, 5.200961598939253e-06]",0.40139103505435353,COMPLETE,2,3,2L2A_COUPLED_FREEC,legacy_price_return_abs_time
34,5.301929471811243e-06,0.6583162665571625,4.492124293068275,1.442200735881341,22.42251701610492,0.08537321064313344,0.6583162665571625,4.492124293068275,1.442200735881341,22.42251701610492,0.08537321064313344,100.0,"[6.016907247185954e-06, 4.665635022957463e-06, 5.223246145290311e-06]",0.4010096208805833,COMPLETE,2,3,2L2A_COUPLED_FREEC,legacy_price_return_abs_time
10,5.302089726707552e-06,1.9833870917364025,0.09065281228069062,0.33699278560096824,48.22762229694815,0.027717263210826643,1.9833870917364025,0.09065281228069062,0.33699278560096824,48.22762229694815,0.027717263210826643,33.33333334,"[6.305624278614407e-06, 4.868198061491606e-06, 4.732446840016643e-06]",0.4003003489282458,COMPLETE,2,3,2L2A_COUPLED_FREEC,legacy_price_return_abs_time
16,5.304007582241109e-06,0.18000322234024033,0.011914440652609385,-0.9107154759123696,19.502489618692668,0.011699160571957802,0.18000322234024033,0.011914440652609385,-0.9107154759123696,19.502489618692668,0.011699160571957802,33.33666667,"[6.022361680858839e-06, 4.957711670527191e-06, 4.931949395337295e-06]",0.39845483737097204,COMPLETE,2,3,2L2A_COUPLED_FREEC,legacy_price_return_abs_time
70,5.307134579966473e-06,0.038184593089190505,3.282724450929857,1.9373396960152278,24.182433590192282,0.031248190420406892,0.038184593089190505,3.282724450929857,1.9373396960152278,24.182433590192282,0.031248190420406892,100.0,"[6.014700346379564e-06, 4.658248118799979e-06, 5.248455274719876e-06]",0.4004913793081373,COMPLETE,2,3,2L2A_COUPLED_FREEC,legacy_price_return_abs_time
82,5.308994794067824e-06,0.027736080482348855,1.3492834784558194,1.341768613479076,12.371246284212873,0.04354186600492233,0.027736080482348855,1.3492834784558194,1.341768613479076,12.371246284212873,0.04354186600492233,100.0,"[6.012457732860499e-06, 4.654771293212739e-06, 5.259755356130236e-06]",0.4003081816459318,COMPLETE,2,3,2L2A_COUPLED_FREEC,legacy_price_return_abs_time
100,5.317433673924755e-06,0.03450068017301981,3.779534650243977,1.4368029483538414,28.74947462908697,0.13303427994917252,0.03450068017301981,3.779534650243977,1.4368029483538414,28.74947462908697,0.13303427994917252,100.0,"[6.009734353871522e-06, 4.644727000112885e-06, 5.297839667789859e-06]",0.3994552300973983,COMPLETE,2,3,2L2A_COUPLED_FREEC,legacy_price_return_abs_time
53,5.322616942482632e-06,0.3161250756555565,11.026513304171317,0.8400196183852486,19.535926038648753,0.1799698264471249,0.3161250756555565,11.026513304171317,0.8400196183852486,19.535926038648753,0.1799698264471249,66.66667,"[6.002354944194006e-06, 4.637598444540943e-06, 5.327897438712948e-06]",0.3989205674827385,COMPLETE,2,3,2L2A_COUPLED_FREEC,legacy_price_return_abs_time
42,5.322969179674058e-06,0.04526136655564269,27.29436022674303,-0.5309529640037932,12.818674823384343,0.1946444851351293,0.04526136655564269,27.29436022674303,-0.5309529640037932,12.818674823384343,0.1946444851351293,66.66667,"[6.002857142512262e-06, 4.637583346376316e-06, 5.328467050133594e-06]",0.3988837142774903,COMPLETE,2,3,2L2A_COUPLED_FREEC,legacy_price_return_abs_time
67,5.3283156627953925e-06,0.021590328014270722,3.3192595508466947,1.9925564872359214,20.069257232375275,0.0296155400147531,0.021590328014270722,3.3192595508466947,1.9925564872359214,20.069257232375275,0.0296155400147531,66.66667,"[5.991714134214987e-06, 4.630776798862036e-06, 5.362456055309155e-06]",0.3983164003316677,COMPLETE,2,3,2L2A_COUPLED_FREEC,legacy_price_return_abs_time
103,5.335584578134545e-06,0.036153842630221665,6.960933319732021,-1.3746174548176227,14.750273534457667,0.13540484868296115,0.036153842630221665,6.960933319732021,-1.3746174548176227,14.750273534457667,0.13540484868296115,33.333333669999995,"[5.962918685098381e-06, 4.621316152942093e-06, 5.4225188963631596e-06]",0.39750259340068794,COMPLETE,2,3,2L2A_COUPLED_FREEC,legacy_price_return_abs_time
17,5.3434894729762585e-06,0.15532370068516432,0.5292483399231962,-1.9916026946739545,18.94463913676786,0.09784817293819724,0.15532370068516432,0.5292483399231962,-1.9916026946739545,18.94463913676786,0.09784817293819724,33.333333669999995,"[5.928632746503361e-06, 4.62730023263015e-06, 5.474535439795262e-06]",0.39647733766142884,COMPLETE,2,3,2L2A_COUPLED_FREEC,legacy_price_return_abs_time
26,5.344313138959564e-06,0.010170419979184357,8.359202525187504,0.3313760639503137,14.413887628208442,0.30779170186403565,0.010170419979184357,8.359202525187504,0.3313760639503137,14.413887628208442,0.30779170186403565,33.333333669999995,"[5.926143874097035e-06, 4.628663715025309e-06, 5.4781318277563475e-06]",0.3963680759864006,COMPLETE,2,3,2L2A_COUPLED_FREEC,legacy_price_return_abs_time
27,5.345087063399099e-06,0.01566761635876877,8.537829117987627,0.059913811284105604,10.149756707651203,0.3177227462199315,0.01566761635876877,8.537829117987627,0.059913811284105604,10.149756707651203,0.3177227462199315,33.333333669999995,"[5.9251960712113714e-06, 4.629565829127521e-06, 5.480499289858404e-06]",0.39627295648252975,COMPLETE,2,3,2L2A_COUPLED_FREEC,legacy_price_return_abs_time
28,5.350729699174244e-06,0.020236549527509473,7.2867245356096575,0.009788958808716216,10.147570767740694,0.3330474229375894,0.020236549527509473,7.2867245356096575,0.009788958808716216,10.147570767740694,0.3330474229375894,33.333333669999995,"[5.921362973449752e-06, 4.636126101107463e-06, 5.494700022965518e-06]",0.3955895416930904,COMPLETE,2,3,2L2A_COUPLED_FREEC,legacy_price_return_abs_time
29,5.350838777718548e-06,0.023625537837579313,8.911977003802198,-0.11027862145431443,11.09167925367282,0.3326033883333926,0.023625537837579313,8.911977003802198,-0.11027862145431443,11.09167925367282,0.3326033883333926,33.333333669999995,"[5.921291377704796e-06, 4.636417484724279e-06, 5.494807470726572e-06]",0.3955750175197257,COMPLETE,2,3,2L2A_COUPLED_FREEC,legacy_price_return_abs_time
116,5.359794812155392e-06,0.11501206669232024,5.6688388822487426,0.5917298739011563,22.399984425360202,0.01453293787579163,0.11501206669232024,5.6688388822487426,0.5917298739011563,22.399984425360202,0.01453293787579163,33.33336667,"[6.300097675553562e-06, 5.052169859946671e-06, 4.727116900965943e-06]",0.39248200777075093,COMPLETE,2,3,2L2A_COUPLED_FREEC,legacy_price_return_abs_time
111,5.384956596188903e-06,0.01562930498940738,0.1347336409894828,0.3214209388666236,31.759930043598843,0.025309950648354836,0.01562930498940738,0.1347336409894828,0.3214209388666236,31.759930043598843,0.025309950648354836,33.33366667,"[6.324750645723637e-06, 5.108365456981759e-06, 4.7217536858613155e-06]",0.38935333174102715,COMPLETE,2,3,2L2A_COUPLED_FREEC,legacy_price_return_abs_time
113,5.425142969176017e-06,0.015026157963804018,1.471449753802329,0.29314379977439764,31.394541986280373,0.023284667512133005,0.015026157963804018,1.471449753802329,0.29314379977439764,31.394541986280373,0.023284667512133005,66.66666667,"[6.379038986120825e-06, 5.182030181570299e-06, 4.714359739836928e-06]",0.3845338690595084,COMPLETE,2,3,2L2A_COUPLED_FREEC,legacy_price_return_abs_time
15,5.438342246685908e-06,22.53726222669234,0.012215177277307887,0.9722266550211676,76.14850738845826,0.011745513997835511,22.53726222669234,0.012215177277307887,0.9722266550211676,76.14850738845826,0.011745513997835511,36.66666667,"[6.465259943801215e-06, 5.111278550875742e-06, 4.738488245380768e-06]",0.38393445351947403,COMPLETE,2,3,2L2A_COUPLED_FREEC,legacy_price_return_abs_time
114,5.443957979409631e-06,0.015255372854760285,0.01081247681163812,0.5662239447743952,31.20438530109918,0.014399601184180807,0.015255372854760285,0.01081247681163812,0.5662239447743952,31.20438530109918,0.014399601184180807,66.66666667,"[6.411953779557709e-06, 5.211675739568383e-06, 4.708244419102802e-06]",0.3823405757278849,COMPLETE,2,3,2L2A_COUPLED_FREEC,legacy_price_return_abs_time
115,5.465432552643753e-06,0.015169541336955465,0.01624069006513919,0.5692061759185107,35.59086016404028,0.014738846690380907,0.015169541336955465,0.01624069006513919,0.5692061759185107,35.59086016404028,0.014738846690380907,66.66666667,"[6.439629744321791e-06, 5.249663335033049e-06, 4.707004578576417e-06]",0.37977191306271035,COMPLETE,2,3,2L2A_COUPLED_FREEC,legacy_price_return_abs_time
8,5.4981716035592075e-06,3.4054030031906657,0.03817906995033927,-1.6156864105389146,55.51685207659244,0.15031754730496968,3.4054030031906657,0.03817906995033927,-1.6156864105389146,55.51685207659244,0.15031754730496968,1.0000000000000002e-08,"[6.012402198109314e-06, 5.183165788387928e-06, 5.29894682418038e-06]",0.3753353596175086,COMPLETE,2,3,2L2A_COUPLED_FREEC,legacy_price_return_abs_time
49,5.545835875898833e-06,18.152237896461962,6.219372884868974,0.5006491703405569,36.49783544804495,0.5336671096018721,18.152237896461962,6.219372884868974,0.5006491703405569,36.49783544804495,0.5336671096018721,33.333333339999996,"[6.027724906196283e-06, 4.835017011358391e-06, 5.774765710141827e-06]",0.37295652428507653,COMPLETE,2,3,2L2A_COUPLED_FREEC,legacy_price_return_abs_time
52,5.5527576002603745e-06,0.3955462273851268,12.04367012485493,0.8523990851420925,11.721293153986105,0.5257472887137531,0.3955462273851268,12.04367012485493,0.8523990851420925,11.721293153986105,0.5257472887137531,1.0000000000000002e-08,"[6.021213508268899e-06, 4.861105197097533e-06, 5.775954095414692e-06]",0.37196750865277034,COMPLETE,2,3,2L2A_COUPLED_FREEC,legacy_price_return_abs_time
50,5.615769031193678e-06,16.29890101716255,0.3208393774135676,0.5269098467492905,35.22061417306578,0.55045526273816,16.29890101716255,0.3208393774135676,0.5269098467492905,35.22061417306578,0.55045526273816,6.670000000000001e-06,"[6.0566634685597905e-06, 4.9797019006836696e-06, 5.810941724337574e-06]",0.36422510398843505,COMPLETE,2,3,2L2A_COUPLED_FREEC,legacy_price_return_abs_time
51,5.65890669966373e-06,17.94213747948481,6.1795423099613,0.49291898396722833,14.2822757727675,0.614110491736937,17.94213747948481,6.1795423099613,0.49291898396722833,14.2822757727675,0.614110491736937,33.333334,"[6.1059547235586934e-06, 4.954491488406403e-06, 5.916273887026092e-06]",0.35985979376220034,COMPLETE,2,3,2L2A_COUPLED_FREEC,legacy_price_return_abs_time
3,5.813283404543793e-06,2.095927618910304,0.049299777837535905,0.06201260660992691,12.97832662081088,0.7332994312635488,2.095927618910304,0.049299777837535905,0.06201260660992691,12.97832662081088,0.7332994312635488,3.6700000000000004e-06,"[6.193121949135188e-06, 5.203030325448532e-06, 6.043697939047656e-06]",0.3412294130924432,COMPLETE,2,3,2L2A_COUPLED_FREEC,legacy_price_return_abs_time
9,6.166376311956054e-06,0.35141807132709,0.17881454943867386,1.7001993184145032,10.42185805111642,0.8973163193536217,0.35141807132709,0.17881454943867386,1.7001993184145032,10.42185805111642,0.8973163193536217,3.4e-07,"[6.524898921335037e-06, 5.515525955817402e-06, 6.458704058715722e-06]",0.3011010516588933,COMPLETE,2,3,2L2A_COUPLED_FREEC,legacy_price_return_abs_time
97,6.298055159535507e-06,0.017399585487023507,3.8973516493901568,1.3978439951980963,25.504137726609,1.1892003099158028,0.017399585487023507,3.8973516493901568,1.3978439951980963,25.504137726609,1.1892003099158028,33.333333339999996,"[6.8093380313063055e-06, 5.593437318226989e-06, 6.4913901290732255e-06]",0.28696620569127146,COMPLETE,2,3,2L2A_COUPLED_FREEC,legacy_price_return_abs_time
101,6.3043310148502584e-06,0.011406299684427072,3.81771174921365,-1.4859723577846218,27.986966553528006,1.1674450078816503,0.011406299684427072,3.81771174921365,-1.4859723577846218,27.986966553528006,1.1674450078816503,33.333333339999996,"[6.825163150939944e-06, 5.577732246833867e-06, 6.5100976467769646e-06]",0.2864557617743508,COMPLETE,2,3,2L2A_COUPLED_FREEC,legacy_price_return_abs_time
12,6.60906800845723e-06,2.611744623439072,2.3129051013148434,0.8084320454078311,60.51049274606319,1.6406730626751673,2.611744623439072,2.3129051013148434,0.8084320454078311,60.51049274606319,1.6406730626751673,33.333333339999996,"[7.197705480576931e-06, 5.864564898893314e-06, 6.764933645901444e-06]",0.25196440667190095,COMPLETE,2,3,2L2A_COUPLED_FREEC,legacy_price_return_abs_time
102,6.6313259482638305e-06,0.03359996186356131,7.249012770258218,0.9303024519745382,27.11577675181887,1.5629831339570917,0.03359996186356131,7.249012770258218,0.9303024519745382,27.11577675181887,1.5629831339570917,33.333333339999996,"[7.242682754278817e-06, 5.825287840758776e-06, 6.826007249753897e-06]",0.24998615187203935,COMPLETE,2,3,2L2A_COUPLED_FREEC,legacy_price_return_abs_time
1,6.655986506789065e-06,6.297406479134372,3.5785262200144183,-1.2799009404324777,25.384013829007383,1.9393554433844926,6.297406479134372,3.5785262200144183,-1.2799009404324777,25.384013829007383,1.9393554433844926,1.0000000000000002e-08,"[7.195859579782192e-06, 5.988506457798978e-06, 6.7835934827860225e-06]",0.24582192591372018,COMPLETE,2,3,2L2A_COUPLED_FREEC,legacy_price_return_abs_time
11,6.795021216934042e-06,1.9189454023342147,0.5478526863450423,0.8880795801546495,20.86454774488574,2.3489096960794495,1.9189454023342147,0.5478526863450423,0.8880795801546495,20.86454774488574,2.3489096960794495,1.0000000000000002e-08,"[7.373641037668989e-06, 6.123685076278202e-06, 6.887737536854937e-06]",0.2300760782242426,COMPLETE,2,3,2L2A_COUPLED_FREEC,legacy_price_return_abs_time
0,7.184834849218787e-06,1.7801787967264804,23.30222740849438,-1.5139026471354855,31.094977083513555,2.723173448879734,1.7801787967264804,23.30222740849438,-1.5139026471354855,31.094977083513555,2.723173448879734,6.666666670000001,"[7.894308228043608e-06, 6.3432929059282955e-06, 7.3169034136844574e-06]",0.1872806985842069,COMPLETE,2,3,2L2A_COUPLED_FREEC,legacy_price_return_abs_time
43,7.342751906598431e-06,1.2097647971942722,27.64028361483544,0.23231292301475348,31.09633063504471,5.079583196206696,1.2097647971942722,27.64028361483544,0.23231292301475348,31.09633063504471,5.079583196206696,0.367,"[8.112151707852282e-06, 6.419649120765402e-06, 7.496454891177609e-06]",0.17006750530798498,COMPLETE,2,3,2L2A_COUPLED_FREEC,legacy_price_return_abs_time
45,7.350956466299639e-06,5.8299139863078455,15.192903052558279,0.18944656098734125,26.513961097782193,5.989666994281438,5.8299139863078455,15.192903052558279,0.18944656098734125,26.513961097782193,5.989666994281438,0.037,"[8.143417283919344e-06, 6.400581634641212e-06, 7.5088704803383616e-06]",0.16942266951561813,COMPLETE,2,3,2L2A_COUPLED_FREEC,legacy_price_return_abs_time
4,8.635581840937866e-06,0.028602646657860113,24.97921121392979,-0.34960255981725163,42.819141101780914,17.460396219723677,0.028602646657860113,24.97921121392979,-0.34960255981725163,42.819141101780914,17.460396219723677,1.0000000000000002e-08,"[9.273080324980783e-06, 7.5517588347592674e-06, 9.081906363073548e-06]",0.02306239870433824,COMPLETE,2,3,2L2A_COUPLED_FREEC,legacy_price_return_abs_time
5,8.688050264970602e-06,1.8708683713493042,0.07989816031586607,1.7802514551105677,31.329126196164005,15.544572513220915,1.8708683713493042,0.07989816031586607,1.7802514551105677,31.329126196164005,15.544572513220915,66.66666667,"[9.312874195314635e-06, 7.5739873240905444e-06, 9.17728927550663e-06]",0.017263019092933263,COMPLETE,2,3,2L2A_COUPLED_FREEC,legacy_price_return_abs_time
143,8.693524354687301e-06,0.4012956799942012,0.19417029375579553,1.2145109792320659,19.275498071672512,19.975376281974825,0.19417029375579553,0.4012956799942012,1.2145109792320659,19.975376281974825,19.275498071672512,100.0,"[9.312874425217071e-06, 7.573987417445983e-06, 9.193711221398849e-06]",0.0166631438019987,COMPLETE,2,3,2L2A_COUPLED_FREEC,legacy_price_return_abs_time
7,8.693524368496508e-06,0.03751497278016962,23.245559082297188,-0.5346463080698474,38.827056148337554,25.703851075407723,0.03751497278016962,23.245559082297188,-0.5346463080698474,38.827056148337554,25.703851075407723,100.0,"[9.312874441272874e-06, 7.573987419800458e-06, 9.193711244416195e-06]",0.016663142321786045,COMPLETE,2,3,2L2A_COUPLED_FREEC,legacy_price_return_abs_time
141,8.693524375563124e-06,0.43424547597023044,0.14719897785227715,-1.9531321679201745,23.08869968314525,17.688624054937385,0.43424547597023044,0.14719897785227715,-1.9531321679201745,23.08869968314525,17.688624054937385,100.0,"[9.312874448708664e-06, 7.573987422722844e-06, 9.193711255257868e-06]",0.016663141547999822,COMPLETE,2,3,2L2A_COUPLED_FREEC,legacy_price_return_abs_time
141,6.0832101384533996e-06,6.357683134603591,22.963951346927203,0.9963915937438909,38.478489508145124,0.0612487375274,6.357683134603591,22.963951346927203,0.9963915937438909,38.478489508145124,0.0612487375274,33.33333334,"[6.9411977891588585e-06, 5.479365188178419e-06, 5.829067438022921e-06]",0.3108717437655795,COMPLETE,2,5,2L2A_COUPLED_FREEC,legacy_price_return_abs_time
85,6.083652088859357e-06,1.0871826778524012,5.35464679704596,1.6611271026326673,44.94215791790155,0.024405438188058334,1.0871826778524012,5.35464679704596,1.6611271026326673,44.94215791790155,0.024405438188058334,33.33333334,"[6.949095694418234e-06, 5.477988371417927e-06, 5.823872200741909e-06]",0.31085881063851795,COMPLETE,2,5,2L2A_COUPLED_FREEC,legacy_price_return_abs_time
135,6.084457574801539e-06,4.767364579806316,2.2441421924639635,1.4523097766415591,36.74011321153417,0.032073076103998406,4.767364579806316,2.2441421924639635,1.4523097766415591,36.74011321153417,0.032073076103998406,33.33333334,"[6.92199843462764e-06, 5.488427500041891e-06, 5.8429467897350855e-06]",0.3106028698481189,COMPLETE,2,5,2L2A_COUPLED_FREEC,legacy_price_return_abs_time
109,6.08449627993202e-06,7.661108518754261,8.007416223953392,1.2340535644618331,31.720732368685347,0.0360787854537787,7.661108518754261,8.007416223953392,1.2340535644618331,31.720732368685347,0.0360787854537787,33.33333334,"[6.9576302599079734e-06, 5.4780445922651805e-06, 5.817813987622904e-06]",0.31079226471082166,COMPLETE,2,5,2L2A_COUPLED_FREEC,legacy_price_return_abs_time
87,6.084665371368749e-06,4.833389586679541,1.476788144262895,1.7122156230663368,44.99224404856176,0.02233092840637305,4.833389586679541,1.476788144262895,1.7122156230663368,44.99224404856176,0.02233092840637305,33.33333334,"[6.931814433056948e-06, 5.487215902246296e-06, 5.834965778803006e-06]",0.31062020677632834,COMPLETE,2,5,2L2A_COUPLED_FREEC,legacy_price_return_abs_time
82,6.085003659445074e-06,4.97060636204044,6.256244643394688,1.6756130745801383,39.51107872531779,0.022845622074750386,4.97060636204044,6.256244643394688,1.6756130745801383,39.51107872531779,0.022845622074750386,33.33333334,"[6.905696103679681e-06, 5.4893131778382974e-06, 5.860001696817243e-06]",0.31048545955092527,COMPLETE,2,5,2L2A_COUPLED_FREEC,legacy_price_return_abs_time
102,6.08532983016458e-06,4.389962709978089,6.710473147481023,1.3079290660685226,32.54529471345687,0.04162128901612177,4.389962709978089,6.710473147481023,1.3079290660685226,32.54529471345687,0.04162128901612177,33.33333334,"[6.904803476838547e-06, 5.49003807267605e-06, 5.861147940979143e-06]",0.3104411342522976,COMPLETE,2,5,2L2A_COUPLED_FREEC,legacy_price_return_abs_time
71,6.0858427863464e-06,7.226868593471967,2.9469258238187206,1.6591191732317343,34.41141676125536,0.010564182855118068,7.226868593471967,2.9469258238187206,1.6591191732317343,34.41141676125536,0.010564182855118068,33.33333334,"[6.9156612996212115e-06, 5.493023314266466e-06, 5.848843745151522e-06]",0.31039456398569815,COMPLETE,2,5,2L2A_COUPLED_FREEC,legacy_price_return_abs_time
128,6.086201810088099e-06,3.0836827880305324,13.11967079556848,1.3002951214450071,30.695656253942015,0.026911337170025782,3.0836827880305324,13.11967079556848,1.3002951214450071,30.695656253942015,0.026911337170025782,33.33333334,"[6.975941303638438e-06, 5.474672320709653e-06, 5.807991805916204e-06]",0.31068911186776543,COMPLETE,2,5,2L2A_COUPLED_FREEC,legacy_price_return_abs_time
133,6.086286854786032e-06,4.893939691978035,19.437872444011813,1.1595241216023127,28.998881638125535,0.03554300714688486,4.893939691978035,19.437872444011813,1.1595241216023127,28.998881638125535,0.03554300714688486,33.33333334,"[6.976611651950306e-06, 5.4746521690814396e-06, 5.8075967433263515e-06]",0.3106820288791055,COMPLETE,2,5,2L2A_COUPLED_FREEC,legacy_price_return_abs_time
126,6.086651421609622e-06,1.1590031696451448,13.815456895260992,1.2910401341063529,31.391306847176203,0.028591630787692578,1.1590031696451448,13.815456895260992,1.2910401341063529,31.391306847176203,0.028591630787692578,33.33333334,"[6.979116949259679e-06, 5.474351267040567e-06, 5.80648604852862e-06]",0.3106522478031921,COMPLETE,2,5,2L2A_COUPLED_FREEC,legacy_price_return_abs_time
84,6.0891484341398934e-06,1.572578051605693,1.4484862780466963,1.58592729950081,35.21575405082839,0.026090867633549866,1.572578051605693,1.4484862780466963,1.58592729950081,35.21575405082839,0.026090867633549866,33.33333334,"[6.894154034449917e-06, 5.496584016427606e-06, 5.876707251542156e-06]",0.3099371640832948,COMPLETE,2,5,2L2A_COUPLED_FREEC,legacy_price_return_abs_time
92,6.089216216609371e-06,5.110248591682872,1.927624793861851,1.2355537989802925,28.885053169747184,0.02853695552215919,5.110248591682872,1.927624793861851,1.2355537989802925,28.885053169747184,0.02853695552215919,33.33333334,"[6.972018110402792e-06, 5.486276422424573e-06, 5.80935411700075e-06]",0.3102534824710268,COMPLETE,2,5,2L2A_COUPLED_FREEC,legacy_price_return_abs_time
105,6.090099841386823e-06,7.871917399987033,6.746446155242893,1.3702767282525863,32.8702670687675,0.021005916318043813,7.871917399987033,6.746446155242893,1.3702767282525863,32.8702670687675,0.021005916318043813,33.33333334,"[7.005049542657417e-06, 5.472549850932372e-06, 5.792700130570679e-06]",0.3103690806570569,COMPLETE,2,5,2L2A_COUPLED_FREEC,legacy_price_return_abs_time
18,6.090398550669623e-06,2.7041801979577587,2.2707812696339187,1.1175097973484396,36.66036475795809,0.06447530874946067,2.7041801979577587,2.2707812696339187,1.1175097973484396,36.66036475795809,0.06447530874946067,33.33333334,"[6.892046843179132e-06, 5.498261139810277e-06, 5.880887669019458e-06]",0.30978018520201556,COMPLETE,2,5,2L2A_COUPLED_FREEC,legacy_price_return_abs_time
124,6.090733894526075e-06,2.13500419435636,7.973624661348433,1.2730789706394123,31.335879356728327,0.026390826348054258,2.13500419435636,7.973624661348433,1.2730789706394123,31.335879356728327,0.026390826348054258,33.33333334,"[7.008751311757012e-06, 5.471759525882734e-06, 5.791690845938479e-06]",0.3103174002531411,COMPLETE,2,5,2L2A_COUPLED_FREEC,legacy_price_return_abs_time
76,6.0908069332304995e-06,2.4509963924142375,0.3642105189983941,1.6972095895747135,45.14572741141229,0.022229207563538307,2.4509963924142375,0.3642105189983941,1.6972095895747135,45.14572741141229,0.022229207563538307,33.33333334,"[6.936738199562993e-06, 5.502837018959386e-06, 5.832845581169121e-06]",0.3098370247771983,COMPLETE,2,5,2L2A_COUPLED_FREEC,legacy_price_return_abs_time
100,6.09081081040179e-06,1.642447448283898,10.80263117647173,1.3723637772634862,32.399773173956525,0.04134823786092297,1.642447448283898,10.80263117647173,1.3723637772634862,32.399773173956525,0.04134823786092297,33.33333334,"[6.892248600797971e-06, 5.4970025554641005e-06, 5.8831812749433e-06]",0.30974573595464466,COMPLETE,2,5,2L2A_COUPLED_FREEC,legacy_price_return_abs_time
108,6.091184807042325e-06,1.6959726594566438,7.958566070452799,1.2868912224561933,31.914329560568568,0.02595919102969239,1.6959726594566438,7.958566070452799,1.2868912224561933,31.914329560568568,0.02595919102969239,33.33333334,"[7.011399903694074e-06, 5.47161181560371e-06, 5.790542701829191e-06]",0.31027737076597367,COMPLETE,2,5,2L2A_COUPLED_FREEC,legacy_price_return_abs_time
94,6.091687527986619e-06,12.326557172008032,6.809279275971234,1.342345888039874,27.779833833277568,0.01251695690954875,12.326557172008032,6.809279275971234,1.342345888039874,27.779833833277568,0.01251695690954875,33.33333334,"[7.008155008622479e-06, 5.476025178451113e-06, 5.790882396886261e-06]",0.3101768077484745,COMPLETE,2,5,2L2A_COUPLED_FREEC,legacy_price_return_abs_time
125,6.091696705099983e-06,1.1256490424405583,8.37198319851292,1.28276563351931,32.25921702740251,0.026576582653793646,1.1256490424405583,8.37198319851292,1.28276563351931,32.25921702740251,0.026576582653793646,33.33333334,"[7.014221841703816e-06, 5.47151287875454e-06, 5.789355394841591e-06]",0.3102308032003454,COMPLETE,2,5,2L2A_COUPLED_FREEC,legacy_price_return_abs_time
75,6.0917212561338e-06,2.660795469453373,2.8756051372149125,1.6042323839498571,46.28235790013194,0.021490487744543305,2.660795469453373,2.8756051372149125,1.6042323839498571,46.28235790013194,0.021490487744543305,33.33333334,"[7.016866021872229e-06, 5.470639353483259e-06, 5.787658393045913e-06]",0.3102433092951476,COMPLETE,2,5,2L2A_COUPLED_FREEC,legacy_price_return_abs_time
104,6.091789445413557e-06,3.6699469741815447,10.44553295999399,1.372482912842837,33.01194152450075,0.04298138645617491,3.6699469741815447,10.44553295999399,1.372482912842837,33.01194152450075,0.04298138645617491,33.33333334,"[6.890829346504924e-06, 5.498462416846776e-06, 5.886076572888971e-06]",0.30962238061026964,COMPLETE,2,5,2L2A_COUPLED_FREEC,legacy_price_return_abs_time
116,6.09286585011853e-06,9.802532884817916,3.8038858003258107,1.4669266052086625,37.68328360053188,0.019091904626685002,9.802532884817916,3.8038858003258107,1.4669266052086625,37.68328360053188,0.019091904626685002,33.33333334,"[7.019471713794345e-06, 5.473419738163367e-06, 5.785706098397876e-06]",0.31010362439476225,COMPLETE,2,5,2L2A_COUPLED_FREEC,legacy_price_return_abs_time
88,6.093039161411947e-06,4.97087225396893,1.2755392315403524,1.208066597616041,28.12314276885347,0.03110320793971351,4.97087225396893,1.2755392315403524,1.208066597616041,28.12314276885347,0.03110320793971351,33.33333334,"[6.957161622633681e-06, 5.502832915660934e-06, 5.819122945941224e-06]",0.3096556534147763,COMPLETE,2,5,2L2A_COUPLED_FREEC,legacy_price_return_abs_time
137,6.093199325346234e-06,4.955347757965407,28.59788383610077,1.2555040175700651,36.37940245824953,0.03328673288024646,4.955347757965407,28.59788383610077,1.2555040175700651,36.37940245824953,0.03328673288024646,33.33333334,"[7.023439914145767e-06, 5.470922608482992e-06, 5.785235453409945e-06]",0.3100994090450649,COMPLETE,2,5,2L2A_COUPLED_FREEC,legacy_price_return_abs_time
43,6.094166999465658e-06,0.9079410886975636,0.02450846645212563,1.959202554518513,54.35457819151418,0.017930298978664713,0.9079410886975636,0.02450846645212563,1.959202554518513,54.35457819151418,0.017930298978664713,36.666666670000005,"[6.928847236420347e-06, 5.490759977373529e-06, 5.862893784603099e-06]",0.3095413410878401,COMPLETE,2,5,2L2A_COUPLED_FREEC,legacy_price_return_abs_time
23,6.09443885232083e-06,5.178197732063875,0.22196830148741126,1.257091667085031,45.038206561437995,0.04741148508466532,5.178197732063875,0.22196830148741126,1.257091667085031,45.038206561437995,0.04741148508466532,36.666666670000005,"[6.959761475997514e-06, 5.488077528718757e-06, 5.83547755224622e-06]",0.30962876793004723,COMPLETE,2,5,2L2A_COUPLED_FREEC,legacy_price_return_abs_time
74,6.0950673835760225e-06,2.4668437536843006,0.14748326783869078,1.6552871972667598,39.90738774843133,0.02302213630127532,2.4668437536843006,0.14748326783869078,1.6552871972667598,39.90738774843133,0.02302213630127532,36.666666670000005,"[6.915391631920916e-06, 5.496999358551625e-06, 5.872811160255524e-06]",0.30935093807478803,COMPLETE,2,5,2L2A_COUPLED_FREEC,legacy_price_return_abs_time
73,6.0951071642432065e-06,2.5934465867916505,0.16469409359352377,1.6535026179289956,39.36885494101708,0.02255541408658684,2.5934465867916505,0.16469409359352377,1.6535026179289956,39.36885494101708,0.02255541408658684,36.666666670000005,"[6.913818304309449e-06, 5.497921852904438e-06, 5.873581335515734e-06]",0.3093343035481014,COMPLETE,2,5,2L2A_COUPLED_FREEC,legacy_price_return_abs_time
86,6.095333654554345e-06,1.6973191332223545,1.492844194447254,1.7036671579392078,56.96187470493831,0.0238687881568442,1.6973191332223545,1.492844194447254,1.7036671579392078,56.96187470493831,0.0238687881568442,33.33333334,"[7.038774886975837e-06, 5.469085960371552e-06, 5.778140116315646e-06]",0.3099277275916049,COMPLETE,2,5,2L2A_COUPLED_FREEC,legacy_price_return_abs_time
50,6.0957112537787545e-06,1.4291223183584023,0.020655061746291378,1.8633519855624903,53.74293998404597,0.01719536921306639,1.4291223183584023,0.020655061746291378,1.8633519855624903,53.74293998404597,0.01719536921306639,36.666666670000005,"[6.967197256372232e-06, 5.480490939080804e-06, 5.839445565883228e-06]",0.3095732501931903,COMPLETE,2,5,2L2A_COUPLED_FREEC,legacy_price_return_abs_time
77,6.095893115648175e-06,2.694900443262386,3.10828950184086,1.4233378236274272,39.70195770290074,0.0513463249143025,2.694900443262386,3.10828950184086,1.4233378236274272,39.70195770290074,0.0513463249143025,33.33333334,"[6.887319098046401e-06, 5.503397325655183e-06, 5.896962923242942e-06]",0.30912220130407425,COMPLETE,2,5,2L2A_COUPLED_FREEC,legacy_price_return_abs_time
20,6.0967814237208164e-06,3.474425134465724,0.11690288853007542,1.2038495452858764,41.66763583483967,0.04926732981640925,3.474425134465724,0.11690288853007542,1.2038495452858764,41.66763583483967,0.04926732981640925,36.666666670000005,"[6.958067825808462e-06, 5.481526382759875e-06, 5.850750062594114e-06]",0.30941940710266524,COMPLETE,2,5,2L2A_COUPLED_FREEC,legacy_price_return_abs_time
47,6.096888998581508e-06,2.100962094035053,0.02806189911895597,1.9829642174925246,52.370508963523484,0.010953365726166382,2.100962094035053,0.02806189911895597,1.9829642174925246,52.370508963523484,0.010953365726166382,36.666666670000005,"[6.947742855035097e-06, 5.482979794879905e-06, 5.859944345829523e-06]",0.3093639938053127,COMPLETE,2,5,2L2A_COUPLED_FREEC,legacy_price_return_abs_time
97,6.097017487750542e-06,5.558286779731704,1.184660227301808,1.5279658074419669,27.992420406615086,0.013184110801561916,5.558286779731704,1.184660227301808,1.5279658074419669,27.992420406615086,0.013184110801561916,66.66666667,"[6.895447244789136e-06, 5.512411313466488e-06, 5.883193904996004e-06]",0.3089517835751856,COMPLETE,2,5,2L2A_COUPLED_FREEC,legacy_price_return_abs_time
58,6.097142408723099e-06,0.6599249688077808,0.07615722695757807,1.6571995511120403,46.802472366828404,0.019854115788295507,0.6599249688077808,0.07615722695757807,1.6571995511120403,46.802472366828404,0.019854115788295507,33.33333334,"[6.99070234283397e-06, 5.499842920291748e-06, 5.800881963043576e-06]",0.30933381709142316,COMPLETE,2,5,2L2A_COUPLED_FREEC,legacy_price_return_abs_time
70,6.097757434792697e-06,6.547887496716293,0.16934226886393883,1.6265213998003107,39.79631969260845,0.011225929228454404,6.547887496716293,0.16934226886393883,1.6265213998003107,39.79631969260845,0.011225929228454404,36.666666670000005,"[6.993287968678594e-06, 5.481048086270951e-06, 5.818936249428548e-06]",0.30942530218443604,COMPLETE,2,5,2L2A_COUPLED_FREEC,legacy_price_return_abs_time
19,6.099486672649735e-06,4.444721795798281,0.18076454813131465,1.2265331842202336,36.39464838224674,0.04696119750845607,4.444721795798281,0.18076454813131465,1.2265331842202336,36.39464838224674,0.04696119750845607,36.666666670000005,"[6.942754290126395e-06, 5.48539849691577e-06, 5.8703072309070415e-06]",0.3090444721058733,COMPLETE,2,5,2L2A_COUPLED_FREEC,legacy_price_return_abs_time
112,6.100023511876313e-06,7.997296666474636,2.1844868612001105,1.1180114010460158,35.34323765872328,0.06622493441869019,7.997296666474636,2.1844868612001105,1.1180114010460158,35.34323765872328,0.06622493441869019,66.66666667,"[6.886657170504912e-06, 5.512739566784424e-06, 5.900673798339599e-06]",0.3085925283822456,COMPLETE,2,5,2L2A_COUPLED_FREEC,legacy_price_return_abs_time
114,6.100034679925492e-06,5.907064194541776,14.012538913934824,1.1093898870494752,34.143930022390634,0.036459926476841,5.907064194541776,14.012538913934824,1.1093898870494752,34.143930022390634,0.036459926476841,33.33333334,"[7.06272438776443e-06, 5.468857248583106e-06, 5.768522403428938e-06]",0.30948853114990205,COMPLETE,2,5,2L2A_COUPLED_FREEC,legacy_price_return_abs_time
24,6.100694796714359e-06,5.618150486405347,0.23476921014968052,1.3469030273110871,42.46740541331653,0.050114856992911724,5.618150486405347,0.23476921014968052,1.3469030273110871,42.46740541331653,0.050114856992911724,36.666666670000005,"[6.924172554483199e-06, 5.4908550322323654e-06, 5.887056803427511e-06]",0.3088107639600766,COMPLETE,2,5,2L2A_COUPLED_FREEC,legacy_price_return_abs_time
21,6.100990802742309e-06,5.074140449391215,0.19224548042605633,1.3375414884474754,41.39586122121322,0.04828393052980882,5.074140449391215,0.19224548042605633,1.3375414884474754,41.39586122121322,0.04828393052980882,36.666666670000005,"[6.930868188123765e-06, 5.4887220457746e-06, 5.883382174328561e-06]",0.30881617319194327,COMPLETE,2,5,2L2A_COUPLED_FREEC,legacy_price_return_abs_time
118,6.101483588880686e-06,9.591731769191531,3.9690539095643294,1.4700796596653483,41.97742458165532,0.019308360607257494,9.591731769191531,3.9690539095643294,1.4700796596653483,41.97742458165532,0.019308360607257494,33.33333334,"[7.074642060682379e-06, 5.467191873844538e-06, 5.762616832115142e-06]",0.3093800091791587,COMPLETE,2,5,2L2A_COUPLED_FREEC,legacy_price_return_abs_time
131,6.102709220938318e-06,2.99639428211854,19.654935278907423,1.192542423994483,29.35597765699799,0.022906862787948793,2.99639428211854,19.654935278907423,1.192542423994483,29.35597765699799,0.022906862787948793,33.33333334,"[7.075012852443704e-06, 5.4691979019043356e-06, 5.763916908466912e-06]",0.309230742757338,COMPLETE,2,5,2L2A_COUPLED_FREEC,legacy_price_return_abs_time
67,6.102715919365098e-06,0.6982503258474823,0.05087460481638661,1.8793006893644193,49.97136870548996,0.031257510555963805,0.6982503258474823,0.05087460481638661,1.8793006893644193,49.97136870548996,0.031257510555963805,66.66666667,"[6.892727600893035e-06, 5.5020374969312234e-06, 5.9133826602710355e-06]",0.30840218425933424,COMPLETE,2,5,2L2A_COUPLED_FREEC,legacy_price_return_abs_time
51,6.103426063954679e-06,2.1412428052908465,0.0169285851588848,1.987909454434716,54.19569775993341,0.016059074388461984,2.1412428052908465,0.0169285851588848,1.987909454434716,54.19569775993341,0.016059074388461984,36.666666670000005,"[6.9465485144776604e-06, 5.484101577276498e-06, 5.87962810010988e-06]",0.3086349308893067,COMPLETE,2,5,2L2A_COUPLED_FREEC,legacy_price_return_abs_time
44,6.104772652044449e-06,14.475250032556627,0.26795894853520247,1.517897544340145,43.06155123535459,0.01789721539581501,14.475250032556627,0.26795894853520247,1.517897544340145,43.06155123535459,0.01789721539581501,36.666666670000005,"[7.044367396120595e-06, 5.476243378289762e-06, 5.7937071817229915e-06]",0.30885321181602415,COMPLETE,2,5,2L2A_COUPLED_FREEC,legacy_price_return_abs_time
144,6.10509694106722e-06,6.375794484115733,1.8807271941633041,1.4096209321336182,38.97357340125383,0.055193543902071304,6.375794484115733,1.8807271941633041,1.4096209321336182,38.97357340125383,0.055193543902071304,66.66666667,"[6.885784973004923e-06, 5.509811366984118e-06, 5.9196944832126195e-06]",0.3080573664523355,COMPLETE,2,5,2L2A_COUPLED_FREEC,legacy_price_return_abs_time
22,6.105931532396081e-06,5.323763607734777,0.21029435641694932,1.3571629361504947,37.31346080572019,0.044385781070089815,5.323763607734777,0.21029435641694932,1.3571629361504947,37.31346080572019,0.044385781070089815,36.666666670000005,"[6.9314770273128265e-06, 5.490572806333174e-06, 5.895744763542243e-06]",0.3082617729569003,COMPLETE,2,5,2L2A_COUPLED_FREEC,legacy_price_return_abs_time
130,6.1060756187799294e-06,3.2351674142189375,16.263783202079193,1.17432469832275,29.432062024261132,0.02282102773961451,3.2351674142189375,16.263783202079193,1.17432469832275,29.432062024261132,0.02282102773961451,33.33333334,"[7.0921364774507294e-06, 5.468914853283129e-06, 5.757175525605928e-06]",0.3089171099705903,COMPLETE,2,5,2L2A_COUPLED_FREEC,legacy_price_return_abs_time
103,6.106316107565274e-06,4.322763951648566,0.6553184480644241,1.0012163456498029,18.48292987719578,0.0429002612291815,4.322763951648566,0.6553184480644241,1.0012163456498029,18.48292987719578,0.0429002612291815,36.666666670000005,"[6.918981427445881e-06, 5.499284345489134e-06, 5.900682549760807e-06]",0.30811102016802266,COMPLETE,2,5,2L2A_COUPLED_FREEC,legacy_price_return_abs_time
145,6.1073431527638355e-06,6.122459921202223,17.756171839946433,1.396493017948765,38.70884781504988,0.05778435452340289,6.122459921202223,17.756171839946433,1.396493017948765,38.70884781504988,0.05778435452340289,33.33333334,"[6.8882356227585055e-06, 5.512878180326499e-06, 5.920915655206502e-06]",0.3077941821019236,COMPLETE,2,5,2L2A_COUPLED_FREEC,legacy_price_return_abs_time
64,6.107457932141715e-06,0.736756393243135,0.05165505265369742,1.884092413115874,50.13988847113789,0.03421800556161195,0.736756393243135,0.05165505265369742,1.884092413115874,50.13988847113789,0.03421800556161195,66.66666667,"[6.895216974719674e-06, 5.498815667412798e-06, 5.928341154292672e-06]",0.30791610212022824,COMPLETE,2,5,2L2A_COUPLED_FREEC,legacy_price_return_abs_time
46,6.107637341277296e-06,15.614975328992228,0.025067841794976925,1.5771745773136632,42.99768097743076,0.010313949712471973,15.614975328992228,0.025067841794976925,1.5771745773136632,42.99768097743076,0.010313949712471973,36.666666670000005,"[7.068838816369781e-06, 5.460112167063395e-06, 5.793961040398714e-06]",0.30874452544007525,COMPLETE,2,5,2L2A_COUPLED_FREEC,legacy_price_return_abs_time
119,6.1082454986569764e-06,9.213486299596694,8.94013877051102,1.8384557324658246,38.2910682844438,0.019758441195026337,9.213486299596694,8.94013877051102,1.8384557324658246,38.2910682844438,0.019758441195026337,33.33333334,"[6.8873701372739405e-06, 5.5148170750772125e-06, 5.922549283619777e-06]",0.3076770553080598,COMPLETE,2,5,2L2A_COUPLED_FREEC,legacy_price_return_abs_time
45,6.10861831230115e-06,14.520435664050588,0.026452080827995165,1.5483450586500087,42.34351885827725,0.010619251004294837,14.520435664050588,0.026452080827995165,1.5483450586500087,42.34351885827725,0.010619251004294837,36.666666670000005,"[7.0765880564395085e-06, 5.4592276519152706e-06, 5.790039228548668e-06]",0.30866811182260817,COMPLETE,2,5,2L2A_COUPLED_FREEC,legacy_price_return_abs_time
134,6.111221934582307e-06,4.574878585860811,2.335233950226953,1.4840804963835106,29.055079934930873,0.034229896044610436,4.574878585860811,2.335233950226953,1.4840804963835106,29.055079934930873,0.034229896044610436,66.66666667,"[6.890330682634018e-06, 5.507863629117198e-06, 5.935471491995706e-06]",0.3074158676811126,COMPLETE,2,5,2L2A_COUPLED_FREEC,legacy_price_return_abs_time
65,6.111228535005271e-06,0.6653619050538636,0.05197795175630447,1.868967294981039,50.65689232359662,0.03899283341582914,0.6653619050538636,0.05197795175630447,1.868967294981039,50.65689232359662,0.03899283341582914,66.66666667,"[6.896696219324548e-06, 5.496935123180322e-06, 5.940054262510944e-06]",0.30752257749210365,COMPLETE,2,5,2L2A_COUPLED_FREEC,legacy_price_return_abs_time
93,6.111415986632536e-06,8.229255928488117,1.928943769851099,1.0278270092709318,28.33422800341539,0.029855729992753387,8.229255928488117,1.928943769851099,1.0278270092709318,28.33422800341539,0.029855729992753387,33.33333334,"[7.104290446359129e-06, 5.4794385639488775e-06, 5.750518949589599e-06]",0.3082850253750574,COMPLETE,2,5,2L2A_COUPLED_FREEC,legacy_price_return_abs_time
53,6.113537313316942e-06,0.3953493239276596,0.03157535671683313,1.7732750999121056,60.5644155116852,0.013560256758346918,0.3953493239276596,0.03157535671683313,1.7732750999121056,60.5644155116852,0.013560256758346918,33.33333334,"[7.120171138153507e-06, 5.475743079572918e-06, 5.744697722224402e-06]",0.3081313800757052,COMPLETE,2,5,2L2A_COUPLED_FREEC,legacy_price_return_abs_time
49,6.114851951280072e-06,1.8957644612283724,0.5091880405426976,1.9842296448307153,52.31948776830656,0.037385388328295195,1.8957644612283724,0.5091880405426976,1.9842296448307153,52.31948776830656,0.037385388328295195,66.66666667,"[6.89325734098225e-06, 5.504827919878236e-06, 5.946470592979729e-06]",0.3070515023908568,COMPLETE,2,5,2L2A_COUPLED_FREEC,legacy_price_return_abs_time
56,6.11542909588797e-06,1.2064946318340608,0.07914672243131723,1.7660355047002076,68.80016785076553,0.01913435127163061,1.2064946318340608,0.07914672243131723,1.7660355047002076,68.80016785076553,0.01913435127163061,33.33333334,"[7.130214483999408e-06, 5.4752577227641275e-06, 5.740815080900376e-06]",0.30795905188664957,COMPLETE,2,5,2L2A_COUPLED_FREEC,legacy_price_return_abs_time
52,6.115442322962534e-06,0.43252479134392363,0.02562180929334807,1.7893820223428207,61.36014453860395,0.014963344843433668,0.43252479134392363,0.02562180929334807,1.7893820223428207,61.36014453860395,0.014963344843433668,33.33333334,"[7.099852943211692e-06, 5.492692918139678e-06, 5.753781107536234e-06]",0.3077236645613924,COMPLETE,2,5,2L2A_COUPLED_FREEC,legacy_price_return_abs_time
55,6.115641659871665e-06,0.5460998537474803,0.03242215531658011,1.7665536617991122,59.2827303184263,0.015062996255907204,0.5460998537474803,0.03242215531658011,1.7665536617991122,59.2827303184263,0.015062996255907204,33.33333334,"[7.093534720842241e-06, 5.4968731219533695e-06, 5.756517136819385e-06]",0.3076487070950404,COMPLETE,2,5,2L2A_COUPLED_FREEC,legacy_price_return_abs_time
106,6.115977933434785e-06,1.7114558195518037,11.236967302113593,1.3609977874848516,32.58423138223481,0.05522459123125989,1.7114558195518037,11.236967302113593,1.3609977874848516,32.58423138223481,0.05522459123125989,66.66666667,"[6.893515607870939e-06, 5.51696074993726e-06, 5.937457442496158e-06]",0.3068315127068732,COMPLETE,2,5,2L2A_COUPLED_FREEC,legacy_price_return_abs_time
37,6.11632900595581e-06,3.972294714451678,0.33968339956329435,1.064789110653769,37.90442790809819,0.07689151307536028,3.972294714451678,0.33968339956329435,1.064789110653769,37.90442790809819,0.07689151307536028,66.66666667,"[6.910881651060213e-06, 5.495347268906676e-06, 5.942758097900539e-06]",0.30702029770115286,COMPLETE,2,5,2L2A_COUPLED_FREEC,legacy_price_return_abs_time
107,6.116484438485372e-06,1.5199013057677015,10.404306019717371,1.3831700432098764,32.596010111323196,0.05368556882958272,1.5199013057677015,10.404306019717371,1.3831700432098764,32.596010111323196,0.05368556882958272,66.66666667,"[6.894075060756904e-06, 5.516604959346115e-06, 5.938773295353096e-06]",0.30678059538086905,COMPLETE,2,5,2L2A_COUPLED_FREEC,legacy_price_return_abs_time
89,6.116734287937671e-06,4.77026742787354,1.4901061761045178,1.1714407058065937,45.096018078192174,0.03220229399196605,4.77026742787354,1.4901061761045178,1.1714407058065937,45.096018078192174,0.03220229399196605,33.33333334,"[7.1576265694205874e-06, 5.463045992664642e-06, 5.729530301727783e-06]",0.3079988994877154,COMPLETE,2,5,2L2A_COUPLED_FREEC,legacy_price_return_abs_time
98,6.117285491601698e-06,3.573941067269354,22.121429745231648,1.7331870492640242,30.270566262081385,0.013515139878639372,3.573941067269354,22.121429745231648,1.7331870492640242,30.270566262081385,0.013515139878639372,66.66666667,"[6.895035328367478e-06, 5.5155995374290125e-06, 5.941221609008602e-06]",0.30670385578783543,COMPLETE,2,5,2L2A_COUPLED_FREEC,legacy_price_return_abs_time
69,6.11797642085832e-06,7.067336467862213,0.015560072767862641,1.2676488876436012,33.88542144811556,0.011725873772780877,7.067336467862213,0.015560072767862641,1.2676488876436012,33.88542144811556,0.011725873772780877,36.666666670000005,"[7.142918934445341e-06, 5.449661256982862e-06, 5.761349071146754e-06]",0.3079247076924671,COMPLETE,2,5,2L2A_COUPLED_FREEC,legacy_price_return_abs_time
39,6.118880454661795e-06,4.313679766443558,0.13261854614114638,1.1360661281371083,22.636884394070396,0.030070029138217772,4.313679766443558,0.13261854614114638,1.1360661281371083,22.636884394070396,0.030070029138217772,36.666666670000005,"[6.983957042632715e-06, 5.488482091238016e-06, 5.884202230114651e-06]",0.3070219884508599,COMPLETE,2,5,2L2A_COUPLED_FREEC,legacy_price_return_abs_time
59,6.1198192624709495e-06,1.3956897506801262,0.0820905287611237,1.4491489823949903,66.81822044070594,0.02024698513078963,1.3956897506801262,0.0820905287611237,1.4491489823949903,66.81822044070594,0.02024698513078963,66.66666667,"[7.211463013577913e-06, 5.459670832286249e-06, 5.688323941548686e-06]",0.307854560073695,COMPLETE,2,5,2L2A_COUPLED_FREEC,legacy_price_return_abs_time
121,6.121793421808151e-06,4.256443199230857,4.546454458805463,1.6110101847757587,26.28000627827188,0.016991841561873205,4.256443199230857,4.546454458805463,1.6110101847757587,26.28000627827188,0.016991841561873205,66.66666667,"[6.901928445320522e-06, 5.50592059428988e-06, 5.95753122581405e-06]",0.30630889150691326,COMPLETE,2,5,2L2A_COUPLED_FREEC,legacy_price_return_abs_time
95,6.124064164407406e-06,12.106596481880374,1.1243296383516155,1.5154830896150058,24.42438060989626,0.012793185932906782,12.106596481880374,1.1243296383516155,1.5154830896150058,24.42438060989626,0.012793185932906782,66.66666667,"[6.928493332606264e-06, 5.495117268368699e-06, 5.948581892247256e-06]",0.306229001292759,COMPLETE,2,5,2L2A_COUPLED_FREEC,legacy_price_return_abs_time
90,6.1243955903510245e-06,0.9825355324909899,1.8208115378599266,1.1926593379237387,44.39198770691594,0.029135615388723578,0.9825355324909899,1.8208115378599266,1.1926593379237387,44.39198770691594,0.029135615388723578,33.33333334,"[7.177569216865403e-06, 5.472327246316815e-06, 5.723290307870855e-06]",0.3071465575869013,COMPLETE,2,5,2L2A_COUPLED_FREEC,legacy_price_return_abs_time
147,6.125316636052031e-06,3.99163147929118,18.357995394572722,1.4034464338461694,42.2396416358603,0.07085557191743617,3.99163147929118,18.357995394572722,1.4034464338461694,42.2396416358603,0.07085557191743617,66.66666667,"[6.905577085893685e-06, 5.510355761261601e-06, 5.960017061000808e-06]",0.30589849068719166,COMPLETE,2,5,2L2A_COUPLED_FREEC,legacy_price_return_abs_time
54,6.125876402051326e-06,1.220201770561081,0.025920802044550918,1.7949556150025048,64.48322917493854,0.015639234999872156,1.220201770561081,0.025920802044550918,1.7949556150025048,64.48322917493854,0.015639234999872156,36.666666670000005,"[7.107382424876793e-06, 5.513548470238516e-06, 5.756698311038668e-06]",0.30643613378013446,COMPLETE,2,5,2L2A_COUPLED_FREEC,legacy_price_return_abs_time
110,6.126011876504271e-06,8.166336109693463,5.486114091731696,-0.9834144098400682,31.587098037443827,0.025026004666900047,8.166336109693463,5.486114091731696,-0.9834144098400682,31.587098037443827,0.025026004666900047,66.66666667,"[7.2040158935505705e-06, 5.47279383007261e-06, 5.701225905889631e-06]",0.3070475481591051,COMPLETE,2,5,2L2A_COUPLED_FREEC,legacy_price_return_abs_time
111,6.12806545808253e-06,7.482831499386077,5.28581459758745,1.2495309614585102,36.16382979960591,0.07614410721842714,7.482831499386077,5.28581459758745,1.2495309614585102,36.16382979960591,0.07614410721842714,66.66666667,"[6.910783295211977e-06, 5.5016629568989655e-06, 5.971750122136649e-06]",0.30568315971669374,COMPLETE,2,5,2L2A_COUPLED_FREEC,legacy_price_return_abs_time
115,6.1290082281328816e-06,5.64042276347145,7.0950051644726155,0.8008487921494127,33.7384847213456,0.03675149359564698,5.64042276347145,7.0950051644726155,0.8008487921494127,33.7384847213456,0.03675149359564698,66.66666667,"[7.205588906896098e-06, 5.479745492003757e-06, 5.701690285498791e-06]",0.30666825725752006,COMPLETE,2,5,2L2A_COUPLED_FREEC,legacy_price_return_abs_time
148,6.129872003067337e-06,3.6383622781132803,17.689142928456445,0.8618352337405517,24.749441909902185,0.02883033597400859,3.6383622781132803,17.689142928456445,0.8618352337405517,24.749441909902185,0.02883033597400859,33.33333334,"[7.198362837230039e-06, 5.477043055411697e-06, 5.714210116560277e-06]",0.3065729296492893,COMPLETE,2,5,2L2A_COUPLED_FREEC,legacy_price_return_abs_time
96,6.130200845877537e-06,12.453600662366082,1.2365082311861775,1.5349988913694401,24.29458892304058,0.013262605567692229,12.453600662366082,1.2365082311861775,1.5349988913694401,24.29458892304058,0.013262605567692229,66.66666667,"[6.935047722665584e-06, 5.492223452509252e-06, 5.963331362457774e-06]",0.3056000336846843,COMPLETE,2,5,2L2A_COUPLED_FREEC,legacy_price_return_abs_time
113,6.13092649472116e-06,6.781744730197511,5.871443511146551,0.7605338474388856,35.90401294085937,0.03641636642642604,6.781744730197511,5.871443511146551,0.7605338474388856,35.90401294085937,0.03641636642642604,66.66666667,"[7.2161667635582585e-06, 5.488112530312783e-06, 5.688500190292438e-06]",0.3064236167226413,COMPLETE,2,5,2L2A_COUPLED_FREEC,legacy_price_return_abs_time
127,6.1322542458325255e-06,1.031536019187085,13.07687229314154,0.9337365234609137,31.108902707939624,0.02757116427435373,1.031536019187085,13.07687229314154,0.9337365234609137,31.108902707939624,0.02757116427435373,66.66666667,"[7.207794974664696e-06, 5.487583781743912e-06, 5.701383981088968e-06]",0.3062564486241904,COMPLETE,2,5,2L2A_COUPLED_FREEC,legacy_price_return_abs_time
117,6.132319139000714e-06,6.045085123796486,7.268817288812299,1.8481102343624043,33.71868054044044,0.019711561771130804,6.045085123796486,7.268817288812299,1.8481102343624043,33.71868054044044,0.019711561771130804,66.66666667,"[6.916972245674021e-06, 5.501940050617086e-06, 5.978045120711033e-06]",0.30523395350969124,COMPLETE,2,5,2L2A_COUPLED_FREEC,legacy_price_return_abs_time
40,6.133502789201825e-06,3.942129769109207,0.13294190853425641,1.0627957556569925,56.41351923098323,0.026446323412230004,3.942129769109207,0.13294190853425641,1.0627957556569925,56.41351923098323,0.026446323412230004,66.66666667,"[7.2364415616953465e-06, 5.489334726342775e-06, 5.674732079567355e-06]",0.30619423663902695,COMPLETE,2,5,2L2A_COUPLED_FREEC,legacy_price_return_abs_time
142,6.137138579942869e-06,6.826757035643423,1.7045028096909798,1.0639350928378253,38.6315322802418,0.01612782721020098,6.826757035643423,1.7045028096909798,1.0639350928378253,38.6315322802418,0.01612782721020098,33.36666667,"[7.246823806038028e-06, 5.506014526856159e-06, 5.658577406934422e-06]",0.3056940441894183,COMPLETE,2,5,2L2A_COUPLED_FREEC,legacy_price_return_abs_time
99,6.138552345218511e-06,21.405935648699348,3.71147156460305,1.7702191791834947,29.65073537290016,0.015201121750798985,21.405935648699348,3.71147156460305,1.7702191791834947,29.65073537290016,0.015201121750798985,66.66666667,"[6.9341379421751605e-06, 5.48625729317076e-06, 5.995261800309613e-06]",0.30472991768011964,COMPLETE,2,5,2L2A_COUPLED_FREEC,legacy_price_return_abs_time
139,6.141711009810344e-06,5.171706536275273,25.355170080946007,1.1076859648569197,37.474144006919076,0.016935014231576506,5.171706536275273,25.355170080946007,1.1076859648569197,37.474144006919076,0.016935014231576506,66.66666667,"[7.231535281853197e-06, 5.516419468336169e-06, 5.677178279241667e-06]",0.3050621288845315,COMPLETE,2,5,2L2A_COUPLED_FREEC,legacy_price_return_abs_time
41,6.145458070648503e-06,0.8730941333927255,0.11924405787398507,0.46751063828924844,22.82302005376148,0.0281591065637097,0.8730941333927255,0.11924405787398507,0.46751063828924844,22.82302005376148,0.0281591065637097,33.33333334,"[7.272282127330539e-06, 5.531960478250003e-06, 5.632131606364967e-06]",0.30465286740524933,COMPLETE,2,5,2L2A_COUPLED_FREEC,legacy_price_return_abs_time
38,6.145679341924398e-06,3.5604830369293667,0.33943790682906433,1.1035300850938472,37.83461639733591,0.08843752287954477,3.5604830369293667,0.33943790682906433,1.1035300850938472,37.83461639733591,0.08843752287954477,66.66666667,"[6.950161504243491e-06, 5.483402629667846e-06, 6.003473891861857e-06]",0.3040214209586158,COMPLETE,2,5,2L2A_COUPLED_FREEC,legacy_price_return_abs_time
143,6.147411833574233e-06,6.848554970697824,3.47041272976639,1.5742156151469482,34.39151856426737,0.05560910674557267,6.848554970697824,3.47041272976639,1.5742156151469482,34.39151856426737,0.05560910674557267,66.66666667,"[6.943316450509953e-06, 5.489755673140774e-06, 6.009163377071971e-06]",0.30375937997541014,COMPLETE,2,5,2L2A_COUPLED_FREEC,legacy_price_return_abs_time
57,6.148069728435542e-06,1.3328804697268894,0.02051393174108984,1.6676067445676759,70.22761338394582,0.018103367823902167,1.3328804697268894,0.02051393174108984,1.6676067445676759,70.22761338394582,0.018103367823902167,36.666666670000005,"[7.185200656804469e-06, 5.5336972077140765e-06, 5.7253113207880765e-06]",0.3040831993031996,COMPLETE,2,5,2L2A_COUPLED_FREEC,legacy_price_return_abs_time
34,6.149628430529812e-06,10.147504831216015,0.06889478417944722,-0.2357094930935535,37.4830005105855,0.06693880292428656,10.147504831216015,0.06889478417944722,-0.2357094930935535,37.4830005105855,0.06693880292428656,0.6669999999999999,"[7.100730964660438e-06, 5.523280085054062e-06, 5.824874241874935e-06]",0.30373457025688405,COMPLETE,2,5,2L2A_COUPLED_FREEC,legacy_price_return_abs_time
122,6.149906788509831e-06,2.1789522883752652,8.705319913264676,-0.08917810197140853,26.67799248598477,0.04668599666343701,2.1789522883752652,8.705319913264676,-0.08917810197140853,26.67799248598477,0.04668599666343701,33.36666667,"[7.24646452468333e-06, 5.537821525650047e-06, 5.665434315196115e-06]",0.30403839716959474,COMPLETE,2,5,2L2A_COUPLED_FREEC,legacy_price_return_abs_time
149,6.151945890364257e-06,3.8869414340532926,5.003780020031005,0.8579732631554651,42.74709911119015,0.02838073764619638,3.8869414340532926,5.003780020031005,0.8579732631554651,42.74709911119015,0.02838073764619638,33.36666667,"[7.250297884708995e-06, 5.546265937584902e-06, 5.659273848798874e-06]",0.30375901869892774,COMPLETE,2,5,2L2A_COUPLED_FREEC,legacy_price_return_abs_time
140,6.1534830163334115e-06,7.054723299483513,25.09542239620734,1.0008625222016179,34.50400505451785,0.016789047829563742,7.054723299483513,25.09542239620734,1.0008625222016179,34.50400505451785,0.016789047829563742,33.36666667,"[7.2501853129637496e-06, 5.549746077366561e-06, 5.660517658669925e-06]",0.30356228755592835,COMPLETE,2,5,2L2A_COUPLED_FREEC,legacy_price_return_abs_time
42,6.1539891928117325e-06,0.8102739639892277,0.10284153231578803,0.4511171701433827,21.46868079084365,0.02627078148986767,0.8102739639892277,0.10284153231578803,0.4511171701433827,21.46868079084365,0.02627078148986767,33.33333334,"[7.280131331935356e-06, 5.55572363023031e-06, 5.62611261626953e-06]",0.3035515193797779,COMPLETE,2,5,2L2A_COUPLED_FREEC,legacy_price_return_abs_time
68,6.1578362982259536e-06,0.01115733974490575,2.5767308187609173,1.3135365973134419,49.906361342048946,0.010638495696065118,0.01115733974490575,2.5767308187609173,1.3135365973134419,49.906361342048946,0.010638495696065118,33.36666667,"[7.253036209185143e-06, 5.562497002172365e-06, 5.657975683320353e-06]",0.3029916985542836,COMPLETE,2,5,2L2A_COUPLED_FREEC,legacy_price_return_abs_time
12,6.1579363399944715e-06,0.2347305405220064,0.010391586084625332,0.690629631317472,15.150287460754457,0.012829226547017873,0.2347305405220064,0.010391586084625332,0.690629631317472,15.150287460754457,0.012829226547017873,36.666666670000005,"[7.259614963819759e-06, 5.518927995343978e-06, 5.695266060819681e-06]",0.30335085717284177,COMPLETE,2,5,2L2A_COUPLED_FREEC,legacy_price_return_abs_time
146,6.167271980931503e-06,5.898714392089224,18.100148218373047,0.8866608038018196,41.73237263477771,0.11723894275387899,5.898714392089224,18.100148218373047,0.8866608038018196,41.73237263477771,0.11723894275387899,66.66666667,"[6.977981959165017e-06, 5.488810937354759e-06, 6.035023046274734e-06]",0.3016978945388105,COMPLETE,2,5,2L2A_COUPLED_FREEC,legacy_price_return_abs_time
48,6.167381322410527e-06,1.9224173513078249,0.01785290964642006,1.9924202473371986,52.76774875932636,0.0394261279396117,1.9224173513078249,0.01785290964642006,1.9924202473371986,52.76774875932636,0.0394261279396117,66.66666667,"[7.001529663236426e-06, 5.493513841370893e-06, 6.0071004626242606e-06]",0.3017210421832699,COMPLETE,2,5,2L2A_COUPLED_FREEC,legacy_price_return_abs_time
136,6.168107223728362e-06,4.078658504902851,2.3234533557476182,1.9288539465292973,36.689117428941756,0.034630334237882913,4.078658504902851,2.3234533557476182,1.9288539465292973,36.689117428941756,0.034630334237882913,66.66666667,"[6.980302903021758e-06, 5.482175728410794e-06, 6.041843039752533e-06]",0.30166681408247026,COMPLETE,2,5,2L2A_COUPLED_FREEC,legacy_price_return_abs_time
66,6.172020473967572e-06,0.6757424138591174,0.048209609244675544,-1.5045197731217694,48.32922785143914,0.06096095801509777,0.6757424138591174,0.048209609244675544,-1.5045197731217694,48.32922785143914,0.06096095801509777,66.66666667,"[7.017243973913709e-06, 5.509359523154542e-06, 5.989457924834463e-06]",0.3011340964936447,COMPLETE,2,5,2L2A_COUPLED_FREEC,legacy_price_return_abs_time
138,6.173312315091048e-06,4.983389439937174,25.403307559464672,-0.5056491490823014,36.851071990142366,0.03438828171375483,4.983389439937174,25.403307559464672,-0.5056491490823014,36.851071990142366,0.03438828171375483,33.33333334,"[7.262484844355587e-06, 5.617547868383096e-06, 5.639904232534463e-06]",0.30088307948886883,COMPLETE,2,5,2L2A_COUPLED_FREEC,legacy_price_return_abs_time
101,6.185302164529532e-06,3.677505913250725,15.769713784337192,1.737233214179156,29.95377134832825,0.04211247462900336,3.677505913250725,15.769713784337192,1.737233214179156,29.95377134832825,0.04211247462900336,66.66666667,"[7.01229467631544e-06, 5.48096169874014e-06, 6.062650118533016e-06]",0.29989128016585825,COMPLETE,2,5,2L2A_COUPLED_FREEC,legacy_price_return_abs_time
35,6.195139034748782e-06,10.240085074409391,0.047152628163060394,-0.2823324127722848,37.30444046556738,0.07892277841766152,10.240085074409391,0.047152628163060394,-0.2823324127722848,37.30444046556738,0.07892277841766152,0.33336667,"[7.146004002576616e-06, 5.432306871529039e-06, 6.0071062301406934e-06]",0.29961774736546876,COMPLETE,2,5,2L2A_COUPLED_FREEC,legacy_price_return_abs_time
123,6.195152609629505e-06,2.0660784702777644,0.9126503672759424,1.6227143580318006,26.383002498662197,0.04586680745784427,2.0660784702777644,0.9126503672759424,1.6227143580318006,26.383002498662197,0.04586680745784427,66.66666667,"[7.032176562268172e-06, 5.468185738866321e-06, 6.085095527754024e-06]",0.2989759231242178,COMPLETE,2,5,2L2A_COUPLED_FREEC,legacy_price_return_abs_time
17,6.199106912932512e-06,1.3563422379478192,0.10407679238551505,0.8376949674038644,27.501709834172516,0.10393632542953637,1.3563422379478192,0.10407679238551505,0.8376949674038644,27.501709834172516,0.10393632542953637,66.66666667,"[7.055607362851312e-06, 5.477548338785435e-06, 6.064165037160788e-06]",0.29853995408321704,COMPLETE,2,5,2L2A_COUPLED_FREEC,legacy_price_return_abs_time
80,6.199931000908276e-06,3.228351758231392,2.518860444344662,1.4233405311510539,39.795571575135654,0.09816774080321528,3.228351758231392,2.518860444344662,1.4233405311510539,39.795571575135654,0.09816774080321528,66.66666667,"[7.04027222965405e-06, 5.471207997515024e-06, 6.088312775555754e-06]",0.2984530809542049,COMPLETE,2,5,2L2A_COUPLED_FREEC,legacy_price_return_abs_time
63,6.201079514967788e-06,0.2500641496732346,8.148971496897346,-1.7107637419147257,31.793342308307505,0.05719593898845646,0.2500641496732346,8.148971496897346,-1.7107637419147257,31.793342308307505,0.05719593898845646,66.66666667,"[7.042664521384112e-06, 5.476377528181805e-06, 6.08419649533745e-06]",0.29829312659234314,COMPLETE,2,5,2L2A_COUPLED_FREEC,legacy_price_return_abs_time
72,6.203445081648974e-06,6.358435397714574,1.5074110266208933,-0.5367502488259313,34.968678539127,0.02295816846188645,6.358435397714574,1.5074110266208933,-0.5367502488259313,34.968678539127,0.02295816846188645,66.66666667,"[7.286657677732602e-06, 5.731721864352257e-06, 5.591955702862064e-06]",0.29673925794508677,COMPLETE,2,5,2L2A_COUPLED_FREEC,legacy_price_return_abs_time
36,6.209007438352684e-06,10.329102364583365,0.056266261403163195,1.1323104941054178,36.62226748811839,0.06961558423117477,10.329102364583365,0.056266261403163195,1.1323104941054178,36.62226748811839,0.06961558423117477,66.66666667,"[7.0781783837494136e-06, 5.544959210706643e-06, 6.003884720601996e-06]",0.2969837153389691,COMPLETE,2,5,2L2A_COUPLED_FREEC,legacy_price_return_abs_time
78,6.236754897683016e-06,2.6877514732433907,3.3332274271073064,0.6924817793258944,40.79856871696125,0.15341253759413812,2.6877514732433907,3.3332274271073064,0.6924817793258944,40.79856871696125,0.15341253759413812,66.66666667,"[7.110598895098399e-06, 5.457556466760433e-06, 6.142109331190218e-06]",0.2947450144563687,COMPLETE,2,5,2L2A_COUPLED_FREEC,legacy_price_return_abs_time
83,6.239888750350508e-06,0.06238800746235958,5.858777190665951,1.5694423604550995,35.27490277235982,0.096420368357482,0.06238800746235958,5.858777190665951,1.5694423604550995,35.27490277235982,0.096420368357482,66.66666667,"[7.117280779338735e-06, 5.459345730421076e-06, 6.143039741291714e-06]",0.29440791047789416,COMPLETE,2,5,2L2A_COUPLED_FREEC,legacy_price_return_abs_time
15,6.241638091891093e-06,1.8296957069215893,2.21471551918824,0.8911197742115964,32.74014126406185,0.14309988241189783,1.8296957069215893,2.21471551918824,0.8911197742115964,32.74014126406185,0.14309988241189783,66.66666667,"[7.1195441026378e-06, 5.4545678554173274e-06, 6.150802317618153e-06]",0.2942615704960609,COMPLETE,2,5,2L2A_COUPLED_FREEC,legacy_price_return_abs_time
81,6.247336500909237e-06,2.51409146246885,0.3862604661040504,1.5497016888258026,34.93906006561922,0.09701290130005613,2.51409146246885,0.3862604661040504,1.5497016888258026,34.93906006561922,0.09701290130005613,66.66666667,"[7.126697638178687e-06, 5.443613839357941e-06, 6.171698025191082e-06]",0.2937471901623313,COMPLETE,2,5,2L2A_COUPLED_FREEC,legacy_price_return_abs_time
31,6.2501486771279544e-06,2.8174892255989294,4.525528537894623,0.3054380898304665,44.74772348580851,0.02461679916343813,2.8174892255989294,4.525528537894623,0.3054380898304665,44.74772348580851,0.02461679916343813,66.66666667,"[7.344833006197679e-06, 5.842523663362236e-06, 5.563089361823948e-06]",0.2909118440673153,COMPLETE,2,5,2L2A_COUPLED_FREEC,legacy_price_return_abs_time
1,6.257000200211972e-06,0.3741057721145552,0.015848250659081353,0.6400495817778928,22.040583901999526,0.11044987539443302,0.3741057721145552,0.015848250659081353,0.6400495817778928,22.040583901999526,0.11044987539443302,66.66666667,"[7.1557467840907115e-06, 5.50480454019178e-06, 6.1104492763534215e-06]",0.2922868883131691,COMPLETE,2,5,2L2A_COUPLED_FREEC,legacy_price_return_abs_time
2,6.2736717485933705e-06,1.9516110980958006,7.094881539407343,-1.3155665592960641,10.265983382911708,0.013694021426958795,1.9516110980958006,7.094881539407343,-1.3155665592960641,10.265983382911708,0.013694021426958795,66.666667,"[7.17542424238467e-06, 5.4400102761838434e-06, 6.205580727211597e-06]",0.29104099951474177,COMPLETE,2,5,2L2A_COUPLED_FREEC,legacy_price_return_abs_time
16,6.276386469496439e-06,0.5850221993273412,0.012634023431815708,0.8624967717146209,31.933775051927842,0.11461954760378401,0.5850221993273412,0.012634023431815708,0.8624967717146209,31.933775051927842,0.11461954760378401,66.66666667,"[7.180002604307205e-06, 5.494374014258494e-06, 6.154782789923617e-06]",0.2903212623670362,COMPLETE,2,5,2L2A_COUPLED_FREEC,legacy_price_return_abs_time
91,6.280182458069176e-06,1.0007962317894792,5.610356395928507,1.3297812116558014,11.289213945855964,0.030574079287245523,1.0007962317894792,5.610356395928507,1.3297812116558014,11.289213945855964,0.030574079287245523,66.666667,"[7.184302501399621e-06, 5.4343893293275025e-06, 6.221855543480404e-06]",0.2904001295576482,COMPLETE,2,5,2L2A_COUPLED_FREEC,legacy_price_return_abs_time
13,6.280983946411003e-06,0.38470042654126335,0.011607272414548587,0.6013455125898349,32.99925266354067,0.13074736737146547,0.38470042654126335,0.011607272414548587,0.6013455125898349,32.99925266354067,0.13074736737146547,66.66666667,"[7.186134078649902e-06, 5.487897546054925e-06, 6.168920214528182e-06]",0.2898884192178898,COMPLETE,2,5,2L2A_COUPLED_FREEC,legacy_price_return_abs_time
79,6.285170803199684e-06,2.6817416012375177,2.9778810386187717,1.451650782807021,44.96492567205264,0.1467086630956696,2.6817416012375177,2.9778810386187717,1.451650782807021,44.96492567205264,0.1467086630956696,66.666667,"[7.191250404231087e-06, 5.431648011983298e-06, 6.23261399338467e-06]",0.28989699555345894,COMPLETE,2,5,2L2A_COUPLED_FREEC,legacy_price_return_abs_time
10,6.306133988476839e-06,0.17437936464878812,28.52907063359208,-0.2089854891313232,16.531446062517137,0.020376518009712536,0.17437936464878812,28.52907063359208,-0.2089854891313232,16.531446062517137,0.020376518009712536,66.66666667,"[7.4456008883563385e-06, 5.93228645376356e-06, 5.540514623310616e-06]",0.2843680230329649,COMPLETE,2,5,2L2A_COUPLED_FREEC,legacy_price_return_abs_time
8,6.3223316988577225e-06,0.17738347804889854,0.03730919284551925,1.594825904888761,50.06978860478686,0.18227057421699594,0.17738347804889854,0.03730919284551925,1.594825904888761,50.06978860478686,0.18227057421699594,66.666667,"[7.209980202852777e-06, 5.393095913847475e-06, 6.3639189798729146e-06]",0.28619219452368516,COMPLETE,2,5,2L2A_COUPLED_FREEC,legacy_price_return_abs_time
14,6.335583578974619e-06,1.2926247902070758,1.9035461765788986,0.7725202299919026,10.140055679246895,0.19511437249674424,1.2926247902070758,1.9035461765788986,0.7725202299919026,10.140055679246895,0.19511437249674424,66.666667,"[7.206559636556574e-06, 5.3820433988583395e-06, 6.418147701508944e-06]",0.28481813341383183,COMPLETE,2,5,2L2A_COUPLED_FREEC,legacy_price_return_abs_time
5,6.337155922343847e-06,0.14896325036130903,0.07250801563370175,-1.558825994833175,12.358516869777002,0.040385276772227564,0.14896325036130903,0.07250801563370175,-1.558825994833175,12.358516869777002,0.040385276772227564,100.0,"[7.205357901294892e-06, 5.381096694679377e-06, 6.425013171057275e-06]",0.2846497093165317,COMPLETE,2,5,2L2A_COUPLED_FREEC,legacy_price_return_abs_time
62,6.342694750277069e-06,0.2269675835538719,0.6790884551363432,1.4622949149276283,30.03468601859565,0.21770554756736987,0.2269675835538719,0.6790884551363432,1.4622949149276283,30.03468601859565,0.21770554756736987,33.333333669999995,"[7.20245108242312e-06, 5.3756550074409425e-06, 6.449978160967145e-06]",0.2840774270343852,COMPLETE,2,5,2L2A_COUPLED_FREEC,legacy_price_return_abs_time
3,6.3481950619118016e-06,17.480431028091168,0.5359270201790737,1.7939643049263863,15.676194221068021,0.023596701061057393,17.480431028091168,0.5359270201790737,1.7939643049263863,15.676194221068021,0.023596701061057393,100.0,"[7.19215973670547e-06, 5.388672259998078e-06, 6.463753189031856e-06]",0.2833383263473532,COMPLETE,2,5,2L2A_COUPLED_FREEC,legacy_price_return_abs_time
30,6.356991475677457e-06,2.5410614761823678,4.289813328676759,0.2310972437125005,25.81610644957441,0.3123239625695672,2.5410614761823678,4.289813328676759,0.2310972437125005,25.81610644957441,0.3123239625695672,33.333333669999995,"[7.195590920182508e-06, 5.370150425519631e-06, 6.505233081330233e-06]",0.2825336838618561,COMPLETE,2,5,2L2A_COUPLED_FREEC,legacy_price_return_abs_time
29,6.395639726482541e-06,3.126777399119852,4.195564555806414,0.21125503604191972,25.92079881271806,0.37257357522483375,3.126777399119852,4.195564555806414,0.21125503604191972,25.92079881271806,0.37257357522483375,33.333333339999996,"[7.1911584004874045e-06, 5.37966016383548e-06, 6.616100615124739e-06]",0.2782083746154922,COMPLETE,2,5,2L2A_COUPLED_FREEC,legacy_price_return_abs_time
27,6.4537712774685005e-06,28.27576963160403,0.916680291502412,0.11514098117403737,79.833561734431,0.34285650360909786,28.27576963160403,0.916680291502412,0.11514098117403737,79.833561734431,0.34285650360909786,33.33333667,"[7.241645596323844e-06, 5.383361632968326e-06, 6.736306603113331e-06]",0.2719646091071226,COMPLETE,2,5,2L2A_COUPLED_FREEC,legacy_price_return_abs_time
25,6.467511089696658e-06,27.110675879266566,1.0471930625672572,1.2487820499284739,78.58191034042235,0.35681452835576727,27.110675879266566,1.0471930625672572,1.2487820499284739,78.58191034042235,0.35681452835576727,33.333333669999995,"[7.2497256721665734e-06, 5.388169277399916e-06, 6.764638319523484e-06]",0.27044535344160264,COMPLETE,2,5,2L2A_COUPLED_FREEC,legacy_price_return_abs_time
28,6.50823564911355e-06,22.441827153719867,0.9131980276945046,0.19007354111617003,25.97545060491051,0.3550262288449681,22.441827153719867,0.9131980276945046,0.19007354111617003,25.97545060491051,0.3550262288449681,36.66666667,"[7.280564744143994e-06, 5.443908297466402e-06, 6.800233905730251e-06]",0.26563056792452316,COMPLETE,2,5,2L2A_COUPLED_FREEC,legacy_price_return_abs_time
26,6.65327748040433e-06,17.275865278237735,1.0278260164695932,1.4025339780142172,79.87672765375845,0.5119878336102471,17.275865278237735,1.0278260164695932,1.4025339780142172,79.87672765375845,0.5119878336102471,33.333333669999995,"[7.388617942830142e-06, 5.533589815283927e-06, 7.037624683098921e-06]",0.2493507357675779,COMPLETE,2,5,2L2A_COUPLED_FREEC,legacy_price_return_abs_time
0,6.827669761020557e-06,6.0032959026619865,9.354669757263718,-0.8272524029282295,55.59265074773713,0.7739670005273686,6.0032959026619865,9.354669757263718,-0.8272524029282295,55.59265074773713,0.7739670005273686,1.0000000000000002e-08,"[7.4932218039898555e-06, 5.761697984779267e-06, 7.228089494292552e-06]",0.22873262415536233,COMPLETE,2,5,2L2A_COUPLED_FREEC,legacy_price_return_abs_time
120,7.104868545952629e-06,2.110223615716553,0.9210065377169231,1.64799611495114,26.54834870382132,0.8322905277771578,2.110223615716553,0.9210065377169231,1.64799611495114,26.54834870382132,0.8322905277771578,33.333333339999996,"[7.779887202338896e-06, 5.974777862860632e-06, 7.55994057265836e-06]",0.19753266301527525,COMPLETE,2,5,2L2A_COUPLED_FREEC,legacy_price_return_abs_time
32,7.1952068027862245e-06,9.04735623831023,4.653945626934908,1.6711954061681908,47.20274998661948,1.047709276608736,9.04735623831023,4.653945626934908,1.6711954061681908,47.20274998661948,1.047709276608736,1.0000000000000002e-08,"[7.850289098864056e-06, 6.089963330691586e-06, 7.645367978803031e-06]",0.18692621942943635,COMPLETE,2,5,2L2A_COUPLED_FREEC,legacy_price_return_abs_time
33,7.434240507365267e-06,7.891469460645036,0.03921238572788603,-0.2928446341097053,47.301287757172574,1.4467537041488459,7.891469460645036,0.03921238572788603,-0.2928446341097053,47.301287757172574,1.4467537041488459,1.0000000000000002e-08,"[8.080756987168142e-06, 6.346604479179062e-06, 7.875360055748598e-06]",0.15938492252673508,COMPLETE,2,5,2L2A_COUPLED_FREEC,legacy_price_return_abs_time
7,7.597470962818834e-06,0.11177854700377834,19.178753271956378,-0.8508334974732672,64.35039684429718,1.5421657194591862,0.11177854700377834,19.178753271956378,-0.8508334974732672,64.35039684429718,1.5421657194591862,33.333333339999996,"[8.29206133625937e-06, 6.43713241529939e-06, 8.063219136897742e-06]",0.14142468093416413,COMPLETE,2,5,2L2A_COUPLED_FREEC,legacy_price_return_abs_time
132,7.989122653642545e-06,4.781925341252771,18.558582223713955,1.5030472089554552,28.78922288447677,2.4706579193575404,4.781925341252771,18.558582223713955,1.5030472089554552,28.78922288447677,2.4706579193575404,6.666666670000001,"[8.627404093328678e-06, 6.897357834151495e-06, 8.442606033447462e-06]",0.09584910682913528,COMPLETE,2,5,2L2A_COUPLED_FREEC,legacy_price_return_abs_time
61,8.119355325211703e-06,0.24073257870180756,0.010316266572365972,0.9018220374878125,30.581739990076418,3.5327496894279244,0.24073257870180756,0.010316266572365972,0.9018220374878125,30.581739990076418,3.5327496894279244,0.06666667,"[8.766378896475525e-06, 7.025981930632294e-06, 8.56570514852729e-06]",0.08097521546483714,COMPLETE,2,5,2L2A_COUPLED_FREEC,legacy_price_return_abs_time
9,8.125826627922362e-06,0.9363220449936132,0.5044490871817352,-1.0474016428799544,55.461770112120114,4.046144709392498,0.9363220449936132,0.5044490871817352,-1.0474016428799544,55.461770112120114,4.046144709392498,0.7000000000000001,"[8.79421890030354e-06, 6.9761707694183025e-06, 8.60709021404524e-06]",0.08075209943291506,COMPLETE,2,5,2L2A_COUPLED_FREEC,legacy_price_return_abs_time
4,8.140488567570262e-06,0.05400343982783527,1.7130639763082414,-1.8898555364537146,21.18819731364375,4.814932265097792,0.05400343982783527,1.7130639763082414,-1.8898555364537146,21.18819731364375,4.814932265097792,0.4000000000000001,"[8.825250051001646e-06, 6.96292888468531e-06, 8.63328676702383e-06]",0.07934772605285163,COMPLETE,2,5,2L2A_COUPLED_FREEC,legacy_price_return_abs_time
6,8.150242120176789e-06,0.0190362391073413,14.438148876524762,1.890864126799105,16.85437923047872,5.573546588203469,0.0190362391073413,14.438148876524762,1.890864126799105,16.85437923047872,5.573546588203469,0.04,"[8.848676168669278e-06, 6.957515149766907e-06, 8.644535042094186e-06]",0.07839485497022136,COMPLETE,2,5,2L2A_COUPLED_FREEC,legacy_price_return_abs_time
129,8.157102163493662e-06,3.03749307999642,14.032498252303585,1.040634215926426,30.68144199955197,8.454779594777134,3.03749307999642,14.032498252303585,1.040634215926426,30.68144199955197,8.454779594777134,0.0004,"[8.856751579013087e-06, 6.963115080838685e-06, 8.651439830629212e-06]",0.07762314052601171,COMPLETE,2,5,2L2A_COUPLED_FREEC,legacy_price_return_abs_time
11,8.671090187858779e-06,0.03628228949068656,0.013145405941684764,0.1190826660640365,64.46442591789506,15.10261381160775,0.03628228949068656,0.013145405941684764,0.1190826660640365,64.46442591789506,15.10261381160775,1.0000000000000002e-08,"[9.359329382630974e-06, 7.446640187698877e-06, 9.207300993246484e-06]",0.01897197463588977,COMPLETE,2,5,2L2A_COUPLED_FREEC,legacy_price_return_abs_time
60,9.328045671141586e-06,0.22510747137831763,11.690963646278533,0.9524577164873558,47.51572151476839,26.29767430701725,0.22510747137831763,11.690963646278533,0.9524577164873558,47.51572151476839,26.29767430701725,100.0,"[9.743133034725183e-06, 8.150835963362173e-06, 1.0090168015337403e-05]",-0.057485309202353764,COMPLETE,2,5,2L2A_COUPLED_FREEC,legacy_price_return_abs_time
58,3.5880460456848027e-06,0.010471258096988447,20.519426597262846,-1.5049808598457566,39.35989731602813,0.03141926679585177,0.010471258096988447,20.519426597262846,-1.5049808598457566,39.35989731602813,0.03141926679585177,6.6666669999999995,"[4.486574489740725e-06, 3.0418552813777766e-06, 3.235708365935907e-06]",0.599081768599951,COMPLETE,3,1,2L2A_COUPLED_FREEC,legacy_price_return_abs_time
49,3.5881375303450384e-06,0.19777112609197162,18.677187571937388,-1.9517227006264677,51.867901068558176,0.01436056066386647,0.19777112609197162,18.677187571937388,-1.9517227006264677,51.867901068558176,0.01436056066386647,6.6666669999999995,"[4.488823222506485e-06, 3.041159177051896e-06, 3.2344301914767354e-06]",0.5990843914791881,COMPLETE,3,1,2L2A_COUPLED_FREEC,legacy_price_return_abs_time
87,3.588176579048984e-06,1.1075521386928566,15.842227021738037,-1.4153626690674443,27.741215049121752,0.016457339631409773,1.1075521386928566,15.842227021738037,-1.4153626690674443,27.741215049121752,0.016457339631409773,6.6666669999999995,"[4.487059517936707e-06, 3.041818561147981e-06, 3.235651658062264e-06]",0.5990693447184259,COMPLETE,3,1,2L2A_COUPLED_FREEC,legacy_price_return_abs_time
40,3.5884363009307424e-06,0.2553518795620206,14.252502085047247,-1.7855638269139584,41.73225100333928,0.010166205784154673,0.2553518795620206,14.252502085047247,-1.7855638269139584,41.73225100333928,0.010166205784154673,6.6666669999999995,"[4.491285418421738e-06, 3.040943930435796e-06, 3.2330795539346927e-06]",0.5990614668115009,COMPLETE,3,1,2L2A_COUPLED_FREEC,legacy_price_return_abs_time
117,3.588454928921853e-06,0.6698164081945931,6.677368646088823,-1.7204631735946436,41.29377003305266,0.015284836031588844,0.6698164081945931,6.677368646088823,-1.7204631735946436,41.29377003305266,0.015284836031588844,6.6666669999999995,"[4.4906111024386035e-06, 3.041016915869249e-06, 3.2337367684577066e-06]",0.5990566183547918,COMPLETE,3,1,2L2A_COUPLED_FREEC,legacy_price_return_abs_time
95,3.5887028242757966e-06,1.9654416523147635,17.265650162975618,-0.20146974112380583,17.67743500607972,0.08552342618373293,1.9654416523147635,17.265650162975618,-0.20146974112380583,17.67743500607972,0.08552342618373293,6.6666669999999995,"[4.489554056606492e-06, 3.04150513015142e-06, 3.235049286069478e-06]",0.5990222828657202,COMPLETE,3,1,2L2A_COUPLED_FREEC,legacy_price_return_abs_time
134,3.589143982507028e-06,0.4712864503608644,11.070579769810996,-1.590395791072781,46.30977419330339,0.030629767755585895,0.4712864503608644,11.070579769810996,-1.590395791072781,46.30977419330339,0.030629767755585895,6.6666669999999995,"[4.494406195082991e-06, 3.0413599222129664e-06, 3.231665830225128e-06]",0.5989912656935189,COMPLETE,3,1,2L2A_COUPLED_FREEC,legacy_price_return_abs_time
86,3.5893168257559096e-06,1.3681818212870929,3.6705388824105802,-1.416749137913447,27.649240523044462,0.016493187821861606,1.3681818212870929,3.6705388824105802,-1.416749137913447,27.649240523044462,0.016493187821861606,6.6666669999999995,"[4.487308698703263e-06, 3.043381415917518e-06, 3.2372603626469476e-06]",0.5989336143001599,COMPLETE,3,1,2L2A_COUPLED_FREEC,legacy_price_return_abs_time
123,3.5897565377195144e-06,0.01493701019587063,10.870089280248052,-1.884468856866952,51.04186529785773,0.02358742345452547,0.01493701019587063,10.870089280248052,-1.884468856866952,51.04186529785773,0.02358742345452547,6.6666669999999995,"[4.480020613295832e-06, 3.04863811648949e-06, 3.2406108833732223e-06]",0.5988223677121302,COMPLETE,3,1,2L2A_COUPLED_FREEC,legacy_price_return_abs_time
68,3.5900453902421087e-06,1.0664765211105214,6.579951690372874,-1.367478705581207,26.08406101348905,0.02097200104105406,1.0664765211105214,6.579951690372874,-1.367478705581207,26.08406101348905,0.02097200104105406,6.6666669999999995,"[4.480946652664404e-06, 3.04862578588445e-06, 3.240563732177474e-06]",0.5987938753669696,COMPLETE,3,1,2L2A_COUPLED_FREEC,legacy_price_return_abs_time
144,3.5903018817391816e-06,0.3069335710178353,9.404259675530781,1.017514068387884,19.576847182995625,0.04009385626301352,0.3069335710178353,9.404259675530781,1.017514068387884,19.576847182995625,0.04009385626301352,6.6666669999999995,"[4.480539940801993e-06, 3.0494137305051404e-06, 3.2409519739104106e-06]",0.5987585934105777,COMPLETE,3,1,2L2A_COUPLED_FREEC,legacy_price_return_abs_time
9,3.5907435748795693e-06,0.17089590977540972,6.967807542226109,1.0026100047161757,23.065753796399466,0.050232395490028996,0.17089590977540972,6.967807542226109,1.0026100047161757,23.065753796399466,0.050232395490028996,6.6666669999999995,"[4.479427530292689e-06, 3.051091088788069e-06, 3.24171210555795e-06]",0.5986941043758417,COMPLETE,3,1,2L2A_COUPLED_FREEC,legacy_price_return_abs_time
55,3.5907758267773443e-06,0.09373173794483454,4.303994568509031,-1.583222381660631,39.99076745929082,0.03165286252130357,0.09373173794483454,4.303994568509031,-1.583222381660631,39.99076745929082,0.03165286252130357,6.6666669999999995,"[4.478530077394138e-06, 3.0517577739726744e-06, 3.2420396289652205e-06]",0.5986826665387778,COMPLETE,3,1,2L2A_COUPLED_FREEC,legacy_price_return_abs_time
138,3.5908871694838012e-06,0.289614776706384,21.109157287375506,0.9891476883355965,18.363567574694667,0.029835980868792876,0.289614776706384,21.109157287375506,0.9891476883355965,18.363567574694667,0.029835980868792876,6.6666669999999995,"[4.499600365644707e-06, 3.043013575176597e-06, 3.230047567630099e-06]",0.5988053494533608,COMPLETE,3,1,2L2A_COUPLED_FREEC,legacy_price_return_abs_time
139,3.5909039687343795e-06,0.012885647792182433,10.748075046104292,-1.588674834830361,38.25336318235198,0.028548960346858693,0.012885647792182433,10.748075046104292,-1.588674834830361,38.25336318235198,0.028548960346858693,6.6666669999999995,"[4.4782285766333e-06, 3.0522326754041315e-06, 3.242250654165707e-06]",0.5986641145206418,COMPLETE,3,1,2L2A_COUPLED_FREEC,legacy_price_return_abs_time
91,3.5911197231261307e-06,1.7986646632494527,15.336190233146217,-1.0340234376203938,21.729565444201985,0.033690352543360155,1.7986646632494527,15.336190233146217,-1.0340234376203938,21.729565444201985,0.033690352543360155,6.6666669999999995,"[4.500283321483746e-06, 3.043385726532367e-06, 3.2296901213622783e-06]",0.5987794047326789,COMPLETE,3,1,2L2A_COUPLED_FREEC,legacy_price_return_abs_time
135,3.5927798888421515e-06,0.010390126298345452,5.721159060461099,-1.612512260848959,37.48414222568144,0.011822633153604427,0.010390126298345452,5.721159060461099,-1.612512260848959,37.48414222568144,0.011822633153604427,6.66667,"[4.504847420636941e-06, 3.046185930572478e-06, 3.2273063153170353e-06]",0.5985920912782458,COMPLETE,3,1,2L2A_COUPLED_FREEC,legacy_price_return_abs_time
147,3.59311473247751e-06,0.4144411891420595,21.037974166175644,-1.5547007273675546,38.72839035201492,0.03408246425711555,0.4144411891420595,21.037974166175644,-1.5547007273675546,38.72839035201492,0.03408246425711555,6.6666669999999995,"[4.476132994858548e-06, 3.0585782093067452e-06, 3.2446329932672376e-06]",0.5983680197667279,COMPLETE,3,1,2L2A_COUPLED_FREEC,legacy_price_return_abs_time
100,3.593749222668849e-06,5.44974954176742,20.065614361202854,-0.7900165049125341,13.667213001030465,0.03530713245257251,5.44974954176742,20.065614361202854,-0.7900165049125341,13.667213001030465,0.03530713245257251,6.66667,"[4.506536961344638e-06, 3.0448215871181388e-06, 3.229889119543769e-06]",0.5985013798303075,COMPLETE,3,1,2L2A_COUPLED_FREEC,legacy_price_return_abs_time
47,3.594338281789923e-06,0.4707980905266174,2.0871983048675506,-1.6095647549079333,32.05108180500999,0.015904153924879844,0.4707980905266174,2.0871983048675506,-1.6095647549079333,32.05108180500999,0.015904153924879844,6.6666669999999995,"[4.476336642641514e-06, 3.0613220884229052e-06, 3.245356114305349e-06]",0.5982143546412342,COMPLETE,3,1,2L2A_COUPLED_FREEC,legacy_price_return_abs_time
46,3.5944428669435952e-06,0.4901966087286054,2.324687547766745,-1.611297480242575,32.2248682798381,0.016299894038324565,0.4901966087286054,2.324687547766745,-1.611297480242575,32.2248682798381,0.016299894038324565,6.6666669999999995,"[4.476165170138035e-06, 3.0616801756961667e-06, 3.245483254996584e-06]",0.5981996801506405,COMPLETE,3,1,2L2A_COUPLED_FREEC,legacy_price_return_abs_time
84,3.594456276520808e-06,1.340528297560942,3.6963812851660833,-1.4166453248719615,27.630882844682418,0.02350212687426855,1.340528297560942,3.6963812851660833,-1.4166453248719615,27.630882844682418,0.02350212687426855,6.6666669999999995,"[4.477506357360345e-06, 3.060826807646936e-06, 3.245035664555142e-06]",0.5982089663784962,COMPLETE,3,1,2L2A_COUPLED_FREEC,legacy_price_return_abs_time
149,3.5964635493626428e-06,0.2429805847050626,9.461712850704012,1.0234959235551444,18.112079850172204,0.04040499694730553,0.2429805847050626,9.461712850704012,1.0234959235551444,18.112079850172204,0.04040499694730553,6.6666669999999995,"[4.474837553984945e-06, 3.067344416002457e-06, 3.2472086781005254e-06]",0.597932015209809,COMPLETE,3,1,2L2A_COUPLED_FREEC,legacy_price_return_abs_time
128,3.5967004376221364e-06,1.8349839736279756,13.528937039807436,-1.8269450140248003,55.95352150958383,0.01841989211247847,1.8349839736279756,13.528937039807436,-1.8269450140248003,55.95352150958383,0.01841989211247847,6.66667,"[4.515221066153117e-06, 3.05020142965727e-06, 3.224678817056022e-06]",0.5981673801012612,COMPLETE,3,1,2L2A_COUPLED_FREEC,legacy_price_return_abs_time
93,3.5967090446853407e-06,1.73297484435976,15.318404362445163,-0.11966241243845,20.931320746187232,0.07751326348856834,1.73297484435976,15.318404362445163,-0.11966241243845,20.931320746187232,0.07751326348856834,6.66667,"[4.515289061658541e-06, 3.0495575743746796e-06, 3.2252804980228026e-06]",0.5981713743123653,COMPLETE,3,1,2L2A_COUPLED_FREEC,legacy_price_return_abs_time
33,3.597558729394056e-06,0.6410179104720093,3.6713319473991257,-1.4293709501721128,28.142713934049087,0.026438142355481316,0.6410179104720093,3.6713319473991257,-1.4293709501721128,28.142713934049087,0.026438142355481316,6.6666669999999995,"[4.474218901783279e-06, 3.0704153640204305e-06, 3.2480419223784576e-06]",0.597787277038799,COMPLETE,3,1,2L2A_COUPLED_FREEC,legacy_price_return_abs_time
45,3.5982590840484805e-06,0.43096168961852643,14.278052979559979,-1.9718263583573217,43.702535912347365,0.01097580293196652,0.43096168961852643,14.278052979559979,-1.9718263583573217,43.702535912347365,0.01097580293196652,6.6666669999999995,"[4.47316933323774e-06, 3.072725303308245e-06, 3.248882615599456e-06]",0.5976899852501819,COMPLETE,3,1,2L2A_COUPLED_FREEC,legacy_price_return_abs_time
85,3.598382628643101e-06,0.7714895407002806,3.6017597983805225,-1.4399001230603785,28.23778668745358,0.02598523129004142,0.7714895407002806,3.6017597983805225,-1.4399001230603785,28.23778668745358,0.02598523129004142,6.6666669999999995,"[4.4740589222555e-06, 3.0725430985818927e-06, 3.248545865091911e-06]",0.5976807546270311,COMPLETE,3,1,2L2A_COUPLED_FREEC,legacy_price_return_abs_time
132,3.599063477666592e-06,0.019464227615056562,4.0525572313533305,-1.738650375596057,46.66829777711035,0.011868764944684876,0.019464227615056562,4.0525572313533305,-1.738650375596057,46.66829777711035,0.011868764944684876,6.66667,"[4.520117121309872e-06, 3.0540656913944855e-06, 3.2230076202954197e-06]",0.5978962632892832,COMPLETE,3,1,2L2A_COUPLED_FREEC,legacy_price_return_abs_time
124,3.600323452488607e-06,1.2716874876752955,4.896092610521496,-1.4712606358593123,41.357897957691804,0.02365640624921044,1.2716874876752955,4.896092610521496,-1.4712606358593123,41.357897957691804,0.02365640624921044,6.66667,"[4.522929035375411e-06, 3.0545695426094527e-06, 3.223471779480957e-06]",0.5977637679570849,COMPLETE,3,1,2L2A_COUPLED_FREEC,legacy_price_return_abs_time
126,3.6014402704307435e-06,0.015884469332275462,13.69856067717409,-1.4694520140011031,42.51503873912023,0.023453154708400648,0.015884469332275462,13.69856067717409,-1.4694520140011031,42.51503873912023,0.023453154708400648,10.0,"[4.529593553238126e-06, 3.0537849842414235e-06, 3.2209422738126797e-06]",0.5976693788841524,COMPLETE,3,1,2L2A_COUPLED_FREEC,legacy_price_return_abs_time
127,3.6019416252398495e-06,0.013328974996923652,9.372120391046458,-1.4907500825758166,41.14598797306082,0.01957958846754242,0.013328974996923652,9.372120391046458,-1.4907500825758166,41.14598797306082,0.01957958846754242,10.0,"[4.532285821285493e-06, 3.053120010142271e-06, 3.220419044291785e-06]",0.5976282859162637,COMPLETE,3,1,2L2A_COUPLED_FREEC,legacy_price_return_abs_time
20,3.601983522713439e-06,1.6200705081855036,1.6886169017906,-0.9372288693903634,36.011523128225136,0.07522795022443549,1.6200705081855036,1.6886169017906,-0.9372288693903634,36.011523128225136,0.07522795022443549,6.6666669999999995,"[4.476199952744132e-06, 3.080363013549221e-06, 3.249387601846964e-06]",0.5972355775676862,COMPLETE,3,1,2L2A_COUPLED_FREEC,legacy_price_return_abs_time
27,3.6026256636642916e-06,0.2802058913180719,1.7299078450299128,-0.89752491077303,21.666318966987895,0.03608142481807903,0.2802058913180719,1.7299078450299128,-0.89752491077303,21.666318966987895,0.03608142481807903,10.0,"[4.533857532477234e-06, 3.0526297380511298e-06, 3.221389720464511e-06]",0.5975620937058544,COMPLETE,3,1,2L2A_COUPLED_FREEC,legacy_price_return_abs_time
114,3.6036131109506645e-06,4.198583933535392,5.41121360493147,-1.3775596357963074,45.08221207308382,0.031094897556500432,4.198583933535392,5.41121360493147,-1.3775596357963074,45.08221207308382,0.031094897556500432,10.0,"[4.5350312944387826e-06, 3.0524683277084664e-06, 3.2233397107047437e-06]",0.5974588583181498,COMPLETE,3,1,2L2A_COUPLED_FREEC,legacy_price_return_abs_time
130,3.603716398261076e-06,3.0802228480051443,13.980309649367317,-1.6602619449851135,54.24560185352648,0.05191676602122579,3.0802228480051443,13.980309649367317,-1.6602619449851135,54.24560185352648,0.05191676602122579,36.666667,"[4.471825640885477e-06, 3.0871359725724677e-06, 3.252187581325283e-06]",0.5969811303864997,COMPLETE,3,1,2L2A_COUPLED_FREEC,legacy_price_return_abs_time
57,3.6038667109929476e-06,0.0936353090843994,10.14711591139981,-1.5600615626898375,61.08266450306635,0.031787103580194716,0.0936353090843994,10.14711591139981,-1.5600615626898375,61.08266450306635,0.031787103580194716,10.0,"[4.541186719497927e-06, 3.051386334456052e-06, 3.219027079024864e-06]",0.5974596652756563,COMPLETE,3,1,2L2A_COUPLED_FREEC,legacy_price_return_abs_time
56,3.6040225063375204e-06,0.09506902113967632,20.172129503506543,-1.565384075417231,59.293169612150564,0.030151417310709253,0.09506902113967632,20.172129503506543,-1.565384075417231,59.293169612150564,0.030151417310709253,10.0,"[4.541872611559789e-06, 3.051291456488333e-06, 3.2189034509644404e-06]",0.5974455706870069,COMPLETE,3,1,2L2A_COUPLED_FREEC,legacy_price_return_abs_time
78,3.6043834137782518e-06,0.33536460166652626,2.8899717884832308,1.7405660204506272,35.576314653534595,0.01768442959560321,0.33536460166652626,2.8899717884832308,1.7405660204506272,35.576314653534595,0.01768442959560321,36.666667,"[4.471789376216029e-06, 3.0889366460093702e-06, 3.252424219109356e-06]",0.5968946342498228,COMPLETE,3,1,2L2A_COUPLED_FREEC,legacy_price_return_abs_time
89,3.605353535616392e-06,1.4778345418031282,12.226076493782458,-1.104765010185507,20.25109776875885,0.010052209744735984,1.4778345418031282,12.226076493782458,-1.104765010185507,20.25109776875885,0.010052209744735984,10.0,"[4.546675915355056e-06, 3.0504314187788018e-06, 3.2189532727153192e-06]",0.597321958879571,COMPLETE,3,1,2L2A_COUPLED_FREEC,legacy_price_return_abs_time
148,3.6057145689404234e-06,0.4228876794327622,21.0587153373751,1.0832403988410102,39.428182346832514,0.04033545335969402,0.4228876794327622,21.0587153373751,1.0832403988410102,39.428182346832514,0.04033545335969402,10.0,"[4.548448011157387e-06, 3.050414196013495e-06, 3.218281499650389e-06]",0.5972884292297564,COMPLETE,3,1,2L2A_COUPLED_FREEC,legacy_price_return_abs_time
113,3.6060571868858055e-06,14.395308334190686,16.81206433171914,-1.1455614999455666,21.762524394157037,0.01264843526807221,14.395308334190686,16.81206433171914,-1.1455614999455666,21.762524394157037,0.01264843526807221,10.0,"[4.537319683350678e-06, 3.053250633816116e-06, 3.227601243490623e-06]",0.5971926138084948,COMPLETE,3,1,2L2A_COUPLED_FREEC,legacy_price_return_abs_time
16,3.6077572794044537e-06,0.14328126707362535,0.27610689920102466,0.31862856280274954,19.961473364544865,0.06479478508380355,0.14328126707362535,0.27610689920102466,0.31862856280274954,19.961473364544865,0.06479478508380355,10.0,"[4.5508455863916525e-06, 3.0490899323873224e-06, 3.2233363194343867e-06]",0.5970820101492736,COMPLETE,3,1,2L2A_COUPLED_FREEC,legacy_price_return_abs_time
23,3.608140059423556e-06,0.05375848156252993,9.23040054720495,0.5116044197295138,35.80459401289183,0.09806626452400338,0.05375848156252993,9.23040054720495,0.5116044197295138,35.80459401289183,0.09806626452400338,36.666667,"[4.47042576123951e-06, 3.100016803016762e-06, 3.2539776140143957e-06]",0.5963967160102571,COMPLETE,3,1,2L2A_COUPLED_FREEC,legacy_price_return_abs_time
0,3.609586377049636e-06,6.992404809600257,0.02310875631448818,1.8498020663744579,13.216025070857876,0.011154427822428273,6.992404809600257,0.02310875631448818,1.8498020663744579,13.216025070857876,0.011154427822428273,3.33333367,"[4.3029614809820646e-06, 3.160233244655208e-06, 3.365564405511636e-06]",0.5952336962071683,COMPLETE,3,1,2L2A_COUPLED_FREEC,legacy_price_return_abs_time
54,3.6097105904721713e-06,0.09475875036937118,8.72745757818199,-1.6759356775364709,53.2291662458274,0.014557195802145845,0.09475875036937118,8.72745757818199,-1.6759356775364709,53.2291662458274,0.014557195802145845,10.0,"[4.562451626407075e-06, 3.0503165781850734e-06, 3.2163635668243655e-06]",0.5968977442270543,COMPLETE,3,1,2L2A_COUPLED_FREEC,legacy_price_return_abs_time
145,3.6100739018870998e-06,0.39813447708867367,21.80845697907884,1.1356668289739258,17.90998993722479,0.033545330852762185,0.39813447708867367,21.80845697907884,1.1356668289739258,17.90998993722479,0.033545330852762185,36.666667,"[4.470558127106086e-06, 3.1051157756135346e-06, 3.254547802941679e-06]",0.5961476316854927,COMPLETE,3,1,2L2A_COUPLED_FREEC,legacy_price_return_abs_time
131,3.610290049677982e-06,0.1861322690091708,26.64259047540277,-1.7082433251572864,57.737918617178906,0.016454132998715083,0.1861322690091708,26.64259047540277,-1.7082433251572864,57.737918617178906,0.016454132998715083,10.0,"[4.564259767130478e-06, 3.050420496800601e-06, 3.2161898851028656e-06]",0.5968394785229265,COMPLETE,3,1,2L2A_COUPLED_FREEC,legacy_price_return_abs_time
94,3.610477579560691e-06,1.6974323940352725,8.004353776375085,-1.2906782399634258,19.027055715594773,0.0178529586253688,1.6974323940352725,8.004353776375085,-1.2906782399634258,19.027055715594773,0.0178529586253688,36.666667,"[4.470867109878774e-06, 3.1059788213609543e-06, 3.254586807442345e-06]",0.5960980568769847,COMPLETE,3,1,2L2A_COUPLED_FREEC,legacy_price_return_abs_time
52,3.6113358912157845e-06,0.21010035974314087,4.681198028346432,-1.6881889005973914,30.812856051462116,0.01567249829860295,0.21010035974314087,4.681198028346432,-1.6881889005973914,30.812856051462116,0.01567249829860295,40.0,"[4.469426766762224e-06, 3.1082625335652343e-06, 3.2563183733198965e-06]",0.5959823062600427,COMPLETE,3,1,2L2A_COUPLED_FREEC,legacy_price_return_abs_time
51,3.6123807804235843e-06,0.19949453506622333,7.788054064773034,-1.6494828453203174,52.782758060624985,0.014304539521070253,0.19949453506622333,7.788054064773034,-1.6494828453203174,52.782758060624985,0.014304539521070253,10.0,"[4.570472509534869e-06, 3.050962570638784e-06, 3.2157072610971017e-06]",0.5966269815013955,COMPLETE,3,1,2L2A_COUPLED_FREEC,legacy_price_return_abs_time
112,3.6134241911243417e-06,0.9133329970180809,17.662966731988725,-1.1481952523257206,29.481521066156468,0.020572555497412357,0.9133329970180809,17.662966731988725,-1.1481952523257206,29.481521066156468,0.020572555497412357,10.0,"[4.573410832042686e-06, 3.0512687446676322e-06, 3.2155929966627065e-06]",0.5965201247045989,COMPLETE,3,1,2L2A_COUPLED_FREEC,legacy_price_return_abs_time
133,3.6140641981084513e-06,0.5170731960542319,3.8530283912940155,-1.8741302452588968,35.25386780383649,0.012353277836646461,0.5170731960542319,3.8530283912940155,-1.8741302452588968,35.25386780383649,0.012353277836646461,40.0,"[4.4690234190003806e-06, 3.1138220212259497e-06, 3.2593471540990237e-06]",0.5956408607792961,COMPLETE,3,1,2L2A_COUPLED_FREEC,legacy_price_return_abs_time
106,3.614118472417958e-06,0.07636311319709188,25.22755345697328,-0.8010863970244477,11.46074184794485,0.05689029660252729,0.07636311319709188,25.22755345697328,-0.8010863970244477,11.46074184794485,0.05689029660252729,40.0,"[4.4683515596325435e-06, 3.1137674554040736e-06, 3.2602364022172574e-06]",0.5956330416247867,COMPLETE,3,1,2L2A_COUPLED_FREEC,legacy_price_return_abs_time
129,3.6148931205942448e-06,0.023194907782534073,13.947241410621958,-1.667597004606827,58.71030280970453,0.017266001320516054,0.023194907782534073,13.947241410621958,-1.667597004606827,58.71030280970453,0.017266001320516054,10.0,"[4.577429606182018e-06, 3.0521294235528373e-06, 3.2151203320478802e-06]",0.5963661504590315,COMPLETE,3,1,2L2A_COUPLED_FREEC,legacy_price_return_abs_time
141,3.6157103356416718e-06,1.4594442264524614,10.463166673978591,-1.3060496431557649,43.864311357064665,0.025362717274432164,1.4594442264524614,10.463166673978591,-1.3060496431557649,43.864311357064665,0.025362717274432164,10.0,"[4.57956221861768e-06, 3.0519569845047185e-06, 3.2156118038026166e-06]",0.5962849061252549,COMPLETE,3,1,2L2A_COUPLED_FREEC,legacy_price_return_abs_time
80,3.6168502695622465e-06,0.1624275486824464,2.5056411167980936,-1.6593818413117936,30.876182047570403,0.027193527229295307,0.1624275486824464,2.5056411167980936,-1.6593818413117936,30.876182047570403,0.027193527229295307,40.0,"[4.468765873490489e-06, 3.1188148156162823e-06, 3.2629701195799678e-06]",0.5952977122018597,COMPLETE,3,1,2L2A_COUPLED_FREEC,legacy_price_return_abs_time
104,3.617209181526523e-06,8.388051952892898,18.5668916681485,-0.7723437937662512,12.013006208362203,0.061597393054579654,8.388051952892898,18.5668916681485,-0.7723437937662512,12.013006208362203,0.061597393054579654,40.0,"[4.472244549122402e-06, 3.1196004779140143e-06, 3.2597825175431524e-06]",0.5952642877143401,COMPLETE,3,1,2L2A_COUPLED_FREEC,legacy_price_return_abs_time
65,3.617318204240747e-06,1.0505117945748024,6.096796365997835,-1.7957469315766708,33.900685268093774,0.021561014962485452,1.0505117945748024,6.096796365997835,-1.7957469315766708,33.900685268093774,0.021561014962485452,40.0,"[4.468974735691933e-06, 3.1197857776563423e-06, 3.2631940993739657e-06]",0.5952399589837111,COMPLETE,3,1,2L2A_COUPLED_FREEC,legacy_price_return_abs_time
125,3.6173954807444153e-06,0.015064726682353693,6.573158071949923,-1.4830960683615289,50.57733189118163,0.020032134662921353,0.015064726682353693,6.573158071949923,-1.4830960683615289,50.57733189118163,0.020032134662921353,10.0,"[4.583879760436773e-06, 3.053600687493577e-06, 3.214705994302897e-06]",0.596102481151005,COMPLETE,3,1,2L2A_COUPLED_FREEC,legacy_price_return_abs_time
28,3.6181334250359516e-06,0.13578603771488545,1.50049024346259,-0.7198940878846236,21.23033490154476,0.038769431783040265,0.13578603771488545,1.50049024346259,-0.7198940878846236,21.23033490154476,0.038769431783040265,10.0,"[4.585727740500705e-06, 3.05336494869683e-06, 3.2153075859103197e-06]",0.5960294411927796,COMPLETE,3,1,2L2A_COUPLED_FREEC,legacy_price_return_abs_time
67,3.6187718936171986e-06,0.117435624717964,6.587724884375267,-1.81845110696691,33.75991887556839,0.021411355930548083,0.117435624717964,6.587724884375267,-1.81845110696691,33.75991887556839,0.021411355930548083,40.0,"[4.468847155133884e-06, 3.1219040052282124e-06, 3.2655645204894992e-06]",0.5950644986022964,COMPLETE,3,1,2L2A_COUPLED_FREEC,legacy_price_return_abs_time
107,3.6188883749915335e-06,7.899672054691175,12.324808905246934,-0.7607475356612741,12.401371952118641,0.06379292767666865,7.899672054691175,12.324808905246934,-0.7607475356612741,12.401371952118641,0.06379292767666865,40.0,"[4.474383445362755e-06, 3.1223249967335777e-06, 3.2599566828782685e-06]",0.5950672747554937,COMPLETE,3,1,2L2A_COUPLED_FREEC,legacy_price_return_abs_time
18,3.6189661969166177e-06,28.10175551806649,0.45664348924604,1.9949072402952555,14.793331509854866,0.08178008736885034,28.10175551806649,0.45664348924604,1.9949072402952555,14.793331509854866,0.08178008736885034,3.3666666700000003,"[4.234627469584483e-06, 3.1571774673012093e-06, 3.46509365386416e-06]",0.5939965967166817,COMPLETE,3,1,2L2A_COUPLED_FREEC,legacy_price_return_abs_time
66,3.620438104817562e-06,0.02634432796295604,7.200068257937896,-1.8040779153087223,32.889033705315406,0.022887172282920604,0.02634432796295604,7.200068257937896,-1.8040779153087223,32.889033705315406,0.022887172282920604,40.0,"[4.469065497037501e-06, 3.124453722723456e-06, 3.2677950946917283e-06]",0.5948637231404805,COMPLETE,3,1,2L2A_COUPLED_FREEC,legacy_price_return_abs_time
64,3.6207759103621013e-06,0.011308079553210292,29.67381517434163,-1.8414076176202951,33.49714255393158,0.021124232471335876,0.011308079553210292,29.67381517434163,-1.8414076176202951,33.49714255393158,0.021124232471335876,40.0,"[4.469120129988964e-06, 3.1249552676780132e-06, 3.2682523334193265e-06]",0.5948231655970795,COMPLETE,3,1,2L2A_COUPLED_FREEC,legacy_price_return_abs_time
25,3.6209803029705647e-06,0.06356578751763708,1.5739769026287245,-0.9221587015817931,46.741118256280444,0.04391747651999868,0.06356578751763708,1.5739769026287245,-0.9221587015817931,46.741118256280444,0.04391747651999868,10.0,"[4.592486065648842e-06, 3.055956820125269e-06, 3.2144980231375836e-06]",0.5957208027766531,COMPLETE,3,1,2L2A_COUPLED_FREEC,legacy_price_return_abs_time
75,3.6244206755690017e-06,0.2455414895495711,4.664725170842389,-1.5044343117778196,25.183020049908208,0.03771782240700077,0.2455414895495711,4.664725170842389,-1.5044343117778196,25.183020049908208,0.03771782240700077,40.0,"[4.4698794309275505e-06, 3.1302727988319457e-06, 3.273109796947509e-06]",0.594386827233813,COMPLETE,3,1,2L2A_COUPLED_FREEC,legacy_price_return_abs_time
79,3.62526985720194e-06,0.3585191781688767,2.2988965338391387,1.8345809857132334,30.530934838148283,0.017937756503046166,0.3585191781688767,2.2988965338391387,1.8345809857132334,30.530934838148283,0.017937756503046166,40.0,"[4.47025476279663e-06, 3.132183544114179e-06, 3.273371264695012e-06]",0.5942809197329804,COMPLETE,3,1,2L2A_COUPLED_FREEC,legacy_price_return_abs_time
50,3.62566683098378e-06,0.4088439632141021,20.70156139697707,-1.942950070837057,31.476212782569913,0.010011578485832263,0.4088439632141021,20.70156139697707,-1.942950070837057,31.476212782569913,0.010011578485832263,70.0,"[4.470187011189041e-06, 3.1313776885301534e-06, 3.275435793232146e-06]",0.5942430204997988,COMPLETE,3,1,2L2A_COUPLED_FREEC,legacy_price_return_abs_time
146,3.6258301400586953e-06,0.380295021335587,9.201548227528912,0.6200206992397835,18.52965669702029,0.0395552935525004,0.380295021335587,9.201548227528912,0.6200206992397835,18.52965669702029,0.0395552935525004,10.0,"[4.603257127015467e-06, 3.0592789127288242e-06, 3.2149543804317935e-06]",0.5952005167798897,COMPLETE,3,1,2L2A_COUPLED_FREEC,legacy_price_return_abs_time
24,3.62631910382746e-06,0.06507851923167447,8.824751598860196,-0.8054597880382813,34.50532214238359,0.11477685811733226,0.06507851923167447,8.824751598860196,-0.8054597880382813,34.50532214238359,0.11477685811733226,70.0,"[4.4706572425476025e-06, 3.1297936677669922e-06, 3.2785064011677844e-06]",0.5941846069582496,COMPLETE,3,1,2L2A_COUPLED_FREEC,legacy_price_return_abs_time
74,3.6263585917357315e-06,0.23445241029511207,10.935019233966603,-1.5055281580890973,25.655098303379173,0.045348067803629606,0.23445241029511207,10.935019233966603,-1.5055281580890973,25.655098303379173,0.045348067803629606,70.0,"[4.470700719604865e-06, 3.129308658403222e-06, 3.279066397199108e-06]",0.594183967614815,COMPLETE,3,1,2L2A_COUPLED_FREEC,legacy_price_return_abs_time
73,3.6265836836330393e-06,0.26710782073014466,4.258293572385106,-1.577289800427464,25.66369914420789,0.0373096671192949,0.26710782073014466,4.258293572385106,-1.577289800427464,25.66369914420789,0.0373096671192949,70.0,"[4.4708122941490875e-06, 3.1293684513153598e-06, 3.2795703054346707e-06]",0.594159203052835,COMPLETE,3,1,2L2A_COUPLED_FREEC,legacy_price_return_abs_time
19,3.627185740459044e-06,2.102315669962933,1.8713940141189442,1.5578601408781287,15.884466396627898,0.011770751601805674,2.102315669962933,1.8713940141189442,1.5578601408781287,15.884466396627898,0.011770751601805674,66.66666667,"[4.432558316926041e-06, 3.1408064747551617e-06, 3.3081924296959285e-06]",0.5938806697491193,COMPLETE,3,1,2L2A_COUPLED_FREEC,legacy_price_return_abs_time
76,3.627211033093293e-06,0.3644998836028511,10.605794349768738,-1.5290524484911678,27.126635255502784,0.05109243145564075,0.3644998836028511,10.605794349768738,-1.5290524484911678,27.126635255502784,0.05109243145564075,70.0,"[4.4711507272731895e-06, 3.1279000675006944e-06, 3.282582304505996e-06]",0.594102235115417,COMPLETE,3,1,2L2A_COUPLED_FREEC,legacy_price_return_abs_time
62,3.6272875829065163e-06,0.03040832395442546,28.003659580823104,-1.8751174950039735,39.71609670473147,0.04926978749855824,0.03040832395442546,28.003659580823104,-1.8751174950039735,39.71609670473147,0.04926978749855824,70.0,"[4.471192563235309e-06, 3.1276693010446243e-06, 3.283000884439615e-06]",0.5940956630555619,COMPLETE,3,1,2L2A_COUPLED_FREEC,legacy_price_return_abs_time
103,3.6277370836847444e-06,5.551272328890593,18.588750651744075,0.7812751817354243,26.375619622638833,0.13236931136528818,5.551272328890593,18.588750651744075,0.7812751817354243,26.375619622638833,0.13236931136528818,100.0,"[4.455482908436847e-06, 3.1274845806070466e-06, 3.300243762010338e-06]",0.5939947938798499,COMPLETE,3,1,2L2A_COUPLED_FREEC,legacy_price_return_abs_time
119,3.627782532961154e-06,0.129333263218186,0.6660263818072808,-1.7320793260230334,24.516920889065016,0.015510934521825186,0.129333263218186,0.6660263818072808,-1.7320793260230334,24.516920889065016,0.015510934521825186,70.0,"[4.471336080810709e-06, 3.1289467383914107e-06, 3.283064779681343e-06]",0.5940324831246336,COMPLETE,3,1,2L2A_COUPLED_FREEC,legacy_price_return_abs_time
17,3.6283978721156693e-06,1.954589987810367,28.41788239790094,1.4794619611708266,16.500596940738415,0.013208025254372232,1.954589987810367,28.41788239790094,1.4794619611708266,16.500596940738415,0.013208025254372232,100.0,"[4.466062693155753e-06, 3.1276775328833833e-06, 3.2914533903078718e-06]",0.5939564829077333,COMPLETE,3,1,2L2A_COUPLED_FREEC,legacy_price_return_abs_time
96,3.6284476096686204e-06,2.5776594479630996,8.206132175449163,-1.2221188001545387,24.63710651771359,0.07878655494156013,2.5776594479630996,8.206132175449163,-1.2221188001545387,24.63710651771359,0.07878655494156013,70.0,"[4.471548054020777e-06, 3.129887398735278e-06, 3.283907376249805e-06]",0.5939533266028317,COMPLETE,3,1,2L2A_COUPLED_FREEC,legacy_price_return_abs_time
90,3.6286817171570337e-06,2.1295201011374014,15.119850798416314,-1.9142983502271456,22.793201674704285,0.01035215974070877,2.1295201011374014,15.119850798416314,-1.9142983502271456,22.793201674704285,0.01035215974070877,100.0,"[4.4402902718862205e-06, 3.1263720360495002e-06, 3.3193828435353795e-06]",0.5938481139397563,COMPLETE,3,1,2L2A_COUPLED_FREEC,legacy_price_return_abs_time
105,3.628772172180627e-06,8.774794555416483,11.917590188867567,-1.0103167986473878,12.268873517157445,0.04180333111658999,8.774794555416483,11.917590188867567,-1.0103167986473878,12.268873517157445,0.04180333111658999,40.0,"[4.474389919182331e-06, 3.14089402411231e-06, 3.2710325732472396e-06]",0.5938467603253123,COMPLETE,3,1,2L2A_COUPLED_FREEC,legacy_price_return_abs_time
122,3.629115080465189e-06,0.01618542748611259,6.6226330135577784,-1.9904402112145017,26.35884255760319,0.023311471549940777,0.01618542748611259,6.6226330135577784,-1.9904402112145017,26.35884255760319,0.023311471549940777,100.0,"[4.4391685767812584e-06, 3.125637503179452e-06, 3.322539161434856e-06]",0.5938021510716988,COMPLETE,3,1,2L2A_COUPLED_FREEC,legacy_price_return_abs_time
15,3.6291894153005516e-06,0.09818544544494145,0.12885603016148983,0.07551878213688368,19.341269994364392,0.05884656620502714,0.09818544544494145,0.12885603016148983,0.07551878213688368,19.341269994364392,0.05884656620502714,10.0,"[4.610186244642825e-06, 3.0543277582309023e-06, 3.2230542430279278e-06]",0.5948913982170132,COMPLETE,3,1,2L2A_COUPLED_FREEC,legacy_price_return_abs_time
115,3.6301840296717966e-06,0.6952638107326166,7.118767023516415,-1.146751084062384,29.949908683925337,0.015019028842102253,0.6952638107326166,7.118767023516415,-1.146751084062384,29.949908683925337,0.015019028842102253,10.0,"[4.611938115068496e-06, 3.0642972139174065e-06, 3.214316760029487e-06]",0.5947152141324885,COMPLETE,3,1,2L2A_COUPLED_FREEC,legacy_price_return_abs_time
120,3.631245016942927e-06,0.020442759246415806,13.620856872604461,-1.87749073485427,24.475322954347963,0.044764459072269114,0.020442759246415806,13.620856872604461,-1.87749073485427,24.475322954347963,0.044764459072269114,100.0,"[4.426019588672173e-06, 3.1283146653576846e-06, 3.3394007967989233e-06]",0.5935045477519821,COMPLETE,3,1,2L2A_COUPLED_FREEC,legacy_price_return_abs_time
22,3.6316397551341103e-06,1.3802206641793964,0.32176964204801617,0.5462585410574321,36.97236616154233,0.10844058551563934,1.3802206641793964,0.32176964204801617,0.5462585410574321,36.97236616154233,0.10844058551563934,10.0,"[4.4819032675722295e-06, 3.1476217883826454e-06, 3.2653942094474563e-06]",0.5935081370313194,COMPLETE,3,1,2L2A_COUPLED_FREEC,legacy_price_return_abs_time
98,3.6324298118196124e-06,2.0552693237636817,8.469549866617271,-1.2504421790998426,14.63331365211012,0.09210348762196177,2.0552693237636817,8.469549866617271,-1.2504421790998426,14.63331365211012,0.09210348762196177,100.0,"[4.415387480267977e-06, 3.132921375844672e-06, 3.3489805793461874e-06]",0.5933050281299265,COMPLETE,3,1,2L2A_COUPLED_FREEC,legacy_price_return_abs_time
77,3.6328367581790745e-06,0.3440575763209164,2.549502255461447,-1.6142385829232553,17.634635106643504,0.051485313808488566,0.3440575763209164,2.549502255461447,-1.6142385829232553,17.634635106643504,0.051485313808488566,100.0,"[4.416378004730399e-06, 3.1315238548175896e-06, 3.350608414989235e-06]",0.5932739254563401,COMPLETE,3,1,2L2A_COUPLED_FREEC,legacy_price_return_abs_time
3,3.6333887977934333e-06,0.3402268668811604,0.262447533346133,-1.8284329700141293,61.786034126241674,0.15448557245110614,0.3402268668811604,0.262447533346133,-1.8284329700141293,61.786034126241674,0.15448557245110614,100.0,"[4.407118663125021e-06, 3.136549945610103e-06, 3.356497784645176e-06]",0.5931454017211778,COMPLETE,3,1,2L2A_COUPLED_FREEC,legacy_price_return_abs_time
30,3.6338243870512107e-06,0.30342577474748145,3.178266885159738,-0.5604758170505546,10.073309156264108,0.026557072331789493,0.30342577474748145,3.178266885159738,-0.5604758170505546,10.073309156264108,0.026557072331789493,10.0,"[4.618882053712134e-06, 3.067866043957169e-06, 3.2147250634843308e-06]",0.5943129733087438,COMPLETE,3,1,2L2A_COUPLED_FREEC,legacy_price_return_abs_time
88,3.6339732892321127e-06,1.2040603467661806,12.694300316236886,-1.0409440350234196,22.683257955436204,0.010018715658836632,1.2040603467661806,12.694300316236886,-1.0409440350234196,22.683257955436204,0.010018715658836632,10.0,"[4.619053625816071e-06, 3.068571752471716e-06, 3.214294489408552e-06]",0.5942920472667756,COMPLETE,3,1,2L2A_COUPLED_FREEC,legacy_price_return_abs_time
26,3.634133058795709e-06,0.06050194372961375,1.628548748783152,-0.9164828663228662,47.06723782603451,0.04003640525196117,0.06050194372961375,1.628548748783152,-0.9164828663228662,47.06723782603451,0.04003640525196117,10.0,"[4.6192219890558735e-06, 3.0692917444314647e-06, 3.2138854428997885e-06]",0.5942698132907956,COMPLETE,3,1,2L2A_COUPLED_FREEC,legacy_price_return_abs_time
116,3.6360209978813855e-06,0.7119376698395126,9.850562279197483,-1.38956960787061,44.6423732034438,0.014067773284466008,0.7119376698395126,9.850562279197483,-1.38956960787061,44.6423732034438,0.014067773284466008,10.0,"[4.622630379133258e-06, 3.0714339476777246e-06, 3.213998666833174e-06]",0.5940584251697232,COMPLETE,3,1,2L2A_COUPLED_FREEC,legacy_price_return_abs_time
6,3.6363579034219773e-06,8.611898794917229,3.8973475288952555,0.6489101883016151,71.21407985417697,0.22015284596873474,8.611898794917229,3.8973475288952555,0.6489101883016151,71.21407985417697,0.22015284596873474,100.0,"[4.393931120404799e-06, 3.1412745772143848e-06, 3.3738680126467486e-06]",0.5927405961382951,COMPLETE,3,1,2L2A_COUPLED_FREEC,legacy_price_return_abs_time
34,3.638338736994625e-06,0.7665373161613467,0.20005752871621502,-1.4573738046693676,29.48683521938549,0.06288016297144461,0.7665373161613467,0.20005752871621502,-1.4573738046693676,29.48683521938549,0.06288016297144461,70.0,"[4.466856062562483e-06, 3.1699150568930945e-06, 3.2782450915282966e-06]",0.5925592170004361,COMPLETE,3,1,2L2A_COUPLED_FREEC,legacy_price_return_abs_time
21,3.6385671240398473e-06,1.2594525773763128,0.3348555777343926,-0.9479041686119313,32.970186014068474,0.103191002689099,1.2594525773763128,0.3348555777343926,-0.9479041686119313,32.970186014068474,0.103191002689099,40.0,"[4.47565151597932e-06, 3.1642234914181356e-06, 3.275826364722086e-06]",0.5926053987216596,COMPLETE,3,1,2L2A_COUPLED_FREEC,legacy_price_return_abs_time
35,3.6390350113991455e-06,0.6752682875646133,0.1981136071486973,-1.2559301607098527,27.128945221938466,0.07387378202281066,0.6752682875646133,0.1981136071486973,-1.2559301607098527,27.128945221938466,0.07387378202281066,70.0,"[4.4720053571775775e-06, 3.1685402680556782e-06, 3.276559408964181e-06]",0.5925101969566994,COMPLETE,3,1,2L2A_COUPLED_FREEC,legacy_price_return_abs_time
110,3.6413963424721167e-06,0.9227640280325831,16.404168186761655,-1.7367533072184225,13.219015935999735,0.012193765056489529,0.9227640280325831,16.404168186761655,-1.7367533072184225,13.219015935999735,0.012193765056489529,70.0,"[4.389893959016034e-06, 3.1387389795521555e-06, 3.395556088848161e-06]",0.5921926067092604,COMPLETE,3,1,2L2A_COUPLED_FREEC,legacy_price_return_abs_time
8,3.6420758612168356e-06,0.03732585584690346,0.8627076811512218,0.8924146539032032,56.73494879785238,0.23651453025324062,0.03732585584690346,0.8627076811512218,0.8924146539032032,56.73494879785238,0.23651453025324062,70.0,"[4.385639769791396e-06, 3.1408010276030473e-06, 3.399786786256063e-06]",0.5920886259084209,COMPLETE,3,1,2L2A_COUPLED_FREEC,legacy_price_return_abs_time
102,3.6429860889767904e-06,1.122539923698238,5.354706638799966,1.4247452130070912,17.075336374351675,0.13850237914068406,1.122539923698238,5.354706638799966,1.4247452130070912,17.075336374351675,0.13850237914068406,70.0,"[4.37887206477694e-06, 3.1446148455613214e-06, 3.4054713565921096e-06]",0.5919380491802756,COMPLETE,3,1,2L2A_COUPLED_FREEC,legacy_price_return_abs_time
37,3.6451553675934887e-06,0.8499028375242046,0.711419504328079,-1.717655544723058,23.59892621452307,0.1480998140103112,0.8499028375242046,0.711419504328079,-1.717655544723058,23.59892621452307,0.1480998140103112,70.0,"[4.366478361805262e-06, 3.152656284371661e-06, 3.416331456603544e-06]",0.5915994307553563,COMPLETE,3,1,2L2A_COUPLED_FREEC,legacy_price_return_abs_time
121,3.645704313826128e-06,0.11968838502403036,10.871035622523124,-1.935425568148801,50.45776832025097,0.19278566726646812,0.11968838502403036,10.871035622523124,-1.935425568148801,50.45776832025097,0.19278566726646812,70.0,"[4.378252033636339e-06, 3.143790478746727e-06, 3.415070429095319e-06]",0.5916436792862585,COMPLETE,3,1,2L2A_COUPLED_FREEC,legacy_price_return_abs_time
136,3.648646447291305e-06,0.5163788697579084,5.722658217688153,-1.6013847056452588,10.58128261994634,0.02932890401859483,0.5163788697579084,5.722658217688153,-1.6013847056452588,10.58128261994634,0.02932890401859483,70.0,"[4.374892881588038e-06, 3.145337799170873e-06, 3.425708661115005e-06]",0.5912981654646,COMPLETE,3,1,2L2A_COUPLED_FREEC,legacy_price_return_abs_time
118,3.6540621877081086e-06,0.7059320362883864,0.4394146501905805,0.4672963293892677,24.24016184316798,0.04299215691945934,0.7059320362883864,0.4394146501905805,0.4672963293892677,24.24016184316798,0.04299215691945934,10.0,"[4.652302118370954e-06, 3.080484968816527e-06, 3.2293994759368445e-06]",0.5921121736372691,COMPLETE,3,1,2L2A_COUPLED_FREEC,legacy_price_return_abs_time
38,3.6544684402189485e-06,0.1966630317796389,0.9030050684323199,-1.747273740842802,23.28692440078669,0.1667753583203653,0.1966630317796389,0.9030050684323199,-1.747273740842802,23.28692440078669,0.1667753583203653,70.0,"[4.366007138733621e-06, 3.151888229873708e-06, 3.4455099520495167e-06]",0.590581395478237,COMPLETE,3,1,2L2A_COUPLED_FREEC,legacy_price_return_abs_time
5,3.6544874001483967e-06,0.019218147775183263,0.023190213112798674,1.8709119829413767,11.80499067919444,0.01669438990636852,0.019218147775183263,0.023190213112798674,1.8709119829413767,11.80499067919444,0.01669438990636852,36.666667,"[4.351679361233325e-06, 3.162450474286008e-06, 3.4493323649258577e-06]",0.5904538132715543,COMPLETE,3,1,2L2A_COUPLED_FREEC,legacy_price_return_abs_time
39,3.6560001099896357e-06,4.932734529852299,6.191333153069715,-1.7796271146731841,23.72138457064342,0.17161815102514968,4.932734529852299,6.191333153069715,-1.7796271146731841,23.72138457064342,0.17161815102514968,70.0,"[4.359542509204264e-06, 3.157103861173837e-06, 3.451353959590806e-06]",0.5903533842637881,COMPLETE,3,1,2L2A_COUPLED_FREEC,legacy_price_return_abs_time
36,3.6590020782856214e-06,0.906832418154362,0.1618265775630199,-0.19934189155460702,23.74115465368731,0.060006837984538666,0.906832418154362,0.1618265775630199,-0.19934189155460702,23.74115465368731,0.060006837984538666,40.0,"[4.6257341965220454e-06, 3.08562258277196e-06, 3.2656494555628577e-06]",0.5914430146019457,COMPLETE,3,1,2L2A_COUPLED_FREEC,legacy_price_return_abs_time
43,3.6591778061335456e-06,3.6110091362640016,16.28218970421705,-1.2200806533447714,45.11483327563275,0.019006707170006076,3.6110091362640016,16.28218970421705,-1.2200806533447714,45.11483327563275,0.019006707170006076,10.0,"[4.657707030555869e-06, 3.104477572508419e-06, 3.2153488153363493e-06]",0.5913934459212231,COMPLETE,3,1,2L2A_COUPLED_FREEC,legacy_price_return_abs_time
29,3.662877271524881e-06,0.2626767447945814,0.9628859707847814,0.3256676940686457,21.471473767717924,0.31716094918942744,0.2626767447945814,0.9628859707847814,0.3256676940686457,21.471473767717924,0.31716094918942744,70.0,"[4.359862742615393e-06, 3.159403190756044e-06, 3.4693658812032053e-06]",0.5895829054406069,COMPLETE,3,1,2L2A_COUPLED_FREEC,legacy_price_return_abs_time
44,3.664436854563326e-06,2.797031383595684,13.70780791749341,-1.1597429810810422,41.06752983060521,0.018260724259548753,2.797031383595684,13.70780791749341,-1.1597429810810422,41.06752983060521,0.018260724259548753,10.0,"[4.664262588807261e-06, 3.11349657760162e-06, 3.2155513972810967e-06]",0.5907723849163178,COMPLETE,3,1,2L2A_COUPLED_FREEC,legacy_price_return_abs_time
71,3.6675140447053114e-06,0.5743116791597425,1.1935495391240671,-1.3529229221925614,48.19421305949898,0.012298918221813754,0.5743116791597425,1.1935495391240671,-1.3529229221925614,48.19421305949898,0.012298918221813754,10.0,"[4.668205668341818e-06, 3.1174578014955222e-06, 3.2168786642785927e-06]",0.5904189757135619,COMPLETE,3,1,2L2A_COUPLED_FREEC,legacy_price_return_abs_time
42,3.6761035472565833e-06,3.4834022737956665,13.350485088060998,-1.062464197701819,42.668292123282384,0.02250692701767308,3.4834022737956665,13.350485088060998,-1.062464197701819,42.668292123282384,0.02250692701767308,10.0,"[4.6774649768549355e-06, 3.1345312299607542e-06, 3.2163144349540616e-06]",0.5893825962544753,COMPLETE,3,1,2L2A_COUPLED_FREEC,legacy_price_return_abs_time
69,3.6766673187612223e-06,0.5831459192491968,2.31262132618086,-1.3095905220719573,47.76825917459984,0.012992260626393514,0.5831459192491968,2.31262132618086,-1.3095905220719573,47.76825917459984,0.012992260626393514,10.0,"[4.67801760442869e-06, 3.1358365293068575e-06, 3.216147822548119e-06]",0.5893130370222894,COMPLETE,3,1,2L2A_COUPLED_FREEC,legacy_price_return_abs_time
31,3.681567458309265e-06,0.30331970301782457,2.964447927883235,-1.4366550992817568,29.126317496123384,0.30168792747903,0.30331970301782457,2.964447927883235,-1.4366550992817568,29.126317496123384,0.30168792747903,10.0,"[4.344448228372482e-06, 3.1688249756745903e-06, 3.531429170880722e-06]",0.5874109251734686,COMPLETE,3,1,2L2A_COUPLED_FREEC,legacy_price_return_abs_time
59,3.688070748609324e-06,0.03375341027902547,20.215583669161294,0.8066079182760354,38.642179596068935,0.030480454864272827,0.03375341027902547,20.215583669161294,0.8066079182760354,38.642179596068935,0.030480454864272827,10.0,"[4.6890489288999665e-06, 3.159512971576499e-06, 3.2156503453515057e-06]",0.5879255059260551,COMPLETE,3,1,2L2A_COUPLED_FREEC,legacy_price_return_abs_time
14,3.6889353517863913e-06,0.12281221184700301,0.10546058024632612,0.09371875077686825,19.312511759685115,0.04488271687430995,0.12281221184700301,0.10546058024632612,0.09371875077686825,19.312511759685115,0.04488271687430995,10.0,"[4.688597574560333e-06, 3.1495840060301066e-06, 3.228624474768734e-06]",0.5879017316335621,COMPLETE,3,1,2L2A_COUPLED_FREEC,legacy_price_return_abs_time
1,3.6902519959521625e-06,4.061214710318428,0.9195550403195222,-1.8852429233765662,54.23847407844519,0.40107951247355156,4.061214710318428,0.9195550403195222,-1.8852429233765662,54.23847407844519,0.40107951247355156,3.3333333400000007,"[4.283817903198053e-06, 3.1798118035881972e-06, 3.6071262810702373e-06]",0.5861733424806705,COMPLETE,3,1,2L2A_COUPLED_FREEC,legacy_price_return_abs_time
32,3.69090097691936e-06,0.4424997224129162,3.4657595734504922,-1.372098090214138,28.303601537578633,0.33593682908496725,0.4424997224129162,3.4657595734504922,-1.372098090214138,28.303601537578633,0.33593682908496725,6.666667,"[4.331219016880703e-06, 3.1743905761876535e-06, 3.5670933376897245e-06]",0.5863013622410559,COMPLETE,3,1,2L2A_COUPLED_FREEC,legacy_price_return_abs_time
97,3.6964228069318186e-06,2.7135765411308865,8.728083732477659,-0.3799043160781945,16.15510585225467,0.03651754885475913,2.7135765411308865,8.728083732477659,-0.3799043160781945,16.15510585225467,0.03651754885475913,10.0,"[4.696147508954275e-06, 3.173458152924453e-06, 3.219662758916728e-06]",0.5869307938440179,COMPLETE,3,1,2L2A_COUPLED_FREEC,legacy_price_return_abs_time
53,3.696764105154283e-06,0.20062143850642356,4.597151250815896,-1.5649041924010585,79.8142810176946,0.015416568425091981,0.20062143850642356,4.597151250815896,-1.5649041924010585,79.8142810176946,0.015416568425091981,10.0,"[4.696650710899724e-06, 3.177758692725297e-06, 3.2158829118378265e-06]",0.5868635731056566,COMPLETE,3,1,2L2A_COUPLED_FREEC,legacy_price_return_abs_time
101,3.6994352062187193e-06,6.141573274211388,19.779473491163063,-0.39587714989467804,17.224043850184305,0.03597594708643454,6.141573274211388,19.779473491163063,-0.39587714989467804,17.224043850184305,0.03597594708643454,10.0,"[4.698479748724415e-06, 3.1803476785247566e-06, 3.219478191406986e-06]",0.5865576510528203,COMPLETE,3,1,2L2A_COUPLED_FREEC,legacy_price_return_abs_time
143,3.709443854195466e-06,0.013025922012727748,7.665874097733794,0.9127773448607595,43.12057053378134,0.02510117932085364,0.013025922012727748,7.665874097733794,0.9127773448607595,43.12057053378134,0.02510117932085364,10.0,"[4.706389302945483e-06, 3.2056770812014535e-06, 3.2162651784394616e-06]",0.5853005892252445,COMPLETE,3,1,2L2A_COUPLED_FREEC,legacy_price_return_abs_time
41,3.7182891925133018e-06,3.444797287764222,5.742348822142459,-1.182387018905226,42.83342024320881,0.010129110508073734,3.444797287764222,5.742348822142459,-1.182387018905226,42.83342024320881,0.010129110508073734,10.0,"[4.711106627238979e-06, 3.22477471453504e-06, 3.2189862357658865e-06]",0.5842060341450203,COMPLETE,3,1,2L2A_COUPLED_FREEC,legacy_price_return_abs_time
83,3.75700025499606e-06,0.14639108864739633,23.088423069694883,-0.672959755123742,36.45855543795012,0.026857265411551846,0.14639108864739633,23.088423069694883,-0.672959755123742,36.45855543795012,0.026857265411551846,10.0,"[4.730970490771984e-06, 3.3238854246816046e-06, 3.216144849534591e-06]",0.5792995411120838,COMPLETE,3,1,2L2A_COUPLED_FREEC,legacy_price_return_abs_time
7,3.760548000922411e-06,0.020205585642250338,3.0469148772424486,1.0701155637167599,64.10812722726335,0.021052336918005538,0.020205585642250338,3.0469148772424486,1.0701155637167599,64.10812722726335,0.021052336918005538,10.0,"[4.731959635932614e-06, 3.3335073739671506e-06, 3.216176992867469e-06]",0.5788431366707804,COMPLETE,3,1,2L2A_COUPLED_FREEC,legacy_price_return_abs_time
70,3.7664528980704645e-06,0.5566657696516836,1.2017097501323541,-1.3097828841453185,67.30189997104051,0.01259236770054401,0.5566657696516836,1.2017097501323541,-1.3097828841453185,67.30189997104051,0.01259236770054401,10.0,"[4.7318521548639036e-06, 3.350585661841111e-06, 3.21692087750638e-06]",0.5780698096408265,COMPLETE,3,1,2L2A_COUPLED_FREEC,legacy_price_return_abs_time
72,3.769025351823574e-06,0.04570284949542091,18.003357003756424,-1.0854093042506958,48.85743082291825,0.014056366389209754,0.04570284949542091,18.003357003756424,-1.0854093042506958,48.85743082291825,0.014056366389209754,10.0,"[4.734646816689973e-06, 3.3565825099834588e-06, 3.2158467287972904e-06]",0.5777530357419194,COMPLETE,3,1,2L2A_COUPLED_FREEC,legacy_price_return_abs_time
60,3.7785464941692065e-06,0.03880285597870607,10.169671259964655,1.2615351183270949,38.441303613029596,0.5925214428044312,0.03880285597870607,10.169671259964655,1.2615351183270949,38.441303613029596,0.5925214428044312,3.3333333400000007,"[4.3400786033314226e-06, 3.225940893294778e-06, 3.769619985881419e-06]",0.576335397784056,COMPLETE,3,1,2L2A_COUPLED_FREEC,legacy_price_return_abs_time
81,3.8262329848304575e-06,0.16641955914459206,2.9141308975432376,-0.4982084453017763,36.73634015246469,0.026938848890940968,0.16641955914459206,2.9141308975432376,-0.4982084453017763,36.73634015246469,0.026938848890940968,10.0,"[4.741600804732617e-06, 3.5237144563536847e-06, 3.2133836934050707e-06]",0.5702755815248944,COMPLETE,3,1,2L2A_COUPLED_FREEC,legacy_price_return_abs_time
82,3.829932471590012e-06,0.15180304908406722,23.167630209258803,-0.6302488076183566,56.458928377916756,0.026472153097077115,0.15180304908406722,23.167630209258803,-0.6302488076183566,56.458928377916756,0.026472153097077115,10.0,"[4.742371181296369e-06, 3.53434466837373e-06, 3.2130815650999377e-06]",0.5697944121313431,COMPLETE,3,1,2L2A_COUPLED_FREEC,legacy_price_return_abs_time
109,3.853174867461053e-06,0.971434433278337,16.7174282234942,0.11947095225502324,22.02935142149881,0.03130814255488403,0.971434433278337,16.7174282234942,0.11947095225502324,22.02935142149881,0.03130814255488403,10.0,"[4.740830726164456e-06, 3.6068977180201544e-06, 3.211796158198547e-06]",0.5667077450140109,COMPLETE,3,1,2L2A_COUPLED_FREEC,legacy_price_return_abs_time
10,3.867221747681225e-06,0.01722257668057286,5.624521678540773,1.2604033352822954,66.73106901506672,0.7253448546532555,0.01722257668057286,5.624521678540773,1.2604033352822954,66.73106901506672,0.7253448546532555,0.33333334,"[4.395183213607914e-06, 3.2921796406239654e-06, 3.9143023888117935e-06]",0.5663046702357448,COMPLETE,3,1,2L2A_COUPLED_FREEC,legacy_price_return_abs_time
63,3.871927957355715e-06,0.011139622232115419,0.05536769764269821,1.1681789247167467,39.51030279654934,0.7269884193970866,0.011139622232115419,0.05536769764269821,1.1681789247167467,39.51030279654934,0.7269884193970866,0.33333334,"[4.3976567503671814e-06, 3.2908754776352565e-06, 3.927251644064704e-06]",0.5658060529745502,COMPLETE,3,1,2L2A_COUPLED_FREEC,legacy_price_return_abs_time
137,3.872860909230378e-06,0.2294643469185607,11.302591261314195,-0.2710087076797763,51.898653777801094,0.029126573157133892,0.2294643469185607,11.302591261314195,-0.2710087076797763,51.898653777801094,0.029126573157133892,37.0,"[4.723003752736983e-06, 3.685599996912841e-06, 3.20997897804131e-06]",0.563911557304347,COMPLETE,3,1,2L2A_COUPLED_FREEC,legacy_price_return_abs_time
12,3.878051617048593e-06,0.019112291317263785,0.03321081942468619,-0.017983514777973664,37.88913658296117,0.026596445957944855,0.019112291317263785,0.03321081942468619,-0.017983514777973664,37.88913658296117,0.026596445957944855,37.0,"[4.6541424312990834e-06, 3.7747239086728787e-06, 3.205288511173816e-06]",0.5624581133058785,COMPLETE,3,1,2L2A_COUPLED_FREEC,legacy_price_return_abs_time
92,3.959236059764414e-06,1.6021970243164452,15.683943800765508,0.24692556161001133,18.836442083318357,0.01769836198293435,1.6021970243164452,15.683943800765508,0.24692556161001133,18.836442083318357,0.01769836198293435,34.0,"[4.724433408230284e-06, 3.977748924656415e-06, 3.1755258464065405e-06]",0.5522999886134822,COMPLETE,3,1,2L2A_COUPLED_FREEC,legacy_price_return_abs_time
111,3.97748195158862e-06,0.9594816771945895,23.301536671154583,0.01763941338389996,14.142348692075206,0.020348462842391665,0.9594816771945895,23.301536671154583,0.01763941338389996,14.142348692075206,0.020348462842391665,34.0,"[4.752053989914565e-06, 4.008246648113949e-06, 3.172145216737347e-06]",0.5501674812092838,COMPLETE,3,1,2L2A_COUPLED_FREEC,legacy_price_return_abs_time
99,4.08736847382745e-06,2.2222813977845814,0.010469077921335638,-0.8540264297710884,15.88882902134491,0.03345975738812215,2.2222813977845814,0.010469077921335638,-0.8540264297710884,15.88882902134491,0.03345975738812215,0.00033367000000000005,"[4.738961123327861e-06, 4.4219785803223435e-06, 3.1011657178321473e-06]",0.535037359927555,COMPLETE,3,1,2L2A_COUPLED_FREEC,legacy_price_return_abs_time
4,4.087525822267222e-06,9.618128809045874,12.24100837701679,-0.27322666386713745,13.099608728553072,1.0822022038866275,9.618128809045874,12.24100837701679,-0.27322666386713745,13.099608728553072,1.0822022038866275,1.0000000000000002e-08,"[4.548541898756527e-06, 3.541090308904069e-06, 4.172945259141069e-06]",0.5408228064447996,COMPLETE,3,1,2L2A_COUPLED_FREEC,legacy_price_return_abs_time
142,4.4492399733145454e-06,0.32196969238674894,7.550392197023706,0.9630717713538999,46.03241867608588,1.479611281977312,0.32196969238674894,7.550392197023706,0.9630717713538999,46.03241867608588,1.479611281977312,1.0000000000000002e-08,"[4.898003481317823e-06, 4.001917199035764e-06, 4.447799239590047e-06]",0.49893186090226666,COMPLETE,3,1,2L2A_COUPLED_FREEC,legacy_price_return_abs_time
140,4.597964206778541e-06,0.011465586407182406,10.79451095611568,-1.7772632513351192,43.86157417727871,1.647136071556494,0.011465586407182406,10.79451095611568,-1.7772632513351192,43.86157417727871,1.647136071556494,0.33333334000000003,"[5.092568958393944e-06, 4.168851603261078e-06, 4.5324720586806014e-06]",0.4820439549847708,COMPLETE,3,1,2L2A_COUPLED_FREEC,legacy_price_return_abs_time
13,4.782982501482036e-06,0.15520815882835134,25.4854039472856,-0.3626329827888277,24.224527520314084,2.130376074735646,0.15520815882835134,25.4854039472856,-0.3626329827888277,24.224527520314084,2.130376074735646,0.66667,"[5.373298842492902e-06, 4.3911943794309895e-06, 4.584454282522217e-06]",0.4610577129226345,COMPLETE,3,1,2L2A_COUPLED_FREEC,legacy_price_return_abs_time
61,4.783511989155842e-06,0.01239358348875069,28.594744710920093,1.222430593539097,39.74698386753124,2.0983482510734324,0.01239358348875069,28.594744710920093,1.222430593539097,39.74698386753124,2.0983482510734324,0.66667,"[5.374438753966451e-06, 4.3923870176484125e-06, 4.5837101958526645e-06]",0.46099471752511406,COMPLETE,3,1,2L2A_COUPLED_FREEC,legacy_price_return_abs_time
11,5.6668600248548804e-06,0.5068554732848956,0.015820397997836674,-1.391471995814269,26.120033130502932,5.831182234807781,0.5068554732848956,0.015820397997836674,-1.391471995814269,26.120033130502932,5.831182234807781,1.0000000000000002e-08,"[6.987249979378232e-06, 5.245078459925292e-06, 4.768251635261117e-06]",0.3632436242685582,COMPLETE,3,1,2L2A_COUPLED_FREEC,legacy_price_return_abs_time
108,5.921751442537334e-06,16.781738203922142,22.917071853416093,-1.0162445868460646,14.204489661801814,7.924882854947605,16.781738203922142,22.917071853416093,-1.0162445868460646,14.204489661801814,7.924882854947605,1.0000000000000002e-08,"[7.237452914270016e-06, 5.54792125768062e-06, 4.979880155661363e-06]",0.3338974836214382,COMPLETE,3,1,2L2A_COUPLED_FREEC,legacy_price_return_abs_time
48,7.766268911660407e-06,0.45832349845964243,2.372399465672947,-1.9879474065424358,50.33050390596578,24.681677709904797,0.45832349845964243,2.372399465672947,-1.9879474065424358,50.33050390596578,24.681677709904797,66.66666667,"[8.8052479686137e-06, 7.307255222896379e-06, 7.1863035434711426e-06]",0.12387868020810444,COMPLETE,3,1,2L2A_COUPLED_FREEC,legacy_price_return_abs_time
2,7.766275955944885e-06,0.6308985543556697,0.08905068458693058,1.6515842566249082,75.07293618913535,29.75970174986905,0.6308985543556697,0.08905068458693058,1.6515842566249082,75.07293618913535,29.75970174986905,66.66666667,"[8.805247971775446e-06, 7.307255223966518e-06, 7.186324672092694e-06]",0.12387790713284923,COMPLETE,3,1,2L2A_COUPLED_FREEC,legacy_price_return_abs_time
63,5.179102421376151e-06,0.1731171178416652,0.010434928329321523,1.9658030277725145,24.745309789868198,0.024765578505200104,0.1731171178416652,0.010434928329321523,1.9658030277725145,24.745309789868198,0.024765578505200104,66.66666667,"[5.726453918799782e-06, 4.688511808400259e-06, 5.122341536928409e-06]",0.41334588437182945,COMPLETE,3,3,2L2A_COUPLED_FREEC,legacy_price_return_abs_time
123,5.182750633791406e-06,0.05193757753893208,0.02434709844200258,1.4962795497564463,14.95351243015005,0.025659547630067635,0.05193757753893208,0.02434709844200258,1.4962795497564463,14.95351243015005,0.025659547630067635,66.666667,"[5.7511805216838496e-06, 4.694308199573877e-06, 5.102763180116492e-06]",0.4129795906345565,COMPLETE,3,3,2L2A_COUPLED_FREEC,legacy_price_return_abs_time
67,5.184741615543091e-06,0.13814881418607167,0.024814475078396982,1.9778678704968202,24.362046574898883,0.026007535241659736,0.13814881418607167,0.024814475078396982,1.9778678704968202,24.362046574898883,0.026007535241659736,66.666667,"[5.749132992121264e-06, 4.686694061519146e-06, 5.1183977929888614e-06]",0.4128159073986433,COMPLETE,3,3,2L2A_COUPLED_FREEC,legacy_price_return_abs_time
122,5.185903884607279e-06,0.5394552797552591,0.013519169659806783,1.656481580033937,15.235130541849188,0.010007631198837066,0.5394552797552591,0.013519169659806783,1.656481580033937,15.235130541849188,0.010007631198837066,66.66666667,"[5.709193791725432e-06, 4.684222153945813e-06, 5.1642957081505905e-06]",0.4125791247655344,COMPLETE,3,3,2L2A_COUPLED_FREEC,legacy_price_return_abs_time
1,5.186239313437758e-06,1.3700487588580177,1.3163595988963797,-1.3122550492197664,11.986627566555123,0.019527490913859358,1.3700487588580177,1.3163595988963797,-1.3122550492197664,11.986627566555123,0.019527490913859358,66.666667,"[5.7680619805006825e-06, 4.7030942646072534e-06, 5.087561695205339e-06]",0.4125813888419037,COMPLETE,3,3,2L2A_COUPLED_FREEC,legacy_price_return_abs_time
60,5.187418261756633e-06,0.16719491961088181,0.01007863091251044,1.9149952044890737,28.849766699219852,0.0256111366942384,0.16719491961088181,0.01007863091251044,1.9149952044890737,28.849766699219852,0.0256111366942384,66.666667,"[5.769478299896327e-06, 4.707670376263252e-06, 5.085106109110323e-06]",0.41242004248217884,COMPLETE,3,3,2L2A_COUPLED_FREEC,legacy_price_return_abs_time
28,5.188353346007341e-06,0.32998532835552274,0.029096977104242958,1.5935384762550453,38.06075644366541,0.13102410255696784,0.32998532835552274,0.029096977104242958,1.5935384762550453,38.06075644366541,0.13102410255696784,66.666667,"[5.749153956032883e-06, 4.679290812912245e-06, 5.136615269076895e-06]",0.4124796167937608,COMPLETE,3,3,2L2A_COUPLED_FREEC,legacy_price_return_abs_time
81,5.19297669602928e-06,0.08633413779000014,0.014563198314803802,1.5599579984282834,12.106518814572633,0.010274465003401363,0.08633413779000014,0.014563198314803802,1.5599579984282834,12.106518814572633,0.010274465003401363,66.66666667,"[5.744591972147112e-06, 4.666641545514881e-06, 5.1676965704258455e-06]",0.41205974960811925,COMPLETE,3,3,2L2A_COUPLED_FREEC,legacy_price_return_abs_time
145,5.1935923155939385e-06,3.6299669279561924,0.026461176085315313,1.3950448272994773,13.519037120111697,0.028670795794697283,3.6299669279561924,0.026461176085315313,1.3950448272994773,13.519037120111697,0.028670795794697283,66.66666667,"[5.715065183488082e-06, 4.7060547946459285e-06, 5.159656968647808e-06]",0.4115803281024275,COMPLETE,3,3,2L2A_COUPLED_FREEC,legacy_price_return_abs_time
130,5.195130233567399e-06,0.8924885807907321,0.018187848458249695,1.4071420291049306,13.844057750877402,0.019394572732792055,0.8924885807907321,0.018187848458249695,1.4071420291049306,13.844057750877402,0.019394572732792055,66.66666667,"[5.738367410954359e-06, 4.712067100811973e-06, 5.134956188935863e-06]",0.4114389467174821,COMPLETE,3,3,2L2A_COUPLED_FREEC,legacy_price_return_abs_time
134,5.196124102278918e-06,0.9548997478613532,0.031344807101866164,1.425488224033707,14.65473057002629,0.01905024288470689,0.9548997478613532,0.031344807101866164,1.425488224033707,14.65473057002629,0.01905024288470689,66.66666667,"[5.754783964435461e-06, 4.71284339474427e-06, 5.120744947657023e-06]",0.41137693301076306,COMPLETE,3,3,2L2A_COUPLED_FREEC,legacy_price_return_abs_time
132,5.196968271562568e-06,2.035877440029867,0.0205982483584619,1.4447727276227404,13.912922499164026,0.01237519194074048,2.035877440029867,0.0205982483584619,1.4447727276227404,13.912922499164026,0.01237519194074048,66.66666667,"[5.736934656244384e-06, 4.713920164971797e-06, 5.1400499934715215e-06]",0.4112180134219081,COMPLETE,3,3,2L2A_COUPLED_FREEC,legacy_price_return_abs_time
87,5.197056743161898e-06,0.06981643521069521,0.014030782311127305,-1.6925624820003569,20.3155609380223,0.010248048704274851,0.06981643521069521,0.014030782311127305,-1.6925624820003569,20.3155609380223,0.010248048704274851,66.666667,"[5.777054465408e-06, 4.71317712213757e-06, 5.100938641940124e-06]",0.4113441275128267,COMPLETE,3,3,2L2A_COUPLED_FREEC,legacy_price_return_abs_time
144,5.1983099549799334e-06,3.9481328012253356,0.02689659537881756,1.40624158274092,14.36033201466061,0.025489611693848217,3.9481328012253356,0.02689659537881756,1.40624158274092,14.36033201466061,0.025489611693848217,66.66666667,"[5.734128536384781e-06, 4.715091008337342e-06, 5.145710320217676e-06]",0.4110525047819203,COMPLETE,3,3,2L2A_COUPLED_FREEC,legacy_price_return_abs_time
77,5.199193806549698e-06,0.016850745537943138,0.019609277926828095,1.7191987450296815,20.841669068504142,0.01883497119985753,0.016850745537943138,0.019609277926828095,1.7191987450296815,20.841669068504142,0.01883497119985753,66.666667,"[5.8039726045698405e-06, 4.709198043944463e-06, 5.08441077113479e-06]",0.4112289996429017,COMPLETE,3,3,2L2A_COUPLED_FREEC,legacy_price_return_abs_time
127,5.199423770148044e-06,0.940378374616525,0.02507232234598033,1.5051051761041203,15.71680054740188,0.01029481870116768,0.940378374616525,0.02507232234598033,1.5051051761041203,15.71680054740188,0.01029481870116768,66.66666667,"[5.765970416750182e-06, 4.71538860903766e-06, 5.11691228465629e-06]",0.4110311123448547,COMPLETE,3,3,2L2A_COUPLED_FREEC,legacy_price_return_abs_time
108,5.199720741410959e-06,0.02939139219046728,0.026667200576592658,1.400071110593589,20.044716210082488,0.05756816854201366,0.02939139219046728,0.026667200576592658,1.400071110593589,20.044716210082488,0.05756816854201366,66.666667,"[5.811742831713533e-06, 4.710877464552729e-06, 5.076541927966617e-06]",0.41118292151541375,COMPLETE,3,3,2L2A_COUPLED_FREEC,legacy_price_return_abs_time
26,5.201473452854575e-06,0.45445529983942623,0.21978516977212062,1.5556269124548932,41.304721994203724,0.12046783862868571,0.45445529983942623,0.21978516977212062,1.5556269124548932,41.304721994203724,0.12046783862868571,66.666667,"[5.796968730236719e-06, 4.699595585485347e-06, 5.107856042841657e-06]",0.4110336041396421,COMPLETE,3,3,2L2A_COUPLED_FREEC,legacy_price_return_abs_time
115,5.203467345215597e-06,0.03182963320605657,0.05917113072570016,1.5515666357214206,17.591150612306745,0.04316883819854112,0.03182963320605657,0.05917113072570016,1.5515666357214206,17.591150612306745,0.04316883819854112,66.666667,"[5.7978111762977716e-06, 4.7001031993147485e-06, 5.1124876600342696e-06]",0.4108137560032086,COMPLETE,3,3,2L2A_COUPLED_FREEC,legacy_price_return_abs_time
70,5.203769318476242e-06,0.03386138220777095,0.012915430663330438,1.649458039379118,13.333465615219097,0.011905627357938918,0.03386138220777095,0.012915430663330438,1.649458039379118,13.333465615219097,0.011905627357938918,66.66666667,"[5.777710581291005e-06, 4.669264247456479e-06, 5.164333126681241e-06]",0.41096317686471867,COMPLETE,3,3,2L2A_COUPLED_FREEC,legacy_price_return_abs_time
83,5.2038035865187926e-06,0.02882115351555888,0.03704570282151197,1.5905628648399195,20.11979797163415,0.056933135353384,0.02882115351555888,0.03704570282151197,1.5905628648399195,20.11979797163415,0.056933135353384,66.666667,"[5.798082995806836e-06, 4.698095978978567e-06, 5.115231784770973e-06]",0.41079390228422535,COMPLETE,3,3,2L2A_COUPLED_FREEC,legacy_price_return_abs_time
74,5.204208190725837e-06,0.010260058890539422,0.029732280081277866,1.4774412058133923,13.351418144815593,0.01746233617271365,0.010260058890539422,0.029732280081277866,1.4774412058133923,13.351418144815593,0.01746233617271365,66.666667,"[5.797992858780076e-06, 4.699314933133357e-06, 5.11531678026408e-06]",0.41073948680641675,COMPLETE,3,3,2L2A_COUPLED_FREEC,legacy_price_return_abs_time
117,5.205265332800645e-06,0.016770825956830306,0.013237300220882747,1.637813995052929,18.02292709847309,0.04525839077581359,0.016770825956830306,0.013237300220882747,1.637813995052929,18.02292709847309,0.04525839077581359,66.666667,"[5.796717523139324e-06, 4.68883506600367e-06, 5.130243409258941e-06]",0.4107036422981614,COMPLETE,3,3,2L2A_COUPLED_FREEC,legacy_price_return_abs_time
66,5.205361307715076e-06,0.04387765498767209,0.14145332893658,1.9742650337340248,29.521140437556685,0.028358391321672193,0.04387765498767209,0.14145332893658,1.9742650337340248,29.521140437556685,0.028358391321672193,66.666667,"[5.8168321155251076e-06, 4.7132990751635176e-06, 5.085952732456604e-06]",0.4105618340070891,COMPLETE,3,3,2L2A_COUPLED_FREEC,legacy_price_return_abs_time
59,5.206030366764077e-06,0.17366994170758923,2.199378004688125,1.9995010297243976,29.37927837496719,0.026070299329394097,0.17366994170758923,2.199378004688125,1.9995010297243976,29.37927837496719,0.026070299329394097,66.666667,"[5.815177213425541e-06, 4.713573198611307e-06, 5.0893406882553854e-06]",0.41048095898672293,COMPLETE,3,3,2L2A_COUPLED_FREEC,legacy_price_return_abs_time
140,5.206812278660279e-06,1.784061145932764,0.03090250075883753,1.3072483126836052,12.330900135547004,0.014767977855585255,1.784061145932764,0.03090250075883753,1.3072483126836052,12.330900135547004,0.014767977855585255,66.66666667,"[5.767646611072366e-06, 4.723204441955836e-06, 5.129585782952636e-06]",0.4101641280567974,COMPLETE,3,3,2L2A_COUPLED_FREEC,legacy_price_return_abs_time
120,5.2091602629655905e-06,0.03915026374684954,0.013800422160232514,1.660113747755691,15.05222736988018,0.03882168378749733,0.03915026374684954,0.013800422160232514,1.660113747755691,15.05222736988018,0.03882168378749733,66.66666667,"[5.788247926699841e-06, 4.66678003112963e-06, 5.172452831067299e-06]",0.41042645878406264,COMPLETE,3,3,2L2A_COUPLED_FREEC,legacy_price_return_abs_time
72,5.210137274761171e-06,0.03662121786802335,0.054515848222377976,1.4394794599528933,15.540798463912035,0.012385820252177049,0.03662121786802335,0.054515848222377976,1.4394794599528933,15.540798463912035,0.012385820252177049,66.666667,"[5.84845340956228e-06, 4.716194844009507e-06, 5.065763570711724e-06]",0.4101175552957595,COMPLETE,3,3,2L2A_COUPLED_FREEC,legacy_price_return_abs_time
131,5.211095208572909e-06,2.4177095493870433,0.01020310788088656,1.2796385574753715,11.622751211193968,0.012497735751503609,2.4177095493870433,0.01020310788088656,1.2796385574753715,11.622751211193968,0.012497735751503609,66.66666667,"[5.766320162789994e-06, 4.7281401334369516e-06, 5.1388253294917786e-06]",0.4096508701495636,COMPLETE,3,3,2L2A_COUPLED_FREEC,legacy_price_return_abs_time
116,5.211256538349753e-06,0.031490918672504975,0.05301007547613327,1.5832997600465095,27.244696891092396,0.09712743914218375,0.031490918672504975,0.05301007547613327,1.5832997600465095,27.244696891092396,0.09712743914218375,66.666667,"[5.810654380616537e-06, 4.6973963466206975e-06, 5.125718887812022e-06]",0.41002347705994097,COMPLETE,3,3,2L2A_COUPLED_FREEC,legacy_price_return_abs_time
118,5.2138469028291055e-06,0.03989729460559147,0.012749667946878028,1.8034890310228282,18.323437092421532,0.04647136510571164,0.03989729460559147,0.012749667946878028,1.8034890310228282,18.323437092421532,0.04647136510571164,66.666667,"[5.799986433298259e-06, 4.66702556052239e-06, 5.17452871466667e-06]",0.4099488953979402,COMPLETE,3,3,2L2A_COUPLED_FREEC,legacy_price_return_abs_time
27,5.214015230149384e-06,0.37496509020180746,0.20692686352708153,1.5584969314939254,40.23559782872173,0.13711372463406707,0.37496509020180746,0.20692686352708153,1.5584969314939254,40.23559782872173,0.13711372463406707,66.666667,"[5.816368570470318e-06, 4.690656992863015e-06, 5.13502012711482e-06]",0.40979376232772974,COMPLETE,3,3,2L2A_COUPLED_FREEC,legacy_price_return_abs_time
97,5.214220340452042e-06,0.2028850422782574,0.014572149761337345,1.7511297412818385,25.37167096490006,0.01580528243160104,0.2028850422782574,0.014572149761337345,1.7511297412818385,25.37167096490006,0.01580528243160104,66.666667,"[5.8510141238593895e-06, 4.720286828874197e-06, 5.071360068622539e-06]",0.4096455529040832,COMPLETE,3,3,2L2A_COUPLED_FREEC,legacy_price_return_abs_time
129,5.216109518512692e-06,0.9725349464604301,0.01664387198262405,1.4557988470414527,16.057282453742932,0.012814458372779006,0.9725349464604301,0.01664387198262405,1.4557988470414527,16.057282453742932,0.012814458372779006,66.666667,"[5.807530748565554e-06, 4.726819905541342e-06, 5.11397790143118e-06]",0.4092453524778313,COMPLETE,3,3,2L2A_COUPLED_FREEC,legacy_price_return_abs_time
90,5.2182909843558334e-06,0.06643968143819051,0.023420809742416872,-1.7028092986389554,34.76610690306072,0.022184303565030046,0.06643968143819051,0.023420809742416872,-1.7028092986389554,34.76610690306072,0.022184303565030046,36.666667,"[6.006497225212157e-06, 4.626186634434553e-06, 5.0221890934207925e-06]",0.4104580904287209,COMPLETE,3,3,2L2A_COUPLED_FREEC,legacy_price_return_abs_time
37,5.218553364799609e-06,1.5336523283712586,0.8789635826113266,1.2430357716575613,53.97952297896167,0.07760224517656454,1.5336523283712586,0.8789635826113266,1.2430357716575613,53.97952297896167,0.07760224517656454,36.666667,"[5.987986906835003e-06, 4.653700165040685e-06, 5.01397302252314e-06]",0.41014855982763443,COMPLETE,3,3,2L2A_COUPLED_FREEC,legacy_price_return_abs_time
107,5.219170690749078e-06,0.021790155205067108,0.03380938607032765,1.382271575209766,22.978004734398127,0.02643382340461012,0.021790155205067108,0.03380938607032765,1.382271575209766,22.978004734398127,0.02643382340461012,36.666667,"[5.981994070562145e-06, 4.655675192595896e-06, 5.019842809089194e-06]",0.4100456602348941,COMPLETE,3,3,2L2A_COUPLED_FREEC,legacy_price_return_abs_time
106,5.219769703226204e-06,0.021767347950045524,0.03603711338789936,1.3947439921453002,23.057510569857325,0.05937849571719469,0.021767347950045524,0.03603711338789936,1.3947439921453002,23.057510569857325,0.05937849571719469,66.666667,"[5.877268673017806e-06, 4.7192757839874725e-06, 5.062764652673333e-06]",0.4091305158013547,COMPLETE,3,3,2L2A_COUPLED_FREEC,legacy_price_return_abs_time
147,5.223162592000452e-06,1.3347205809415779,0.026032929867497175,1.4396182345271564,16.993177878335537,0.018604684918130557,1.3347205809415779,0.026032929867497175,1.4396182345271564,16.993177878335537,0.018604684918130557,66.666667,"[5.830778504569498e-06, 4.729884758296416e-06, 5.108824513135445e-06]",0.4085230806526388,COMPLETE,3,3,2L2A_COUPLED_FREEC,legacy_price_return_abs_time
5,5.224046363438613e-06,0.34558409842313403,2.546767778529712,1.8529704934554316,34.79333865712324,0.013889207236239579,0.34558409842313403,2.546767778529712,1.8529704934554316,34.79333865712324,0.013889207236239579,36.666667,"[5.972353249465567e-06, 4.677897266059349e-06, 5.021888574790924e-06]",0.40930176805115076,COMPLETE,3,3,2L2A_COUPLED_FREEC,legacy_price_return_abs_time
56,5.224091795972562e-06,0.6873511401947534,3.5706044410824354,1.788490346536594,32.62388442621449,0.014693555456978221,0.6873511401947534,3.5706044410824354,1.788490346536594,32.62388442621449,0.014693555456978221,36.666667,"[5.9727803521658996e-06, 4.677146977335708e-06, 5.022348058416076e-06]",0.409304194734106,COMPLETE,3,3,2L2A_COUPLED_FREEC,legacy_price_return_abs_time
105,5.224636727964232e-06,0.026327663040567505,0.026937777866791284,1.6400274067220617,31.28189804762794,0.05462807313024005,0.026327663040567505,0.026937777866791284,1.6400274067220617,31.28189804762794,0.05462807313024005,66.66667,"[5.894888177492405e-06, 4.7205062368493895e-06, 5.058515769550902e-06]",0.40864431168649445,COMPLETE,3,3,2L2A_COUPLED_FREEC,legacy_price_return_abs_time
54,5.2258986160002375e-06,0.6122798299650213,2.9353307115877687,1.793145867155658,32.48633909890463,0.015017804063418442,0.6122798299650213,2.9353307115877687,1.793145867155658,32.48633909890463,0.015017804063418442,36.66667,"[5.971975558884184e-06, 4.681427168340007e-06, 5.024293120776523e-06]",0.40906923050682914,COMPLETE,3,3,2L2A_COUPLED_FREEC,legacy_price_return_abs_time
114,5.226109645743868e-06,0.014147725293436034,1.1654760538287061,1.5703385647958394,21.876498661184783,0.028742068616453523,0.014147725293436034,1.1654760538287061,1.5703385647958394,21.876498661184783,0.028742068616453523,66.66667,"[5.894264477137093e-06, 4.72274802411441e-06, 5.061316435980102e-06]",0.40846288777684453,COMPLETE,3,3,2L2A_COUPLED_FREEC,legacy_price_return_abs_time
101,5.2263314604699005e-06,0.19813365049726284,0.01112143470633163,1.740698239473014,31.471385760066216,0.035433691781978194,0.19813365049726284,0.01112143470633163,1.740698239473014,31.471385760066216,0.035433691781978194,33.333337,"[5.8916622955490925e-06, 4.718930213842843e-06, 5.068401872017766e-06]",0.40846080687795894,COMPLETE,3,3,2L2A_COUPLED_FREEC,legacy_price_return_abs_time
68,5.226391137671063e-06,0.1164111589716461,5.9044373990228705,1.6270664769478371,29.508798710527245,0.024377617059616656,0.1164111589716461,5.9044373990228705,1.6270664769478371,29.508798710527245,0.024377617059616656,36.66667,"[5.970398816826675e-06, 4.684707582219709e-06, 5.024067013966803e-06]",0.40898382056339583,COMPLETE,3,3,2L2A_COUPLED_FREEC,legacy_price_return_abs_time
139,5.2266024232602255e-06,1.5285893057580762,0.032225537612000824,1.8166302989208598,14.100792509512235,0.014916305440199541,1.5285893057580762,0.032225537612000824,1.8166302989208598,14.100792509512235,0.014916305440199541,66.66666667,"[5.777310821753375e-06, 4.632211495508009e-06, 5.27028495251929e-06]",0.4087571779975258,COMPLETE,3,3,2L2A_COUPLED_FREEC,legacy_price_return_abs_time
55,5.226825030860954e-06,0.2638361727787607,3.6515945359293176,1.8085154992716177,32.70192460982425,0.014522368592352399,0.2638361727787607,3.6515945359293176,1.8085154992716177,32.70192460982425,0.014522368592352399,36.66667,"[5.970476766366358e-06, 4.685166460704059e-06, 5.0248318655124435e-06]",0.40893284113485917,COMPLETE,3,3,2L2A_COUPLED_FREEC,legacy_price_return_abs_time
148,5.2273264149355795e-06,6.515438590615517,0.04010118415613175,1.4348309618071782,16.817828377633454,0.018558813646878992,6.515438590615517,0.04010118415613175,1.4348309618071782,16.817828377633454,0.018558813646878992,66.666667,"[5.828103022203079e-06, 4.7347039297282416e-06, 5.119172292875419e-06]",0.4080194443800112,COMPLETE,3,3,2L2A_COUPLED_FREEC,legacy_price_return_abs_time
146,5.227610088252672e-06,0.7641002105675037,0.02599875626966249,1.4046475067390012,16.869285621612107,0.019011663064850713,0.7641002105675037,0.02599875626966249,1.4046475067390012,16.869285621612107,0.019011663064850713,33.333337,"[5.859687717653935e-06, 4.725352982561629e-06, 5.0977895645424505e-06]",0.4081656460292429,COMPLETE,3,3,2L2A_COUPLED_FREEC,legacy_price_return_abs_time
124,5.2285522714319025e-06,0.029758566097991945,0.024505904812959306,1.517573812203545,21.720135810645143,0.010237267581101031,0.029758566097991945,0.024505904812959306,1.517573812203545,21.720135810645143,0.010237267581101031,36.66667,"[5.9830768853354516e-06, 4.670994747883107e-06, 5.031585181077149e-06]",0.40889810801077653,COMPLETE,3,3,2L2A_COUPLED_FREEC,legacy_price_return_abs_time
91,5.228822468405143e-06,0.08636440567129448,0.024428310838213466,-1.6328915461424212,24.288704119661666,0.021327536830603476,0.08636440567129448,0.024428310838213466,-1.6328915461424212,24.288704119661666,0.021327536830603476,66.666667,"[5.9062219907895396e-06, 4.723132457463186e-06, 5.057112956962704e-06]",0.4082012178423266,COMPLETE,3,3,2L2A_COUPLED_FREEC,legacy_price_return_abs_time
104,5.229373109815396e-06,0.024269511114649454,0.036128071905427085,1.3683454797402919,22.718799706737936,0.03461686661718721,0.024269511114649454,0.036128071905427085,1.3683454797402919,22.718799706737936,0.03461686661718721,36.66667,"[5.976401462857384e-06, 4.681341049243064e-06, 5.030376817345739e-06]",0.40870349529458966,COMPLETE,3,3,2L2A_COUPLED_FREEC,legacy_price_return_abs_time
88,5.2295187455520455e-06,0.06126985813859632,0.013111475494824693,1.2160057608899644,15.111231938300328,0.010178631589536868,0.06126985813859632,0.013111475494824693,1.2160057608899644,15.111231938300328,0.010178631589536868,66.666667,"[6.024740684824488e-06, 4.618202867115162e-06, 5.045612684716485e-06]",0.40935083680097367,COMPLETE,3,3,2L2A_COUPLED_FREEC,legacy_price_return_abs_time
100,5.231368588789758e-06,0.03266825519222405,0.042034150706370156,1.729705897283572,36.90228479094218,0.016778318851784137,0.03266825519222405,0.042034150706370156,1.729705897283572,36.90228479094218,0.016778318851784137,36.666667,"[6.004365662082079e-06, 4.6930922656851e-06, 4.9966478386020946e-06]",0.4084809900625756,COMPLETE,3,3,2L2A_COUPLED_FREEC,legacy_price_return_abs_time
138,5.232276441161825e-06,1.4779385000240743,0.03181070383889652,1.3119421284501505,14.012096737470566,0.01422873645981811,1.4779385000240743,0.03181070383889652,1.3119421284501505,14.012096737470566,0.01422873645981811,33.333337,"[5.852922468011801e-06, 4.73345521774369e-06, 5.110451637729984e-06]",0.407567348598677,COMPLETE,3,3,2L2A_COUPLED_FREEC,legacy_price_return_abs_time
64,5.232386568687518e-06,0.15807352998215832,0.02134361819728681,1.978562623298619,42.59597961057913,0.02461706659978422,0.15807352998215832,0.02134361819728681,1.978562623298619,42.59597961057913,0.02461706659978422,36.66667,"[6.00372671684209e-06, 4.654456626890474e-06, 5.03897636232999e-06]",0.40867752321240003,COMPLETE,3,3,2L2A_COUPLED_FREEC,legacy_price_return_abs_time
61,5.2334798282296375e-06,0.1570595598056741,0.010979612621072695,1.9342876279434709,43.05707621507359,0.04040209941776424,0.1570595598056741,0.010979612621072695,1.9342876279434709,43.05707621507359,0.04040209941776424,33.33334,"[5.940264851547695e-06, 4.704642384424169e-06, 5.055532248717046e-06]",0.40794945324403037,COMPLETE,3,3,2L2A_COUPLED_FREEC,legacy_price_return_abs_time
89,5.234915442393014e-06,0.05928680875597948,0.022820990347530903,-1.6135879878649,24.169166629024286,0.020941755525058416,0.05928680875597948,0.022820990347530903,-1.6135879878649,24.169166629024286,0.020941755525058416,33.33334,"[5.932091058189154e-06, 4.722919234707047e-06, 5.049736034282846e-06]",0.40761895712071067,COMPLETE,3,3,2L2A_COUPLED_FREEC,legacy_price_return_abs_time
73,5.235214746483833e-06,0.045668646516098976,0.05602945068566221,1.8496576085567296,16.37117395555459,0.018379682348327566,0.045668646516098976,0.05602945068566221,1.8496576085567296,16.37117395555459,0.018379682348327566,66.666667,"[5.849028270992683e-06, 4.673680812304433e-06, 5.1829351561543845e-06]",0.4077126045056709,COMPLETE,3,3,2L2A_COUPLED_FREEC,legacy_price_return_abs_time
62,5.23617414641465e-06,0.07709742700883487,0.010623784900675092,1.9532194167144428,43.62408570461638,0.03943116973459042,0.07709742700883487,0.010623784900675092,1.9532194167144428,43.62408570461638,0.03943116973459042,33.33334,"[5.951422718973226e-06, 4.709557581660163e-06, 5.04754213861056e-06]",0.40765085145300023,COMPLETE,3,3,2L2A_COUPLED_FREEC,legacy_price_return_abs_time
33,5.236229268078129e-06,0.06222235214677503,0.016746808985440995,0.8869370943892104,10.766159665108779,0.04967978550333284,0.06222235214677503,0.016746808985440995,0.8869370943892104,10.766159665108779,0.04967978550333284,33.33334,"[5.955404472175876e-06, 4.6930047978478e-06, 5.060278534210712e-06]",0.4077905785782494,COMPLETE,3,3,2L2A_COUPLED_FREEC,legacy_price_return_abs_time
35,5.237844089412214e-06,0.48134546584395976,0.015395237263914695,0.9295216681833891,40.44621095637015,0.10438440580293695,0.48134546584395976,0.015395237263914695,0.9295216681833891,40.44621095637015,0.10438440580293695,33.33334,"[5.93570096525745e-06, 4.6912483598172655e-06, 5.086582943161925e-06]",0.40756395071517915,COMPLETE,3,3,2L2A_COUPLED_FREEC,legacy_price_return_abs_time
92,5.238450106796836e-06,0.09534739200241485,0.021640808687734086,-1.8632812982153009,34.71028784107454,0.02104464371837647,0.09534739200241485,0.021640808687734086,-1.8632812982153009,34.71028784107454,0.02104464371837647,33.33334,"[5.992569592475718e-06, 4.675947190914002e-06, 5.04683353700079e-06]",0.40780442437671854,COMPLETE,3,3,2L2A_COUPLED_FREEC,legacy_price_return_abs_time
111,5.239405322965159e-06,0.14627889649990672,0.019995948757235316,-0.08546547876616395,19.616775726517957,0.12283006945259416,0.14627889649990672,0.019995948757235316,-0.08546547876616395,19.616775726517957,0.12283006945259416,33.33334,"[5.958220642715712e-06, 4.685144528338118e-06, 5.074850797841649e-06]",0.40751474653161734,COMPLETE,3,3,2L2A_COUPLED_FREEC,legacy_price_return_abs_time
110,5.239787324701059e-06,0.136597795177841,0.019353203612241777,1.8889640041415348,18.81926261521177,0.0834094999825652,0.136597795177841,0.019353203612241777,1.8889640041415348,18.81926261521177,0.0834094999825652,66.66666667,"[5.8212829162836035e-06, 4.632798552205869e-06, 5.265280505613704e-06]",0.40744991653759693,COMPLETE,3,3,2L2A_COUPLED_FREEC,legacy_price_return_abs_time
45,5.240455352042105e-06,1.2233360776154023,0.6395671299067504,1.124324513869094,58.441224556262036,0.20766434355466878,1.2233360776154023,0.6395671299067504,1.124324513869094,58.441224556262036,0.20766434355466878,66.666667,"[5.86099194739942e-06, 4.676953832625871e-06, 5.183420276101024e-06]",0.4071507599884943,COMPLETE,3,3,2L2A_COUPLED_FREEC,legacy_price_return_abs_time
84,5.240853239845351e-06,0.010799029482145412,0.03659582424899131,1.4991184984628925,20.946175267921316,0.01544966337437409,0.010799029482145412,0.03659582424899131,1.4991184984628925,20.946175267921316,0.01544966337437409,36.66667,"[5.9713641680931175e-06, 4.713983909239585e-06, 5.037211642203351e-06]",0.40716710089812863,COMPLETE,3,3,2L2A_COUPLED_FREEC,legacy_price_return_abs_time
38,5.243078205750748e-06,0.21967117464361027,0.3169129660831777,1.3353759488933425,53.14820455816301,0.09425310607105948,0.21967117464361027,0.3169129660831777,1.3353759488933425,53.14820455816301,0.09425310607105948,66.66667,"[5.959117362847477e-06, 4.727451446650549e-06, 5.042665807754216e-06]",0.40677552991065546,COMPLETE,3,3,2L2A_COUPLED_FREEC,legacy_price_return_abs_time
58,5.243984423535323e-06,0.6667688351620389,2.2616117106105347,1.4668466588122862,26.31186938721133,0.1472675505915163,0.6667688351620389,2.2616117106105347,1.4668466588122862,26.31186938721133,0.1472675505915163,66.666667,"[5.8653557371161245e-06, 4.679844633764526e-06, 5.186752899725317e-06]",0.4067549450194517,COMPLETE,3,3,2L2A_COUPLED_FREEC,legacy_price_return_abs_time
16,5.247671476067944e-06,0.3677373065541363,0.1247933322672366,1.8853106390495618,34.61826889524911,0.15248394248624172,0.3677373065541363,0.1247933322672366,1.8853106390495618,34.61826889524911,0.15248394248624172,66.666667,"[5.863360673834294e-06, 4.6587791023352836e-06, 5.220874652034256e-06]",0.40651355248081805,COMPLETE,3,3,2L2A_COUPLED_FREEC,legacy_price_return_abs_time
135,5.25035012115943e-06,0.790633729363316,0.021334675742325962,1.9931786909756684,14.838116429702644,0.010177393950801241,0.790633729363316,0.021334675742325962,1.9931786909756684,14.838116429702644,0.010177393950801241,66.66666667,"[5.8187244722343585e-06, 4.6139719849250746e-06, 5.3183539063188554e-06]",0.40643525206747944,COMPLETE,3,3,2L2A_COUPLED_FREEC,legacy_price_return_abs_time
113,5.250436520008714e-06,0.013443339484170681,0.07243920139093725,1.018679222052443,17.689319139875106,0.18075989739909515,0.013443339484170681,0.07243920139093725,1.018679222052443,17.689319139875106,0.18075989739909515,66.666667,"[5.873703859123388e-06, 4.6751714367947124e-06, 5.202434264108042e-06]",0.40611242842692197,COMPLETE,3,3,2L2A_COUPLED_FREEC,legacy_price_return_abs_time
102,5.251442594204099e-06,0.4404530271634363,0.010104423972060987,1.750167432730743,37.08458900784672,0.03372361315801808,0.4404530271634363,0.010104423972060987,1.750167432730743,37.08458900784672,0.03372361315801808,33.33334,"[6.0229719934162245e-06, 4.658889960330127e-06, 5.072465828865945e-06]",0.4066159746604761,COMPLETE,3,3,2L2A_COUPLED_FREEC,legacy_price_return_abs_time
52,5.253183006657616e-06,0.39072545349564103,0.43030038328161646,-1.8586208989754813,18.52174513704429,0.06950428144826439,0.39072545349564103,0.43030038328161646,-1.8586208989754813,18.52174513704429,0.06950428144826439,66.666667,"[5.871471133078671e-06, 4.661645889575864e-06, 5.226431997318312e-06]",0.4059128093052784,COMPLETE,3,3,2L2A_COUPLED_FREEC,legacy_price_return_abs_time
34,5.255335274314703e-06,1.837294244168838,0.04503484855584037,0.8915981938232856,54.27609205115818,0.1015900834333834,1.837294244168838,0.04503484855584037,0.8915981938232856,54.27609205115818,0.1015900834333834,33.33334,"[6.023128210925406e-06, 4.661180180854283e-06, 5.081697431164422e-06]",0.4061715176773825,COMPLETE,3,3,2L2A_COUPLED_FREEC,legacy_price_return_abs_time
85,5.255380747157987e-06,0.2934005982143816,0.013671934489787468,1.2256897694781896,20.86983814675477,0.03139057437246958,0.2934005982143816,0.013671934489787468,1.2256897694781896,20.86983814675477,0.03139057437246958,66.666667,"[6.056383735357703e-06, 4.636612803309417e-06, 5.07314570280684e-06]",0.40647138303867597,COMPLETE,3,3,2L2A_COUPLED_FREEC,legacy_price_return_abs_time
15,5.2566972252022575e-06,0.3237449141474819,0.1200936484024626,1.956920055322389,36.239304376166,0.16485241328918657,0.3237449141474819,0.1200936484024626,1.956920055322389,36.239304376166,0.16485241328918657,66.666667,"[5.87125153275537e-06, 4.653440485712521e-06, 5.245399657138881e-06]",0.4055928654009822,COMPLETE,3,3,2L2A_COUPLED_FREEC,legacy_price_return_abs_time
18,5.257528455305751e-06,19.30341455205126,10.113962037781741,-0.755145842574795,29.802827757124458,0.07157584596736791,19.30341455205126,10.113962037781741,-0.755145842574795,29.802827757124458,0.07157584596736791,36.666667,"[6.045522781876044e-06, 4.738756043156142e-06, 4.98830654088507e-06]",0.4053809003551958,COMPLETE,3,3,2L2A_COUPLED_FREEC,legacy_price_return_abs_time
149,5.257586058474591e-06,6.650815418817876,0.011445643430568026,1.1484825795993867,13.624151000949205,0.030640937764247894,6.650815418817876,0.011445643430568026,1.1484825795993867,13.624151000949205,0.030640937764247894,33.333367,"[5.925012589804196e-06, 4.723405650925148e-06, 5.124339934694428e-06]",0.40510779574584355,COMPLETE,3,3,2L2A_COUPLED_FREEC,legacy_price_return_abs_time
14,5.259229513107305e-06,0.23420068940211156,0.08959832849734294,1.9633019854269627,35.43361586977928,0.16751607639600194,0.23420068940211156,0.08959832849734294,1.9633019854269627,35.43361586977928,0.16751607639600194,66.666667,"[5.871774522731695e-06, 4.651194349408295e-06, 5.254719667181925e-06]",0.4053350898931765,COMPLETE,3,3,2L2A_COUPLED_FREEC,legacy_price_return_abs_time
78,5.260228929126517e-06,0.018856576814837305,0.01849098281032027,1.693211323126445,11.847434131179805,0.04354561774974008,0.018856576814837305,0.01849098281032027,1.693211323126445,11.847434131179805,0.04354561774974008,66.666667,"[5.8597880726700074e-06, 4.643094774826654e-06, 5.27780393988289e-06]",0.4052517973686148,COMPLETE,3,3,2L2A_COUPLED_FREEC,legacy_price_return_abs_time
75,5.261226371683766e-06,0.011047817883020998,0.02918382233200986,1.8716146119379276,13.767809025078112,0.011788200082979232,0.011047817883020998,0.02918382233200986,1.8716146119379276,13.767809025078112,0.011788200082979232,66.666667,"[5.87792022858851e-06, 4.6586571610607635e-06, 5.247101725402025e-06]",0.40507624590864105,COMPLETE,3,3,2L2A_COUPLED_FREEC,legacy_price_return_abs_time
121,5.261952996375135e-06,0.01823097878558889,0.013098340478213403,1.6702864964572013,11.050743239704373,0.04165922533733561,0.01823097878558889,0.013098340478213403,1.6702864964572013,11.050743239704373,0.04165922533733561,66.666667,"[5.855316057431821e-06, 4.635400510476213e-06, 5.295142421217369e-06]",0.40511016041432485,COMPLETE,3,3,2L2A_COUPLED_FREEC,legacy_price_return_abs_time
76,5.265531491051255e-06,0.013514795778432244,0.028752031664169637,1.8555208010682032,13.152722941704383,0.018468908917640855,0.013514795778432244,0.028752031664169637,1.8555208010682032,13.152722941704383,0.018468908917640855,66.666667,"[5.875028062029026e-06, 4.651917387275946e-06, 5.2696490238487905e-06]",0.40464921636101964,COMPLETE,3,3,2L2A_COUPLED_FREEC,legacy_price_return_abs_time
36,5.269257447714632e-06,1.5508964279214759,0.014369472840526087,1.3307290174998954,10.61638916768191,0.11500320424115439,1.5508964279214759,0.014369472840526087,1.3307290174998954,10.61638916768191,0.11500320424115439,66.66666667,"[5.827672256016214e-06, 4.599819739943723e-06, 5.380280347183961e-06]",0.40450587137438015,COMPLETE,3,3,2L2A_COUPLED_FREEC,legacy_price_return_abs_time
44,5.269536438723215e-06,2.275431852863549,1.6190467771673325,1.6163318830721174,51.29069258308069,0.23666726523648587,2.275431852863549,1.6190467771673325,1.6163318830721174,51.29069258308069,0.23666726523648587,66.666667,"[5.880514818981267e-06, 4.654252313564833e-06, 5.273842183623543e-06]",0.4042093495372379,COMPLETE,3,3,2L2A_COUPLED_FREEC,legacy_price_return_abs_time
119,5.271670109622994e-06,0.04458998261981713,0.09782215846559134,1.8242172747026544,16.698747833270556,0.09547343044568067,0.04458998261981713,0.09782215846559134,1.8242172747026544,16.698747833270556,0.09547343044568067,66.666667,"[5.874820453807662e-06, 4.6500436324054665e-06, 5.2901462426558544e-06]",0.40399088908654096,COMPLETE,3,3,2L2A_COUPLED_FREEC,legacy_price_return_abs_time
39,5.277966043308953e-06,0.21887875321307693,0.7922188529124637,1.2921966023644609,39.38703098414903,0.019959325468973277,0.21887875321307693,0.7922188529124637,1.2921966023644609,39.38703098414903,0.019959325468973277,100.0,"[6.2250051525614835e-06, 4.756762698518501e-06, 4.852130278846871e-06]",0.40357758466180843,COMPLETE,3,3,2L2A_COUPLED_FREEC,legacy_price_return_abs_time
142,5.279596140660011e-06,1.9619839508860673,0.015134160562683201,1.930803275165894,13.25212089856914,0.02420711095123914,1.9619839508860673,0.015134160562683201,1.930803275165894,13.25212089856914,0.02420711095123914,66.66666667,"[5.849188781044502e-06, 4.59545452141764e-06, 5.39414511951789e-06]",0.4034775901485193,COMPLETE,3,3,2L2A_COUPLED_FREEC,legacy_price_return_abs_time
3,5.281004936857722e-06,1.9412663635227503,1.6157540856881927,0.9520637113736687,20.42978054352982,0.025970164961901927,1.9412663635227503,1.6157540856881927,0.9520637113736687,20.42978054352982,0.025970164961901927,100.0,"[6.155749125927489e-06, 4.776178743675634e-06, 4.911086940970042e-06]",0.40286456153624456,COMPLETE,3,3,2L2A_COUPLED_FREEC,legacy_price_return_abs_time
136,5.282488648299004e-06,0.9231420297273346,0.021962598492591037,1.183180638073273,14.768134242992646,0.010158073553293578,0.9231420297273346,0.021962598492591037,1.183180638073273,14.768134242992646,0.010158073553293578,66.66667,"[6.06736657206282e-06, 4.684170215129161e-06, 5.095929157705031e-06]",0.40315454545318596,COMPLETE,3,3,2L2A_COUPLED_FREEC,legacy_price_return_abs_time
125,5.28303836143373e-06,0.049233749867799124,0.024901008547866588,-1.9925490950431652,12.955921372512837,0.025343316411612703,0.049233749867799124,0.024901008547866588,-1.9925490950431652,12.955921372512837,0.025343316411612703,66.666667,"[5.855527690763237e-06, 4.612186831994344e-06, 5.381400561543609e-06]",0.402986569301997,COMPLETE,3,3,2L2A_COUPLED_FREEC,legacy_price_return_abs_time
79,5.285954926007616e-06,0.01708819217239016,0.019857366045212516,1.7077607304275035,10.041906864487853,0.04678415974811953,0.01708819217239016,0.019857366045212516,1.7077607304275035,10.041906864487853,0.04678415974811953,70.0,"[5.8525470734098854e-06, 4.629316274422289e-06, 5.376001430190673e-06]",0.40251980231887835,COMPLETE,3,3,2L2A_COUPLED_FREEC,legacy_price_return_abs_time
49,5.2861075961409955e-06,0.34990789090660285,0.43978124679225167,-0.23594671096744468,19.051040484266903,0.060957806759735035,0.34990789090660285,0.43978124679225167,-0.23594671096744468,19.051040484266903,0.060957806759735035,100.0,"[6.210982726663739e-06, 4.774379703733088e-06, 4.872960358026159e-06]",0.40249859018076545,COMPLETE,3,3,2L2A_COUPLED_FREEC,legacy_price_return_abs_time
143,5.287368277655935e-06,2.0873952479900915,0.015105019557299232,1.9158760520035862,12.626642528991445,0.02356098687630376,2.0873952479900915,0.015105019557299232,1.9158760520035862,12.626642528991445,0.02356098687630376,66.666667,"[5.855444556288358e-06, 4.59209212574359e-06, 5.414568150935855e-06]",0.4026731231637477,COMPLETE,3,3,2L2A_COUPLED_FREEC,legacy_price_return_abs_time
93,5.287502645223561e-06,0.10256651656340035,0.016757909339291072,-1.4151549377936812,27.659998550234565,0.01318334295697603,0.10256651656340035,0.016757909339291072,-1.4151549377936812,27.659998550234565,0.01318334295697603,66.66667,"[6.092663036194438e-06, 4.742694313165284e-06, 5.0271505863109585e-06]",0.40221714430875233,COMPLETE,3,3,2L2A_COUPLED_FREEC,legacy_price_return_abs_time
17,5.293798078516936e-06,28.01927081009508,9.80201782439786,-0.6998644016246791,30.351311320495796,0.05311313319008767,28.01927081009508,9.80201782439786,-0.6998644016246791,30.351311320495796,0.05311313319008767,100.0,"[6.167243819032374e-06, 4.795106205768731e-06, 4.919044210749702e-06]",0.401347889065695,COMPLETE,3,3,2L2A_COUPLED_FREEC,legacy_price_return_abs_time
50,5.294514154412057e-06,0.335245480064154,0.06811127665236875,-0.21245140416786668,39.11215565302584,0.07244065043965306,0.335245480064154,0.06811127665236875,-0.21245140416786668,39.11215565302584,0.07244065043965306,100.0,"[6.138662708075873e-06, 4.798530074975999e-06, 4.946349680184299e-06]",0.40114943214068804,COMPLETE,3,3,2L2A_COUPLED_FREEC,legacy_price_return_abs_time
94,5.298403627372685e-06,0.10630941794023657,0.012070953309660171,-1.1657318927325857,12.501405782343713,0.013437101591605976,0.10630941794023657,0.012070953309660171,-1.1657318927325857,12.501405782343713,0.013437101591605976,36.666666670000005,"[5.885370385415104e-06, 4.8386574473310555e-06, 5.171183049371895e-06]",0.39958131665607793,COMPLETE,3,3,2L2A_COUPLED_FREEC,legacy_price_return_abs_time
96,5.299546816432998e-06,0.12197809156172748,0.016074526885721727,-1.3270604539140962,17.35443845312723,0.012885357204450828,0.12197809156172748,0.016074526885721727,-1.3270604539140962,17.35443845312723,0.012885357204450828,33.33337,"[6.0322865807944685e-06, 4.735090096265163e-06, 5.131263772239363e-06]",0.40076293137887004,COMPLETE,3,3,2L2A_COUPLED_FREEC,legacy_price_return_abs_time
109,5.3002989220632945e-06,0.05344100058055287,0.027691552879043905,1.8839814676442048,19.795410059609136,0.19404919985096508,0.05344100058055287,0.027691552879043905,1.8839814676442048,19.795410059609136,0.19404919985096508,66.666667,"[5.841477070795051e-06, 4.628258155043941e-06, 5.431161540350893e-06]",0.40092059012184905,COMPLETE,3,3,2L2A_COUPLED_FREEC,legacy_price_return_abs_time
32,5.303157948595296e-06,6.00901065470747,0.031037148960184044,0.8210463751391207,65.66790657486953,0.29068746595140815,6.00901065470747,0.031037148960184044,0.8210463751391207,65.66790657486953,0.29068746595140815,66.66666667,"[5.837802054792552e-06, 4.589768729757624e-06, 5.4819030612357114e-06]",0.40090437339115986,COMPLETE,3,3,2L2A_COUPLED_FREEC,legacy_price_return_abs_time
31,5.303495220423197e-06,5.462845200977962,0.04654318186330026,1.6690168845418554,64.78311831689184,0.3065066104857011,5.462845200977962,0.04654318186330026,1.6690168845418554,64.78311831689184,0.3065066104857011,66.666667,"[5.84659123925153e-06, 4.588471419670322e-06, 5.475423002347741e-06]",0.4009062734968519,COMPLETE,3,3,2L2A_COUPLED_FREEC,legacy_price_return_abs_time
48,5.3057651972419295e-06,1.2051773176224123,0.7675942717517154,1.1031355331254271,59.24504298180316,0.03369578923550736,1.2051773176224123,0.7675942717517154,1.1031355331254271,59.24504298180316,0.03369578923550736,100.0,"[6.316958753319551e-06, 4.7802908490614115e-06, 4.820045989344829e-06]",0.4006399513531039,COMPLETE,3,3,2L2A_COUPLED_FREEC,legacy_price_return_abs_time
29,5.307457917857305e-06,1.778120185611255,0.03587598694567183,1.7058147762375107,75.16064393109917,0.03821291046207228,1.778120185611255,0.03587598694567183,1.7058147762375107,75.16064393109917,0.03821291046207228,70.0,"[6.132694064821446e-06, 4.790264465482279e-06, 4.999415223268189e-06]",0.3997780334802707,COMPLETE,3,3,2L2A_COUPLED_FREEC,legacy_price_return_abs_time
112,5.311113590561856e-06,0.07494148186567914,0.019075917025612878,1.9071240884993355,19.53109500195961,0.20146833877680437,0.07494148186567914,0.019075917025612878,1.9071240884993355,19.53109500195961,0.20146833877680437,66.666667,"[5.842631411801733e-06, 4.618926423583527e-06, 5.471782936300306e-06]",0.39981411866841504,COMPLETE,3,3,2L2A_COUPLED_FREEC,legacy_price_return_abs_time
51,5.311347480626097e-06,0.44833681270629056,0.08392639979769843,-0.25363878158531716,17.907472779364358,0.07061125678901674,0.44833681270629056,0.08392639979769843,-0.25363878158531716,17.907472779364358,0.07061125678901674,70.0,"[6.1479941122462605e-06, 4.79413442393159e-06, 4.991913905700438e-06]",0.39937024811333943,COMPLETE,3,3,2L2A_COUPLED_FREEC,legacy_price_return_abs_time
46,5.311900041183818e-06,1.1977018975711948,0.7612502952022828,1.0943987048827692,58.61617339049219,0.03210375389275375,1.1977018975711948,0.7612502952022828,1.0943987048827692,58.61617339049219,0.03210375389275375,100.0,"[6.33863971424846e-06, 4.784393870534858e-06, 4.8126665387681344e-06]",0.400004898320027,COMPLETE,3,3,2L2A_COUPLED_FREEC,legacy_price_return_abs_time
30,5.312685905626401e-06,5.44297376624859,0.025312686597113606,1.546822518672189,65.55864453806048,0.04969987843336592,5.44297376624859,0.025312686597113606,1.546822518672189,65.55864453806048,0.04969987843336592,66.66667,"[6.1092631591394335e-06, 4.766581670980999e-06, 5.062212886758772e-06]",0.3993194137521218,COMPLETE,3,3,2L2A_COUPLED_FREEC,legacy_price_return_abs_time
141,5.3136628622763816e-06,2.22729643569044,0.015551880325497064,1.002219960819092,12.384627791444759,0.023411474887198448,2.22729643569044,0.015551880325497064,1.002219960819092,12.384627791444759,0.023411474887198448,66.6667,"[6.0806119705554485e-06, 4.745214294537156e-06, 5.115162321736538e-06]",0.39929115856267455,COMPLETE,3,3,2L2A_COUPLED_FREEC,legacy_price_return_abs_time
86,5.322575528719529e-06,0.2847445147979941,0.010120373225618297,1.2376179548330533,20.998590750525214,0.010658619488843859,0.2847445147979941,0.010120373225618297,1.2376179548330533,20.998590750525214,0.010658619488843859,66.66667,"[6.1151040565826625e-06, 4.801185677728045e-06, 5.05143685184788e-06]",0.3979767770322476,COMPLETE,3,3,2L2A_COUPLED_FREEC,legacy_price_return_abs_time
103,5.3278240826807205e-06,0.4287671598541701,0.0117791323324426,0.6953893403273079,48.215617039651214,0.37068716803643553,0.4287671598541701,0.0117791323324426,0.6953893403273079,48.215617039651214,0.37068716803643553,66.66667,"[5.846217538744364e-06, 4.590388422228218e-06, 5.546866287069578e-06]",0.3982236091342397,COMPLETE,3,3,2L2A_COUPLED_FREEC,legacy_price_return_abs_time
4,5.3366379804598855e-06,0.16171190415793363,1.871011843831399,1.13265743326278,56.0437112624559,0.022369626656100053,0.16171190415793363,1.871011843831399,1.13265743326278,56.0437112624559,0.022369626656100053,100.0,"[6.443705041113865e-06, 4.791800830366361e-06, 4.774408069899434e-06]",0.3975745778945639,COMPLETE,3,3,2L2A_COUPLED_FREEC,legacy_price_return_abs_time
65,5.342374899587516e-06,0.1503574713379848,0.021912478061216545,0.7547930381743637,24.112239497646577,0.02866332916875969,0.1503574713379848,0.021912478061216545,0.7547930381743637,24.112239497646577,0.02866332916875969,70.0,"[6.334182524574487e-06, 4.8204234002242975e-06, 4.872518773963762e-06]",0.3963616667011314,COMPLETE,3,3,2L2A_COUPLED_FREEC,legacy_price_return_abs_time
99,5.378753628740062e-06,0.22346828174921732,0.0436337715795377,-0.45950171716319044,25.659192459042654,0.016868286079789106,0.22346828174921732,0.0436337715795377,-0.45950171716319044,25.659192459042654,0.016868286079789106,40.0,"[6.4255179311762604e-06, 4.959515892228861e-06, 4.751227062815065e-06]",0.391554126928168,COMPLETE,3,3,2L2A_COUPLED_FREEC,legacy_price_return_abs_time
20,5.3919355696571965e-06,0.8406130192702028,8.059359952042833,-0.5171524337066487,25.75165739760976,0.01005361550109405,0.8406130192702028,8.059359952042833,-0.5171524337066487,25.75165739760976,0.01005361550109405,70.0,"[6.446896343453572e-06, 5.0186370311166854e-06, 4.710273334401334e-06]",0.38970417256627704,COMPLETE,3,3,2L2A_COUPLED_FREEC,legacy_price_return_abs_time
13,5.3937618532348275e-06,22.833678989010185,0.08641609096458738,-1.9956750684220697,32.87498637394988,0.3108630644427141,22.833678989010185,0.08641609096458738,-1.9956750684220697,32.87498637394988,0.3108630644427141,36.667,"[5.723108739125769e-06, 4.852248572727011e-06, 5.6059282478517014e-06]",0.38849728352263463,COMPLETE,3,3,2L2A_COUPLED_FREEC,legacy_price_return_abs_time
47,5.394827980406331e-06,1.0706767822363015,0.18071978877514408,1.1015025609276925,59.56088539710611,0.017624020508848474,1.0706767822363015,0.18071978877514408,1.1015025609276925,59.56088539710611,0.017624020508848474,70.0,"[6.539007734885049e-06, 4.8601368843900915e-06, 4.785339321943855e-06]",0.3909577135056406,COMPLETE,3,3,2L2A_COUPLED_FREEC,legacy_price_return_abs_time
98,5.40042215101242e-06,0.18459468206971844,0.015090028208233346,-0.4423066925603425,19.821429743356617,0.01616670625087196,0.18459468206971844,0.015090028208233346,-0.4423066925603425,19.821429743356617,0.01616670625087196,70.0,"[6.4169207498886e-06, 4.983045716059359e-06, 4.8012999870893e-06]",0.3889628784270976,COMPLETE,3,3,2L2A_COUPLED_FREEC,legacy_price_return_abs_time
69,5.40170865112832e-06,0.03830852098008603,0.012413549814891976,0.272501299352397,14.104292270214636,0.02252763525249738,0.03830852098008603,0.012413549814891976,0.272501299352397,14.104292270214636,0.02252763525249738,40.0,"[6.495838645409933e-06, 4.94465137597662e-06, 4.764635931998406e-06]",0.38938552764140555,COMPLETE,3,3,2L2A_COUPLED_FREEC,legacy_price_return_abs_time
19,5.403144476035158e-06,0.5869552489576773,8.813304185013283,-0.6303130127164516,26.333398501758136,0.010283347788240933,0.5869552489576773,8.813304185013283,-0.6303130127164516,26.333398501758136,0.010283347788240933,70.0,"[6.527974703825316e-06, 4.9507547244142175e-06, 4.730703999865938e-06]",0.3892831931359582,COMPLETE,3,3,2L2A_COUPLED_FREEC,legacy_price_return_abs_time
6,5.4081671832447055e-06,0.01501093428885043,0.5349007716698525,0.0531994086108889,22.947174564365344,0.034122337195742716,0.01501093428885043,0.5349007716698525,0.0531994086108889,22.947174564365344,0.034122337195742716,100.0,"[6.6149705656715845e-06, 4.8603707440062035e-06, 4.749160240056331e-06]",0.38973991360537763,COMPLETE,3,3,2L2A_COUPLED_FREEC,legacy_price_return_abs_time
22,5.414885410041732e-06,0.7947009856072134,4.685181201767308,0.5365257832229215,46.206872935626485,0.02186160245697439,0.7947009856072134,4.685181201767308,0.5365257832229215,46.206872935626485,0.02186160245697439,70.0,"[6.585335663745698e-06, 4.920631559832719e-06, 4.73868900654678e-06]",0.38842403285544985,COMPLETE,3,3,2L2A_COUPLED_FREEC,legacy_price_return_abs_time
42,5.415359316264078e-06,0.20585036030388595,0.29199917373766293,-1.159068976672046,22.33337569713893,0.46365828094108424,0.20585036030388595,0.29199917373766293,-1.159068976672046,22.33337569713893,0.46365828094108424,66.666667,"[5.842984923419713e-06, 4.69612600777137e-06, 5.706967017601151e-06]",0.38777181278875633,COMPLETE,3,3,2L2A_COUPLED_FREEC,legacy_price_return_abs_time
128,5.449886209119034e-06,0.5449880806951046,0.017903586030174664,-1.97742503175671,15.925054331967306,0.01902985192487971,0.5449880806951046,0.017903586030174664,-1.97742503175671,15.925054331967306,0.01902985192487971,3.367e-05,"[5.871973937510406e-06, 5.0737633359577775e-06, 5.403921353888922e-06]",0.381050457256185,COMPLETE,3,3,2L2A_COUPLED_FREEC,legacy_price_return_abs_time
2,5.451448961294767e-06,3.306512528592642,0.0176998511208045,-1.2502677643421651,12.133431331520805,0.08968986165011181,3.306512528592642,0.0176998511208045,-1.2502677643421651,12.133431331520805,0.08968986165011181,0.00333667,"[5.824169017032201e-06, 5.219620184899306e-06, 5.310557681952793e-06]",0.37955359040526043,COMPLETE,3,3,2L2A_COUPLED_FREEC,legacy_price_return_abs_time
9,5.4621438221857235e-06,0.02387897913724285,0.9012000555794185,-1.383186230653941,18.83806132661606,0.46488356740875314,0.02387897913724285,0.9012000555794185,-1.383186230653941,18.83806132661606,0.46488356740875314,66.666667,"[5.867988025141432e-06, 4.732779681170503e-06, 5.785663760245234e-06]",0.38243163211832654,COMPLETE,3,3,2L2A_COUPLED_FREEC,legacy_price_return_abs_time
71,5.478660560580096e-06,0.02476647101191138,0.12984830969453312,0.2520045028257067,24.540730472566427,0.011425413056933863,0.02476647101191138,0.12984830969453312,0.2520045028257067,24.540730472566427,0.011425413056933863,70.0,"[6.5499335458614585e-06, 5.2033365881146755e-06, 4.682711547764156e-06]",0.379051215171845,COMPLETE,3,3,2L2A_COUPLED_FREEC,legacy_price_return_abs_time
41,5.490199316380611e-06,3.140654883703692,1.3476556545213054,-0.902379402317137,48.284451956930056,0.581511823238936,3.140654883703692,1.3476556545213054,-0.902379402317137,48.284451956930056,0.581511823238936,66.66666667,"[5.879403750504907e-06, 4.748276833368975e-06, 5.842917365267951e-06]",0.3792697246252656,COMPLETE,3,3,2L2A_COUPLED_FREEC,legacy_price_return_abs_time
95,5.493560145865804e-06,0.12459459584244147,0.015840585808217005,-1.4828146916672962,11.159296974492854,0.014528771158867023,0.12459459584244147,0.015840585808217005,-1.4828146916672962,11.159296974492854,0.014528771158867023,0.067,"[5.902641202479504e-06, 4.7326990936979115e-06, 5.845340141419997e-06]",0.37910168948950335,COMPLETE,3,3,2L2A_COUPLED_FREEC,legacy_price_return_abs_time
43,5.5224717459232815e-06,3.0962361791805653,1.346731667421806,-1.0180804634119216,21.674738096878713,0.5824643999978903,3.0962361791805653,1.346731667421806,-1.0180804634119216,21.674738096878713,0.5824643999978903,66.66666667,"[5.888771507279964e-06, 4.776155682524076e-06, 5.902488047965803e-06]",0.3755396816686223,COMPLETE,3,3,2L2A_COUPLED_FREEC,legacy_price_return_abs_time
8,5.5937381564044526e-06,1.162724208487488,16.60827077538014,0.012637489938826185,52.84938199034485,0.011342736232843768,1.162724208487488,16.60827077538014,0.012637489938826185,52.84938199034485,0.011342736232843768,70.0,"[6.705103692679753e-06, 5.382510843813143e-06, 4.693599932720462e-06]",0.3655043315311895,COMPLETE,3,3,2L2A_COUPLED_FREEC,legacy_price_return_abs_time
40,5.604093265274164e-06,0.5337822722511173,0.9340353890420885,1.3478000232217682,22.664366250087564,0.6354335427344925,0.5337822722511173,0.9340353890420885,1.3478000232217682,22.664366250087564,0.6354335427344925,33.33333334,"[5.9340591582678224e-06, 4.8355150910271494e-06, 6.042705546527521e-06]",0.3662652789713435,COMPLETE,3,3,2L2A_COUPLED_FREEC,legacy_price_return_abs_time
24,5.712418296868514e-06,0.12830571646616268,0.24318367128974383,0.46117393234527393,45.036581768447064,0.9073511387160035,0.12830571646616268,0.24318367128974383,0.46117393234527393,45.036581768447064,0.9073511387160035,1.0000000000000002e-08,"[6.006391357971324e-06, 4.920935738595677e-06, 6.20992779403854e-06]",0.35394290088609554,COMPLETE,3,3,2L2A_COUPLED_FREEC,legacy_price_return_abs_time
23,5.802199501494189e-06,0.11337704517997403,4.2163796611004996,0.5132397515260774,16.436911325999375,1.0419086300449873,0.11337704517997403,4.2163796611004996,0.5132397515260774,16.436911325999375,1.0419086300449873,1.0000000000000002e-08,"[6.063263045287537e-06, 5.032460832315647e-06, 6.310874626879384e-06]",0.3433930428538141,COMPLETE,3,3,2L2A_COUPLED_FREEC,legacy_price_return_abs_time
21,5.843926024944294e-06,0.907037506301766,7.851164135989818,0.3588617470928017,45.418970240139835,1.1028291440449043,0.907037506301766,7.851164135989818,0.3588617470928017,45.418970240139835,1.1028291440449043,1.0000000000000002e-08,"[6.0996152045451814e-06, 5.080646268814928e-06, 6.351516601472773e-06]",0.33855129511831644,COMPLETE,3,3,2L2A_COUPLED_FREEC,legacy_price_return_abs_time
133,5.87980697690113e-06,1.2638869910478563,0.022554523618287282,-0.9699950321458892,14.975923217544745,0.019329758706819796,1.2638869910478563,0.022554523618287282,-0.9699950321458892,14.975923217544745,0.019329758706819796,33.337,"[6.278507887145941e-06, 6.07581275217599e-06, 5.2851002913814595e-06]",0.32720935874362284,COMPLETE,3,3,2L2A_COUPLED_FREEC,legacy_price_return_abs_time
25,6.090965926570398e-06,0.09582738494911634,0.19691281750526507,1.553592330589065,41.69757081306236,1.371028008909688,0.09582738494911634,0.19691281750526507,1.553592330589065,41.69757081306236,1.371028008909688,1.0000000000000002e-08,"[6.271583249267254e-06, 5.3806709387848135e-06, 6.620643591659125e-06]",0.30962760299307757,COMPLETE,3,3,2L2A_COUPLED_FREEC,legacy_price_return_abs_time
137,6.187119737261375e-06,0.8623803426140412,0.03082920508216519,-0.7886391736000975,14.849758736518718,0.010368820712058129,0.8623803426140412,0.03082920508216519,-0.7886391736000975,14.849758736518718,0.010368820712058129,0.00666667,"[7.320216351462185e-06, 5.476646051465428e-06, 5.764496808856514e-06]",0.30171398651502096,COMPLETE,3,3,2L2A_COUPLED_FREEC,legacy_price_return_abs_time
80,6.4648267436831385e-06,0.08287779142067003,0.018015397983688456,1.5578663573466534,12.10991473732314,1.9874557322825803,0.08287779142067003,0.018015397983688456,1.5578663573466534,12.10991473732314,1.9874557322825803,3.34e-06,"[6.656654019265481e-06, 5.792038395173988e-06, 6.94578781660995e-06]",0.2666021669771738,COMPLETE,3,3,2L2A_COUPLED_FREEC,legacy_price_return_abs_time
12,6.53734521569475e-06,0.049552833444709024,0.5072148285434124,-1.5353209888204162,73.78722301875291,2.389072197512844,0.049552833444709024,0.5072148285434124,-1.5353209888204162,73.78722301875291,2.389072197512844,0.36667,"[6.7061383411518875e-06, 5.878762118500367e-06, 7.027135187431995e-06]",0.2581192262862371,COMPLETE,3,3,2L2A_COUPLED_FREEC,legacy_price_return_abs_time
82,6.740093518295935e-06,0.2770411162394635,0.015320064694524252,1.6061917456464716,11.711286005336241,3.0853855385430315,0.2770411162394635,0.015320064694524252,1.6061917456464716,11.711286005336241,3.0853855385430315,6.7e-05,"[6.960142483512363e-06, 6.073609164315042e-06, 7.186528907060403e-06]",0.2351590446190089,COMPLETE,3,3,2L2A_COUPLED_FREEC,legacy_price_return_abs_time
11,6.779880891639123e-06,0.028357225753567174,0.43030920687229013,-1.5116864324909618,14.34350607746888,3.62229888401956,0.028357225753567174,0.43030920687229013,-1.5116864324909618,14.34350607746888,3.62229888401956,0.0006670000000000001,"[6.996972149936919e-06, 6.12211596724089e-06, 7.220554557739561e-06]",0.23052876321610735,COMPLETE,3,3,2L2A_COUPLED_FREEC,legacy_price_return_abs_time
10,7.402261932918071e-06,8.735997726908238,2.217034052720544,-0.29863070917497225,12.818682346650105,7.546318905924962,8.735997726908238,2.217034052720544,-0.29863070917497225,12.818682346650105,7.546318905924962,0.00336667,"[8.152579574186664e-06, 6.519867355217512e-06, 7.5343388693500375e-06]",0.16287244789911406,COMPLETE,3,3,2L2A_COUPLED_FREEC,legacy_price_return_abs_time
7,7.4117829344598974e-06,2.814478793980216,3.0490185161359142,1.2509739784227643,12.808868496144363,24.258688346745153,3.0490185161359142,2.814478793980216,1.2509739784227643,24.258688346745153,12.808868496144363,3.6700000000000004e-06,"[8.158614531634553e-06, 6.520815162314509e-06, 7.5559191094306296e-06]",0.16184101676847384,COMPLETE,3,3,2L2A_COUPLED_FREEC,legacy_price_return_abs_time
53,7.423139334887252e-06,0.6660822784101057,2.658370848313366,1.7464216620994029,37.78641799882503,12.842922048191976,0.6660822784101057,2.658370848313366,1.7464216620994029,37.78641799882503,12.842922048191976,3.34e-06,"[8.15677362011295e-06, 6.558316784354776e-06, 7.5543276001940264e-06]",0.16028952128277663,COMPLETE,3,3,2L2A_COUPLED_FREEC,legacy_price_return_abs_time
57,7.436459089847718e-06,0.6727663645650156,28.898407166330802,1.4576858908440866,28.04253857931418,11.509253627811951,0.6727663645650156,28.898407166330802,1.4576858908440866,28.04253857931418,11.509253627811951,3.3339999999999996e-05,"[8.157927182454476e-06, 6.5989018424460045e-06, 7.552548244642672e-06]",0.15850781102047154,COMPLETE,3,3,2L2A_COUPLED_FREEC,legacy_price_return_abs_time
0,7.460883018316744e-06,0.0612931324141112,1.1163972115221052,0.985117892983653,12.383741527460396,22.32437160980532,1.1163972115221052,0.0612931324141112,0.985117892983653,22.32437160980532,12.383741527460396,3.399999999999999e-07,"[8.169441323348011e-06, 6.65749384773027e-06, 7.555713883871951e-06]",0.1553982321542574,COMPLETE,3,3,2L2A_COUPLED_FREEC,legacy_price_return_abs_time
126,7.54433164114842e-06,0.5573292666342646,0.017267587549912138,1.4939410957809025,16.065734210339873,31.904878987042107,0.017267587549912138,0.5573292666342646,1.4939410957809025,31.904878987042107,16.065734210339873,1.0000000000000002e-08,"[8.163824851536869e-06, 6.846789413993881e-06, 7.6223806579145115e-06]",0.14471577025464455,COMPLETE,3,3,2L2A_COUPLED_FREEC,legacy_price_return_abs_time
39,6.112222663419948e-06,0.42446639948123877,0.03321660198125984,-0.693117767235067,14.139017745854696,0.12942663633406232,0.42446639948123877,0.03321660198125984,-0.693117767235067,14.139017745854696,0.12942663633406232,33.33336667,"[6.591992269879633e-06, 5.552504880856367e-06, 6.1921708395238445e-06]",0.30602443827172926,COMPLETE,3,5,2L2A_COUPLED_FREEC,legacy_price_return_abs_time
8,6.127368441895281e-06,0.5323461401397968,0.019990515615222717,-0.6576571866559067,17.524836611005043,0.1050374865647493,0.5323461401397968,0.019990515615222717,-0.6576571866559067,17.524836611005043,0.1050374865647493,0.36666667000000003,"[6.605569182087329e-06, 5.330869256907448e-06, 6.445666886691067e-06]",0.30618594566667184,COMPLETE,3,5,2L2A_COUPLED_FREEC,legacy_price_return_abs_time
114,6.132601975183725e-06,0.24885898539233986,0.015328520831454343,-0.6643082298489776,20.49989797931364,0.1523465164549412,0.24885898539233986,0.015328520831454343,-0.6643082298489776,20.49989797931364,0.1523465164549412,33.33336667,"[6.658279659290932e-06, 5.524820784313273e-06, 6.21470548194697e-06]",0.3042185904133031,COMPLETE,3,5,2L2A_COUPLED_FREEC,legacy_price_return_abs_time
65,6.133295529989416e-06,1.150902413963238,0.05765965330274837,-0.715170671450843,20.875246844568704,0.2048244446726724,1.150902413963238,0.05765965330274837,-0.715170671450843,20.875246844568704,0.2048244446726724,33.333333669999995,"[6.759769817038407e-06, 5.429448044209973e-06, 6.210668728719867e-06]",0.305222338417466,COMPLETE,3,5,2L2A_COUPLED_FREEC,legacy_price_return_abs_time
119,6.138701848269439e-06,0.19537706296669624,0.015401689456688884,-0.9842423624071113,20.93841659346898,0.16228813693745184,0.19537706296669624,0.015401689456688884,-0.9842423624071113,20.93841659346898,0.16228813693745184,33.333333669999995,"[6.725453996453168e-06, 5.480519861994461e-06, 6.2101316863606895e-06]",0.30411368778517617,COMPLETE,3,5,2L2A_COUPLED_FREEC,legacy_price_return_abs_time
58,6.139261272470947e-06,0.663721703934444,0.03775068409561604,-0.9781657247425211,28.274341215832226,0.17681550878277238,0.663721703934444,0.03775068409561604,-0.9781657247425211,28.274341215832226,0.17681550878277238,33.333333669999995,"[6.730593228416247e-06, 5.4774976230478e-06, 6.209692965948796e-06]",0.304092551862775,COMPLETE,3,5,2L2A_COUPLED_FREEC,legacy_price_return_abs_time
74,6.151719503908823e-06,1.222145489297368,0.042627864827880994,-0.993293456840402,49.288390042279836,0.18232886391051795,1.222145489297368,0.042627864827880994,-0.993293456840402,49.288390042279836,0.18232886391051795,33.33333667,"[6.736366297681826e-06, 5.489209329757987e-06, 6.229582884286656e-06]",0.30265117323158447,COMPLETE,3,5,2L2A_COUPLED_FREEC,legacy_price_return_abs_time
120,6.154068210912802e-06,0.22886203917313708,0.015518184253336556,-0.8557507905101395,20.57073851725521,0.20869216468269666,0.22886203917313708,0.015518184253336556,-0.8557507905101395,20.57073851725521,0.20869216468269666,33.333333339999996,"[6.825483367764653e-06, 5.430982616488898e-06, 6.20573864848486e-06]",0.30313704819192805,COMPLETE,3,5,2L2A_COUPLED_FREEC,legacy_price_return_abs_time
57,6.156314899682312e-06,0.6319263593052183,0.040482530811583914,-0.9828657994699581,15.371850327163752,0.09742358327251843,0.6319263593052183,0.040482530811583914,-0.9828657994699581,15.371850327163752,0.09742358327251843,0.66666667,"[6.71390636776008e-06, 5.197807090258035e-06, 6.557231241028823e-06]",0.30441736633502775,COMPLETE,3,5,2L2A_COUPLED_FREEC,legacy_price_return_abs_time
134,6.156461813673403e-06,0.4264883570632926,0.01262170473595252,-1.0763008622187122,45.5483811897137,0.12081529779275134,0.4264883570632926,0.01262170473595252,-1.0763008622187122,45.5483811897137,0.12081529779275134,33.33366667,"[6.593712293897983e-06, 5.619198397681437e-06, 6.256474749440787e-06]",0.300646441171423,COMPLETE,3,5,2L2A_COUPLED_FREEC,legacy_price_return_abs_time
80,6.171791199010469e-06,0.7939107023803078,0.02484025667088365,-1.096107022254031,62.00129421302735,0.16930182089766577,0.7939107023803078,0.02484025667088365,-1.096107022254031,62.00129421302735,0.16930182089766577,33.33333667,"[6.746395068250217e-06, 5.503214323303277e-06, 6.265764205477914e-06]",0.30037023925258277,COMPLETE,3,5,2L2A_COUPLED_FREEC,legacy_price_return_abs_time
55,6.173327600215607e-06,0.26086023341810244,0.023409803121150183,-0.9467852871055243,20.675423697848778,0.16041267380313493,0.26086023341810244,0.023409803121150183,-0.9467852871055243,20.675423697848778,0.16041267380313493,33.33333667,"[6.765134538521211e-06, 5.486822065496911e-06, 6.2680261966287e-06]",0.3003914670760281,COMPLETE,3,5,2L2A_COUPLED_FREEC,legacy_price_return_abs_time
34,6.185561661372786e-06,0.2655779129081921,0.010132177924179024,-0.7982969234332784,45.059012687934995,0.22265383570793135,0.2655779129081921,0.010132177924179024,-0.7982969234332784,45.059012687934995,0.22265383570793135,33.333333669999995,"[6.860009898879641e-06, 5.453033041114295e-06, 6.243642044124425e-06]",0.2996157045472137,COMPLETE,3,5,2L2A_COUPLED_FREEC,legacy_price_return_abs_time
67,6.1966256381457415e-06,1.1853324202541908,0.044690957922955875,-0.695965979625228,20.463055939332083,0.24729882450872062,1.1853324202541908,0.044690957922955875,-0.695965979625228,20.463055939332083,0.24729882450872062,3.3333333400000007,"[6.966923539864945e-06, 5.365771652325836e-06, 6.257181722246444e-06]",0.299434686044869,COMPLETE,3,5,2L2A_COUPLED_FREEC,legacy_price_return_abs_time
83,6.1998364196042525e-06,0.7810466685966931,0.012869401717449488,-1.1416089329470829,59.31333724321028,0.12609795855369374,0.7810466685966931,0.012869401717449488,-1.1416089329470829,59.31333724321028,0.12609795855369374,6.666666670000001,"[6.879378195529035e-06, 5.289222195781524e-06, 6.4309088675022e-06]",0.29942638660767545,COMPLETE,3,5,2L2A_COUPLED_FREEC,legacy_price_return_abs_time
32,6.204296746706668e-06,3.276251859068763,0.24357628787192218,-0.7392048283057899,24.289383926738285,0.2324519998607167,3.276251859068763,0.24357628787192218,-0.7392048283057899,24.289383926738285,0.2324519998607167,33.333333339999996,"[6.91843632580009e-06, 5.436926362172455e-06, 6.257527552147457e-06]",0.2978727674525817,COMPLETE,3,5,2L2A_COUPLED_FREEC,legacy_price_return_abs_time
77,6.207000898557697e-06,0.1605930163140042,0.04412224527861696,-0.4253326318291352,20.71216320055833,0.17160932225384978,0.1605930163140042,0.04412224527861696,-0.4253326318291352,20.71216320055833,0.17160932225384978,66.66666667,"[6.910397554225443e-06, 5.530702560465094e-06, 6.179902580982556e-06]",0.2967987448283831,COMPLETE,3,5,2L2A_COUPLED_FREEC,legacy_price_return_abs_time
126,6.207892524359933e-06,0.20630563038603947,0.05544311736521304,-0.575872505327061,20.671445490454534,0.16344973752762754,0.20630563038603947,0.05544311736521304,-0.575872505327061,20.671445490454534,0.16344973752762754,66.66666667,"[6.912848356601541e-06, 5.5299344958768244e-06, 6.1808947206014305e-06]",0.29671478784524263,COMPLETE,3,5,2L2A_COUPLED_FREEC,legacy_price_return_abs_time
92,6.208458693222147e-06,0.6327257991639679,0.1034139666556112,-0.23631219008210091,43.07335456650847,0.18456641896649226,0.6327257991639679,0.1034139666556112,-0.23631219008210091,43.07335456650847,0.18456641896649226,66.66666667,"[6.9112397430042105e-06, 5.531837018508344e-06, 6.182299318153886e-06]",0.2966324927397323,COMPLETE,3,5,2L2A_COUPLED_FREEC,legacy_price_return_abs_time
45,6.20976456651192e-06,0.03384345636392908,0.01760211078134506,-0.9305810011867586,21.90843676691627,0.14979358871657214,0.03384345636392908,0.01760211078134506,-0.9305810011867586,21.90843676691627,0.14979358871657214,66.66666667,"[6.914309852577177e-06, 5.538512592693051e-06, 6.1764712542655315e-06]",0.29644530210044334,COMPLETE,3,5,2L2A_COUPLED_FREEC,legacy_price_return_abs_time
98,6.212568598693609e-06,0.9471123170814207,0.07328322597083868,-0.9101745152699948,26.478881751921357,0.14398859890531995,0.9471123170814207,0.07328322597083868,-0.9101745152699948,26.478881751921357,0.14398859890531995,66.66666667,"[6.815602035815504e-06, 5.5107548607897074e-06, 6.311348899475615e-06]",0.29605534071699485,COMPLETE,3,5,2L2A_COUPLED_FREEC,legacy_price_return_abs_time
90,6.214437428843132e-06,0.36134400341685896,0.10637629117769602,-1.364786359512765,17.570014736218326,0.07190949793828148,0.36134400341685896,0.10637629117769602,-1.364786359512765,17.570014736218326,0.07190949793828148,66.66666667,"[6.927154317422617e-06, 5.523140276360142e-06, 6.1930176927466376e-06]",0.29609638881651923,COMPLETE,3,5,2L2A_COUPLED_FREEC,legacy_price_return_abs_time
79,6.2172517403329615e-06,0.1695442799263154,0.02371750208896114,-0.8168315392611656,58.834516931128974,0.18323922050570404,0.1695442799263154,0.02371750208896114,-0.8168315392611656,58.834516931128974,0.18323922050570404,66.66666667,"[6.929535144648294e-06, 5.524935570885859e-06, 6.197284505464732e-06]",0.29578094082319595,COMPLETE,3,5,2L2A_COUPLED_FREEC,legacy_price_return_abs_time
46,6.217252476404535e-06,0.11552104888380978,0.07031620742639443,-0.9839614913110339,22.624899485760793,0.1518302313465547,0.11552104888380978,0.07031620742639443,-0.9839614913110339,22.624899485760793,0.1518302313465547,66.66666667,"[6.931769332624879e-06, 5.536697608428049e-06, 6.183290488160677e-06]",0.2956933530083013,COMPLETE,3,5,2L2A_COUPLED_FREEC,legacy_price_return_abs_time
115,6.218286078853572e-06,0.5464077206921942,0.3669857604018582,-0.6685769360075259,21.886364930354976,0.13627116644032355,0.5464077206921942,0.3669857604018582,-0.6685769360075259,21.886364930354976,0.13627116644032355,66.66666667,"[6.955410197362222e-06, 5.582460770048646e-06, 6.116987269149847e-06]",0.2952858843527188,COMPLETE,3,5,2L2A_COUPLED_FREEC,legacy_price_return_abs_time
125,6.218939749823403e-06,0.14517942241173362,0.027015577744269208,-0.5891071614965704,20.490232596281466,0.16128178392848888,0.14517942241173362,0.027015577744269208,-0.5891071614965704,20.490232596281466,0.16128178392848888,66.66666667,"[6.932813251817042e-06, 5.518836160512602e-06, 6.205169837140564e-06]",0.29565507168346705,COMPLETE,3,5,2L2A_COUPLED_FREEC,legacy_price_return_abs_time
100,6.220353540041723e-06,0.08192164092502095,0.04526365430285868,-0.9301946319227354,15.962081939548007,0.1463153495444057,0.08192164092502095,0.04526365430285868,-0.9301946319227354,15.962081939548007,0.1463153495444057,66.66666667,"[6.935223983884682e-06, 5.520565823156262e-06, 6.205270813084226e-06]",0.2954937185215856,COMPLETE,3,5,2L2A_COUPLED_FREEC,legacy_price_return_abs_time
89,6.222154022581703e-06,0.39213232171799617,0.11613467445316226,-1.3879403156453944,17.708697957724308,0.08496379753485514,0.39213232171799617,0.11613467445316226,-1.3879403156453944,17.708697957724308,0.08496379753485514,66.66666667,"[6.934157391179116e-06, 5.508000147155151e-06, 6.224304529410844e-06]",0.2953939859732731,COMPLETE,3,5,2L2A_COUPLED_FREEC,legacy_price_return_abs_time
149,6.2222917306873604e-06,1.1407729441640604,0.029813554701996512,-0.801987300149671,64.69158759065243,0.14415370495135382,1.1407729441640604,0.029813554701996512,-0.801987300149671,64.69158759065243,0.14415370495135382,66.66666667,"[6.8215971598769125e-06, 5.531837355212783e-06, 6.3134406769723855e-06]",0.2948391478318248,COMPLETE,3,5,2L2A_COUPLED_FREEC,legacy_price_return_abs_time
127,6.22264737124983e-06,0.2423846289991112,0.03681515466977505,-0.579708813031768,18.545021045886394,0.1646711712563761,0.2423846289991112,0.03681515466977505,-0.579708813031768,18.545021045886394,0.1646711712563761,66.66666667,"[6.916455792970387e-06, 5.506467542580964e-06, 6.2450187781981384e-06]",0.29529743707664186,COMPLETE,3,5,2L2A_COUPLED_FREEC,legacy_price_return_abs_time
2,6.223315232924569e-06,0.0504932562875096,0.036775210198905485,-0.6722421781466781,23.95449588939071,0.13683442093515702,0.0504932562875096,0.036775210198905485,-0.6722421781466781,23.95449588939071,0.13683442093515702,66.66666667,"[6.96850975614659e-06, 5.587280436277315e-06, 6.114155506349803e-06]",0.29473662112189536,COMPLETE,3,5,2L2A_COUPLED_FREEC,legacy_price_return_abs_time
146,6.224986159875458e-06,0.9059121095693884,0.030170670656652215,-1.1380177388205777,67.97814124531901,0.1438303584412079,0.9059121095693884,0.030170670656652215,-1.1380177388205777,67.97814124531901,0.1438303584412079,66.66666667,"[6.853061494512254e-06, 5.520840295933368e-06, 6.30105668918075e-06]",0.29472954783273436,COMPLETE,3,5,2L2A_COUPLED_FREEC,legacy_price_return_abs_time
54,6.225060954371487e-06,0.21738053573109828,0.024517363561947635,-1.668300985608683,18.545860677929642,0.16400156806039312,0.21738053573109828,0.024517363561947635,-1.668300985608683,18.545860677929642,0.16400156806039312,33.333333339999996,"[6.994376374193828e-06, 5.381670281086688e-06, 6.299136207833947e-06]",0.2962759572591292,COMPLETE,3,5,2L2A_COUPLED_FREEC,legacy_price_return_abs_time
61,6.226106884914272e-06,0.6407553419579212,0.15659635719104018,-1.271097230493233,16.735053866935214,0.09970198698446381,0.6407553419579212,0.15659635719104018,-1.271097230493233,16.735053866935214,0.09970198698446381,66.66666667,"[6.929375009788797e-06, 5.497789990896239e-06, 6.251155654057779e-06]",0.29502797569252387,COMPLETE,3,5,2L2A_COUPLED_FREEC,legacy_price_return_abs_time
135,6.226880958725559e-06,0.32049704519959826,0.012872861380794917,-1.0345003562347723,46.87157275707267,0.1253676392927238,0.32049704519959826,0.012872861380794917,-1.0345003562347723,46.87157275707267,0.1253676392927238,66.66666667,"[6.835145895079415e-06, 5.537742371696867e-06, 6.307754609400397e-06]",0.29433077104843575,COMPLETE,3,5,2L2A_COUPLED_FREEC,legacy_price_return_abs_time
99,6.229237790212034e-06,1.0221978373777687,0.08139313178573938,-0.9291409538327962,27.07129636880566,0.24093024312442082,1.0221978373777687,0.08139313178573938,-0.9291409538327962,27.07129636880566,0.24093024312442082,33.333333339999996,"[6.979141595375832e-06, 5.423468951297558e-06, 6.28510282396271e-06]",0.2954355394091415,COMPLETE,3,5,2L2A_COUPLED_FREEC,legacy_price_return_abs_time
124,6.2350472206459425e-06,0.13741216382544147,0.02542073015322897,-0.825260496792755,16.503556425918916,0.11757185339180178,0.13741216382544147,0.02542073015322897,-0.825260496792755,16.503556425918916,0.11757185339180178,66.66666667,"[6.9770449850311245e-06, 5.5276068996892485e-06, 6.2004897772174535e-06]",0.2939564370742737,COMPLETE,3,5,2L2A_COUPLED_FREEC,legacy_price_return_abs_time
91,6.239931172674805e-06,0.35064363803780874,0.03437049715796262,0.6788091793541855,17.445483080834915,0.19145786338477058,0.35064363803780874,0.03437049715796262,0.6788091793541855,17.445483080834915,0.19145786338477058,66.66666667,"[6.937906941052638e-06, 5.474942967812538e-06, 6.306943609159241e-06]",0.29372286512190476,COMPLETE,3,5,2L2A_COUPLED_FREEC,legacy_price_return_abs_time
71,6.244110604006564e-06,0.29110975556188995,0.029599970007362725,1.7185649426412624,35.08412132332988,0.058331916937204756,0.29110975556188995,0.029599970007362725,1.7185649426412624,35.08412132332988,0.058331916937204756,66.66666667,"[7.037830761870103e-06, 5.572741887288115e-06, 6.1217591628614735e-06]",0.2927890403829244,COMPLETE,3,5,2L2A_COUPLED_FREEC,legacy_price_return_abs_time
133,6.246768362261076e-06,0.317633087665598,0.015320776237217932,0.2676094073046952,25.329831763093956,0.23950390455381826,0.317633087665598,0.015320776237217932,0.2676094073046952,25.329831763093956,0.23950390455381826,33.333333339999996,"[6.929341212541518e-06, 5.450185460316865e-06, 6.360778413924845e-06]",0.29314584932887744,COMPLETE,3,5,2L2A_COUPLED_FREEC,legacy_price_return_abs_time
64,6.2500878706280766e-06,1.0076584898365524,0.15525150994845835,-1.2434535883607871,14.55901906891028,0.20940950773596653,1.0076584898365524,0.15525150994845835,-1.2434535883607871,14.55901906891028,0.20940950773596653,33.333333339999996,"[7.033032544964443e-06, 5.393935199891657e-06, 6.323295867028128e-06]",0.29355458244753113,COMPLETE,3,5,2L2A_COUPLED_FREEC,legacy_price_return_abs_time
35,6.258170968475572e-06,0.21304392540126765,0.012192747096732433,-0.8525542774191334,44.11547187910582,0.21783553766402475,0.21304392540126765,0.012192747096732433,-0.8525542774191334,44.11547187910582,0.21783553766402475,66.66666667,"[6.933303518320074e-06, 5.4576855558472876e-06, 6.383523831259354e-06]",0.2918483558901785,COMPLETE,3,5,2L2A_COUPLED_FREEC,legacy_price_return_abs_time
23,6.258790537279673e-06,8.612743951069652,0.992295488672,-0.36113145870956126,31.912886221798857,0.010263055429955094,8.612743951069652,0.992295488672,-0.36113145870956126,31.912886221798857,0.010263055429955094,70.0,"[7.522408265204069e-06, 5.700436955614974e-06, 5.553526391019976e-06]",0.29165508121258776,COMPLETE,3,5,2L2A_COUPLED_FREEC,legacy_price_return_abs_time
122,6.259888001843308e-06,0.1402214094488504,0.026613666307141425,-0.863786694698734,16.536570060958805,0.1952459298592924,0.1402214094488504,0.026613666307141425,-0.863786694698734,16.536570060958805,0.1952459298592924,66.66666667,"[6.973255189102911e-06, 5.453511657480573e-06, 6.35289715894644e-06]",0.2918173583818038,COMPLETE,3,5,2L2A_COUPLED_FREEC,legacy_price_return_abs_time
102,6.2618882237589545e-06,0.21916268926165627,0.03668119743079365,-0.4762568835966077,24.102528647302297,0.22485008905346715,0.21916268926165627,0.03668119743079365,-0.4762568835966077,24.102528647302297,0.22485008905346715,66.66666667,"[7.006652387135569e-06, 5.46688958530677e-06, 6.3121226988345266e-06]",0.29159413978784016,COMPLETE,3,5,2L2A_COUPLED_FREEC,legacy_price_return_abs_time
97,6.262085162691957e-06,2.0891934419141274,0.06776550798886594,-0.738096368352831,26.73133773345562,0.2969030041763582,2.0891934419141274,0.06776550798886594,-0.738096368352831,26.73133773345562,0.2969030041763582,3.3333333400000007,"[6.986720484799294e-06, 5.456839330308256e-06, 6.342695672968324e-06]",0.2915915469620269,COMPLETE,3,5,2L2A_COUPLED_FREEC,legacy_price_return_abs_time
9,6.2645657679298695e-06,0.22238205102424624,0.01702145539615237,-1.1249546297650865,38.204371780958525,0.20763661813887516,0.22238205102424624,0.01702145539615237,-1.1249546297650865,38.204371780958525,0.20763661813887516,66.66666667,"[6.954862612909546e-06, 5.452110012684428e-06, 6.386724678195634e-06]",0.29125907229203224,COMPLETE,3,5,2L2A_COUPLED_FREEC,legacy_price_return_abs_time
69,6.2661119101636885e-06,0.3071063701503241,0.05740073963325093,1.9326074495777505,21.07835281761875,0.056411472624966444,0.3071063701503241,0.05740073963325093,1.9326074495777505,21.07835281761875,0.056411472624966444,66.66666667,"[7.0328938547579284e-06, 5.476570398653509e-06, 6.288871477079625e-06]",0.29113479540891046,COMPLETE,3,5,2L2A_COUPLED_FREEC,legacy_price_return_abs_time
137,6.27008428484674e-06,0.25415515346880724,0.01291775440225775,-1.040392624164269,45.860674827346735,0.11561785882288791,0.25415515346880724,0.01291775440225775,-1.040392624164269,45.860674827346735,0.11561785882288791,66.66666667,"[7.022262088446715e-06, 5.539880609092482e-06, 6.248110157001025e-06]",0.2901583417948886,COMPLETE,3,5,2L2A_COUPLED_FREEC,legacy_price_return_abs_time
141,6.27106088375463e-06,0.6011661781928235,0.021815068522789242,-0.9413545700597655,40.71921872737345,0.09428548943747639,0.6011661781928235,0.021815068522789242,-0.9413545700597655,40.71921872737345,0.09428548943747639,66.66666667,"[6.911265660083655e-06, 5.596685128716989e-06, 6.305231862463243e-06]",0.2892517622888149,COMPLETE,3,5,2L2A_COUPLED_FREEC,legacy_price_return_abs_time
128,6.272548963769719e-06,0.19490541531252997,0.03953908666681603,-1.3163507345430676,20.76368585827196,0.16368215096695143,0.19490541531252997,0.03953908666681603,-1.3163507345430676,20.76368585827196,0.16368215096695143,66.66666667,"[7.016444703511043e-06, 5.450437338629529e-06, 6.350764849168584e-06]",0.29058827058831305,COMPLETE,3,5,2L2A_COUPLED_FREEC,legacy_price_return_abs_time
132,6.27904831212196e-06,0.32056428358217,0.016288466071522033,-0.7413936682188068,37.19249530120749,0.3199720079986737,0.32056428358217,0.016288466071522033,-0.7413936682188068,37.19249530120749,0.3199720079986737,33.333333669999995,"[7.057498802568419e-06, 5.390504182190055e-06, 6.389141951607405e-06]",0.290484237085421,COMPLETE,3,5,2L2A_COUPLED_FREEC,legacy_price_return_abs_time
85,6.284704395066614e-06,0.8346739446370923,0.014146786758859983,-0.9931755047965035,72.03971221569653,0.08062639207587398,0.8346739446370923,0.014146786758859983,-0.9931755047965035,72.03971221569653,0.08062639207587398,66.667,"[6.7868919948672835e-06, 5.826403370179509e-06, 6.2408178201530515e-06]",0.28552757956205993,COMPLETE,3,5,2L2A_COUPLED_FREEC,legacy_price_return_abs_time
84,6.287196818455405e-06,0.5190600548162893,0.013413484503659546,-0.601978375778275,60.79001276423056,0.12187716476224618,0.5190600548162893,0.013413484503659546,-0.601978375778275,60.79001276423056,0.12187716476224618,66.66666667,"[7.033501125592851e-06, 5.553864950518634e-06, 6.274224379254731e-06]",0.28820559772361004,COMPLETE,3,5,2L2A_COUPLED_FREEC,legacy_price_return_abs_time
94,6.287750294639691e-06,1.2486481045968776,0.0679424089590025,-0.7859391613662894,43.106338045463,0.3056765806334832,1.2486481045968776,0.0679424089590025,-0.7859391613662894,43.106338045463,0.3056765806334832,33.333333669999995,"[7.082009177784134e-06, 5.3978271458373945e-06, 6.383414560297544e-06]",0.2895477111230698,COMPLETE,3,5,2L2A_COUPLED_FREEC,legacy_price_return_abs_time
88,6.294122199040537e-06,0.3644795060912816,0.01743815656947109,1.205756167213042,17.644113740541297,0.03025167996509715,0.3644795060912816,0.01743815656947109,1.205756167213042,17.644113740541297,0.03025167996509715,100.0,"[7.1328713809698534e-06, 5.591635642916428e-06, 6.157859573235331e-06]",0.28745103560867846,COMPLETE,3,5,2L2A_COUPLED_FREEC,legacy_price_return_abs_time
123,6.2985558538260485e-06,0.14436182629476071,0.025720950676198586,-0.8318398627404407,20.411331228177882,0.06949633804145906,0.14436182629476071,0.025720950676198586,-0.8318398627404407,20.411331228177882,0.06949633804145906,100.0,"[7.136249443832842e-06, 5.6358057709057025e-06, 6.1236123467396e-06]",0.2866210462750969,COMPLETE,3,5,2L2A_COUPLED_FREEC,legacy_price_return_abs_time
15,6.298767523776796e-06,0.016590786058796103,0.0939795815760308,-1.433165280574201,20.134480064753348,0.12806672833882257,0.016590786058796103,0.0939795815760308,-1.433165280574201,20.134480064753348,0.12806672833882257,66.66666667,"[7.140699584876534e-06, 5.51522515627427e-06, 6.240377830179584e-06]",0.28757961095487644,COMPLETE,3,5,2L2A_COUPLED_FREEC,legacy_price_return_abs_time
70,6.301629866391167e-06,0.28967727319713954,0.010506711995783416,-1.047771384138535,34.51505162193488,0.05578633111310842,0.28967727319713954,0.010506711995783416,-1.047771384138535,34.51505162193488,0.05578633111310842,66.667,"[6.79917471805924e-06, 5.892379228256182e-06, 6.21333565285808e-06]",0.2831811919627277,COMPLETE,3,5,2L2A_COUPLED_FREEC,legacy_price_return_abs_time
1,6.304967396878399e-06,1.4142025712061896,2.06822533087803,1.0132679987430673,13.104175651094698,0.028856140595225222,1.4142025712061896,2.06822533087803,1.0132679987430673,13.104175651094698,0.028856140595225222,100.0,"[7.1214107175175565e-06, 5.7095355904070365e-06, 6.0839558827106026e-06]",0.2852806309102273,COMPLETE,3,5,2L2A_COUPLED_FREEC,legacy_price_return_abs_time
139,6.313496441551827e-06,0.42264652578905937,0.023200526757521944,-0.9560223929595308,39.986546539516475,0.09460492200071806,0.42264652578905937,0.023200526757521944,-0.9560223929595308,39.986546539516475,0.09460492200071806,100.0,"[7.139698505304841e-06, 5.569915439295967e-06, 6.230875380054672e-06]",0.28552341372937623,COMPLETE,3,5,2L2A_COUPLED_FREEC,legacy_price_return_abs_time
16,6.317660121051287e-06,0.01696986444786497,0.1098702271028368,-1.663646215793006,16.98057326987102,0.1178410358847042,0.01696986444786497,0.1098702271028368,-1.663646215793006,16.98057326987102,0.1178410358847042,100.0,"[7.148958969311196e-06, 5.461902392639689e-06, 6.3421190012029775e-06]",0.2859628992572223,COMPLETE,3,5,2L2A_COUPLED_FREEC,legacy_price_return_abs_time
59,6.320362192794553e-06,0.648097186103797,0.03753377262373288,-0.09093489314174985,28.800159756887094,0.09663869885109479,0.648097186103797,0.03753377262373288,-0.09093489314174985,28.800159756887094,0.09663869885109479,100.0,"[7.150916742659324e-06, 5.635192751123773e-06, 6.174977084600563e-06]",0.2842817283444584,COMPLETE,3,5,2L2A_COUPLED_FREEC,legacy_price_return_abs_time
93,6.323427879460171e-06,0.6491947726835785,1.834499775368738,-1.5095335881220044,19.265598601314604,0.1849293025443944,0.6491947726835785,1.834499775368738,-1.5095335881220044,19.265598601314604,0.1849293025443944,100.0,"[7.1433986630241955e-06, 5.440735586016289e-06, 6.386149389340028e-06]",0.2854835535974266,COMPLETE,3,5,2L2A_COUPLED_FREEC,legacy_price_return_abs_time
108,6.327152910648454e-06,0.696365889088639,0.0208073745092693,-1.5702146482891477,50.55598146026917,0.10684150222254557,0.696365889088639,0.0208073745092693,-1.5702146482891477,50.55598146026917,0.10684150222254557,33.333333669999995,"[6.721547325566704e-06, 5.388076355112014e-06, 6.871835051266646e-06]",0.2841923940620355,COMPLETE,3,5,2L2A_COUPLED_FREEC,legacy_price_return_abs_time
87,6.32934755341236e-06,0.5189782451149911,0.01734451938726513,-0.9976331576763748,66.31247502079032,0.08382892442442832,0.5189782451149911,0.01734451938726513,-0.9976331576763748,66.31247502079032,0.08382892442442832,100.0,"[7.150169272080543e-06, 5.620327487949061e-06, 6.217545900207475e-06]",0.2834140928077151,COMPLETE,3,5,2L2A_COUPLED_FREEC,legacy_price_return_abs_time
76,6.329402222532818e-06,0.15581485386769517,0.04366699141604449,-0.8827156997172594,20.09505546173259,0.26744865531567463,0.15581485386769517,0.04366699141604449,-0.8827156997172594,20.09505546173259,0.26744865531567463,100.0,"[7.143393388350013e-06, 5.413233245663945e-06, 6.431580033584498e-06]",0.2850496228908633,COMPLETE,3,5,2L2A_COUPLED_FREEC,legacy_price_return_abs_time
4,6.33433007376875e-06,0.09732211640595803,15.842932715576925,0.47674456854752334,65.44822199266534,0.018756883354185763,0.09732211640595803,15.842932715576925,0.47674456854752334,65.44822199266534,0.018756883354185763,70.0,"[7.682682099369175e-06, 5.670875142351138e-06, 5.649432979585939e-06]",0.2841105032794968,COMPLETE,3,5,2L2A_COUPLED_FREEC,legacy_price_return_abs_time
129,6.334650867234449e-06,0.2020959022951691,0.03806124177424447,-0.49725755157428086,36.038689414759936,0.3161506159802459,0.2020959022951691,0.03806124177424447,-0.49725755157428086,36.038689414759936,0.3161506159802459,100.0,"[7.142586385282171e-06, 5.407437460777136e-06, 6.45392875564404e-06]",0.2845184819971915,COMPLETE,3,5,2L2A_COUPLED_FREEC,legacy_price_return_abs_time
75,6.335665871839631e-06,1.5467578927266086,0.04116405368463691,-0.42493485997571745,50.040128325392274,0.4039229510174463,1.5467578927266086,0.04116405368463691,-0.42493485997571745,50.040128325392274,0.4039229510174463,33.333333669999995,"[6.982844108253915e-06, 5.400099508008985e-06, 6.624053999255994e-06]",0.28397173619859223,COMPLETE,3,5,2L2A_COUPLED_FREEC,legacy_price_return_abs_time
86,6.336899867379143e-06,0.5032785975531049,0.017477153522309635,-0.607341988571383,68.75066177177274,0.08014916664876594,0.5032785975531049,0.017477153522309635,-0.607341988571383,68.75066177177274,0.08014916664876594,100.0,"[7.17982283161479e-06, 5.69068164293296e-06, 6.140195127589679e-06]",0.282113475184074,COMPLETE,3,5,2L2A_COUPLED_FREEC,legacy_price_return_abs_time
131,6.337989806875941e-06,0.17876178642032017,0.040424505704597005,-0.754888201081947,36.49188821043377,0.317161724760153,0.17876178642032017,0.040424505704597005,-0.754888201081947,36.49188821043377,0.317161724760153,100.0,"[7.142433031288777e-06, 5.40470151697194e-06, 6.4668348723671066e-06]",0.28417407474810313,COMPLETE,3,5,2L2A_COUPLED_FREEC,legacy_price_return_abs_time
147,6.339334005405624e-06,1.1136670555512342,0.018141338681355736,-1.0834937908637183,65.51461434489377,0.14592864426223856,1.1136670555512342,0.018141338681355736,-1.0834937908637183,65.51461434489377,0.14592864426223856,3.666667,"[6.964706742168845e-06, 5.292883793307847e-06, 6.7604114807401796e-06]",0.2843743251157565,COMPLETE,3,5,2L2A_COUPLED_FREEC,legacy_price_return_abs_time
48,6.3415703186377765e-06,0.10591366144656117,0.08689766392963669,-0.5314214085075676,22.970139126409446,0.33445016654143755,0.10591366144656117,0.08689766392963669,-0.5314214085075676,22.970139126409446,0.33445016654143755,100.0,"[7.141720473520792e-06, 5.407642991621866e-06, 6.475347490770671e-06]",0.283755887442854,COMPLETE,3,5,2L2A_COUPLED_FREEC,legacy_price_return_abs_time
56,6.342374538462133e-06,0.038181866214950164,0.037919890949120724,-1.6784250243032384,15.669635248520894,0.16420474578942582,0.038181866214950164,0.037919890949120724,-1.6784250243032384,15.669635248520894,0.16420474578942582,100.0,"[7.142081017806039e-06, 5.4057668356605375e-06, 6.479275761919822e-06]",0.2836839346061409,COMPLETE,3,5,2L2A_COUPLED_FREEC,legacy_price_return_abs_time
52,6.347520805961175e-06,0.2941959313785808,27.094741017968275,-0.5490995643994544,18.32110943300012,0.07267574282775353,0.2941959313785808,27.094741017968275,-0.5490995643994544,18.32110943300012,0.07267574282775353,100.0,"[7.15549836292191e-06, 5.823055380991676e-06, 6.064008673969938e-06]",0.2798116391525723,COMPLETE,3,5,2L2A_COUPLED_FREEC,legacy_price_return_abs_time
24,6.349586559547936e-06,0.17083127706694412,0.4201856853398177,-1.0772216366092395,34.65532836287754,0.3301570200282764,0.17083127706694412,0.4201856853398177,-1.0772216366092395,34.65532836287754,0.3301570200282764,100.0,"[7.142667643344632e-06, 5.4073458584774335e-06, 6.4987461768217405e-06]",0.2828827487547217,COMPLETE,3,5,2L2A_COUPLED_FREEC,legacy_price_return_abs_time
19,6.35335410639412e-06,0.05486443051852413,0.051390997263629015,-0.01142235650722721,15.05310416799339,0.08193397650131101,0.05486443051852413,0.051390997263629015,-0.01142235650722721,15.05310416799339,0.08193397650131101,100.0,"[7.185633033249883e-06, 5.822256305439536e-06, 6.052172980492942e-06]",0.27927208559090805,COMPLETE,3,5,2L2A_COUPLED_FREEC,legacy_price_return_abs_time
51,6.354058760465382e-06,0.028931897062607508,0.014349832832750611,-0.5461355465162059,22.580713540733285,0.35235620515933264,0.028931897062607508,0.014349832832750611,-0.5461355465162059,22.580713540733285,0.35235620515933264,100.0,"[7.146102473586472e-06, 5.396241362927553e-06, 6.519832444882118e-06]",0.2824924399090687,COMPLETE,3,5,2L2A_COUPLED_FREEC,legacy_price_return_abs_time
18,6.354694900959718e-06,0.059979471358436696,0.05308279833693003,0.0534852048682497,15.557789124482797,0.08103612571495471,0.059979471358436696,0.05308279833693003,0.0534852048682497,15.557789124482797,0.08103612571495471,100.0,"[7.189042360474493e-06, 5.8247287012418924e-06, 6.0503136411627685e-06]",0.27911585995832666,COMPLETE,3,5,2L2A_COUPLED_FREEC,legacy_price_return_abs_time
20,6.3562564650157095e-06,0.05875396246603551,0.04400227547790645,0.20179001203565028,52.73713895087353,0.08217155754033476,0.05875396246603551,0.04400227547790645,0.20179001203565028,52.73713895087353,0.08217155754033476,100.0,"[7.1804714639034035e-06, 5.837041920701827e-06, 6.051256010441898e-06]",0.278819361683731,COMPLETE,3,5,2L2A_COUPLED_FREEC,legacy_price_return_abs_time
109,6.3564579736610575e-06,0.7518989531432317,0.01962698704541848,-1.1932180087662747,76.13438468869715,0.40931995891905976,0.7518989531432317,0.01962698704541848,-1.1932180087662747,76.13438468869715,0.40931995891905976,33.333333669999995,"[6.965142339681179e-06, 5.415248059276206e-06, 6.688983522025789e-06]",0.2815168468864335,COMPLETE,3,5,2L2A_COUPLED_FREEC,legacy_price_return_abs_time
112,6.359830658983392e-06,2.4820646888897997,0.019876003627193786,-0.2820433022476696,55.837131737149406,0.047988775607269406,2.4820646888897997,0.019876003627193786,-0.2820433022476696,55.837131737149406,0.047988775607269406,66.66666667,"[6.7467390229294895e-06, 6.0857209660637655e-06, 6.2470319879569225e-06]",0.27508890058255375,COMPLETE,3,5,2L2A_COUPLED_FREEC,legacy_price_return_abs_time
49,6.3610772235316005e-06,0.11890351615352496,0.08798021644104113,-0.5217631011042705,22.967695504120176,0.3669191337542829,0.11890351615352496,0.08798021644104113,-0.5217631011042705,22.967695504120176,0.3669191337542829,100.0,"[7.148455158603498e-06, 5.396267990734118e-06, 6.538508521257184e-06]",0.2817303933891437,COMPLETE,3,5,2L2A_COUPLED_FREEC,legacy_price_return_abs_time
14,6.361947056782241e-06,0.013517910142008262,0.11987734570146465,-1.9179439882591598,21.468113432364703,0.2097971979494716,0.013517910142008262,0.11987734570146465,-1.9179439882591598,21.468113432364703,0.2097971979494716,70.0,"[7.147070421307434e-06, 5.402819597374061e-06, 6.53595115166523e-06]",0.2815781927919055,COMPLETE,3,5,2L2A_COUPLED_FREEC,legacy_price_return_abs_time
144,6.362796278406273e-06,0.6268724116042558,0.010059061104170913,-1.1089476486280627,69.44097819304523,0.18921451232701753,0.6268724116042558,0.010059061104170913,-1.1089476486280627,69.44097819304523,0.18921451232701753,0.00333334,"[6.996963115270983e-06, 5.375660551238192e-06, 6.715765168709642e-06]",0.2812385538376241,COMPLETE,3,5,2L2A_COUPLED_FREEC,legacy_price_return_abs_time
130,6.365303006441783e-06,0.2110937681702241,0.05977593269738463,-1.290646509430975,13.911048103119843,0.2932822376053829,0.2110937681702241,0.05977593269738463,-1.290646509430975,13.911048103119843,0.2932822376053829,66.666667,"[7.032749327054897e-06, 5.391963334173123e-06, 6.671196358097326e-06]",0.2809437444558026,COMPLETE,3,5,2L2A_COUPLED_FREEC,legacy_price_return_abs_time
50,6.365650951255705e-06,0.10752071235269159,0.07338338785033906,-0.966786298201264,23.126219077085786,0.3440522406888935,0.10752071235269159,0.07338338785033906,-0.966786298201264,23.126219077085786,0.3440522406888935,100.0,"[7.150756597936184e-06, 5.394472421833342e-06, 6.5517238339975895e-06]",0.2812507213859128,COMPLETE,3,5,2L2A_COUPLED_FREEC,legacy_price_return_abs_time
68,6.37094472224925e-06,0.27074843023153067,0.055082821606802716,-0.7071432074939702,40.101989672834705,0.05823851892308254,0.27074843023153067,0.055082821606802716,-0.7071432074939702,40.101989672834705,0.05823851892308254,100.0,"[7.251866006578023e-06, 5.843109706255158e-06, 6.017858453914569e-06]",0.27738202197957534,COMPLETE,3,5,2L2A_COUPLED_FREEC,legacy_price_return_abs_time
47,6.384361511905837e-06,0.02824612523503194,7.689979362610241,-0.9007226948487906,17.89278302982157,0.02126623189081912,0.02824612523503194,7.689979362610241,-0.9007226948487906,17.89278302982157,0.02126623189081912,100.0,"[7.281886811976229e-06, 5.8826817949659295e-06, 5.988515928775353e-06]",0.27568699511136197,COMPLETE,3,5,2L2A_COUPLED_FREEC,legacy_price_return_abs_time
143,6.389266995556784e-06,0.6073391530453792,0.04898181438708633,-1.2119965425942696,15.384799826388745,0.1889264603976663,0.6073391530453792,0.04898181438708633,-1.2119965425942696,15.384799826388745,0.1889264603976663,0.03333367,"[6.980274957759317e-06, 5.4223308791841175e-06, 6.765195149726918e-06]",0.27791146587739246,COMPLETE,3,5,2L2A_COUPLED_FREEC,legacy_price_return_abs_time
17,6.3907766738019575e-06,0.05323779654694452,0.05436289280960527,0.166217444645948,16.649317134517432,0.06035056294731141,0.05323779654694452,0.05436289280960527,0.166217444645948,16.649317134517432,0.06035056294731141,100.0,"[7.324233387135213e-06, 5.878460396108586e-06, 5.969636238162071e-06]",0.27514894949664215,COMPLETE,3,5,2L2A_COUPLED_FREEC,legacy_price_return_abs_time
29,6.400320470902044e-06,6.98205068142017,0.93617029217483,-0.3423849911181124,26.10671407701215,0.04676246077361396,6.98205068142017,0.93617029217483,-0.3423849911181124,26.10671407701215,0.04676246077361396,100.0,"[7.428111871062216e-06, 5.849025950385407e-06, 5.923823591258511e-06]",0.2746609067400727,COMPLETE,3,5,2L2A_COUPLED_FREEC,legacy_price_return_abs_time
25,6.402093677111238e-06,0.9730033964548143,0.5788102208401835,-1.163891766867616,31.64186091067264,0.01071786176650406,0.9730033964548143,0.5788102208401835,-1.163891766867616,31.64186091067264,0.01071786176650406,100.0,"[7.415085690839721e-06, 5.870400304862852e-06, 5.9207950356311395e-06]",0.2742546858660484,COMPLETE,3,5,2L2A_COUPLED_FREEC,legacy_price_return_abs_time
30,6.403169264572031e-06,6.563179686500468,1.0638682009355769,0.5457963867487021,25.377478069706235,0.03960972807459182,6.563179686500468,1.0638682009355769,0.5457963867487021,25.377478069706235,0.03960972807459182,100.0,"[7.43190390952563e-06, 5.860527865624224e-06, 5.917076018566239e-06]",0.274268125954811,COMPLETE,3,5,2L2A_COUPLED_FREEC,legacy_price_return_abs_time
26,6.408741754723405e-06,0.8806713530183371,0.46655259600020804,-1.0745540832882026,30.947089357759232,0.011217754618276324,0.8806713530183371,0.46655259600020804,-1.0745540832882026,30.947089357759232,0.011217754618276324,100.0,"[7.475888923280205e-06, 5.8597585802493075e-06, 5.8905777606407e-06]",0.2737997826983853,COMPLETE,3,5,2L2A_COUPLED_FREEC,legacy_price_return_abs_time
28,6.40887456148932e-06,0.7410413069480192,0.8116318518824395,-0.37561378694078673,26.91948005181388,0.04049194567120693,0.7410413069480192,0.8116318518824395,-0.37561378694078673,26.91948005181388,0.04049194567120693,100.0,"[7.515338908597252e-06, 5.840570532422016e-06, 5.870714243448694e-06]",0.27406136834752365,COMPLETE,3,5,2L2A_COUPLED_FREEC,legacy_price_return_abs_time
31,6.409814574422054e-06,5.964220882767386,0.9889291931076829,-0.3764764185098707,25.50337867572596,0.03927739092074301,5.964220882767386,0.9889291931076829,-0.3764764185098707,25.50337867572596,0.03927739092074301,100.0,"[7.5047166725204e-06, 5.853261766712985e-06, 5.87146528403278e-06]",0.2738235986618052,COMPLETE,3,5,2L2A_COUPLED_FREEC,legacy_price_return_abs_time
21,6.429877776315008e-06,0.17002755216268983,0.6050744993756938,-0.12138046063938635,32.02971322793159,0.01081362544333126,0.17002755216268983,0.6050744993756938,-0.12138046063938635,32.02971322793159,0.01081362544333126,70.0,"[7.883493487534152e-06, 5.841577120931713e-06, 5.564562720479159e-06]",0.2728911497155497,COMPLETE,3,5,2L2A_COUPLED_FREEC,legacy_price_return_abs_time
10,6.4396987352698026e-06,0.36809650377922215,16.14881169006555,-0.8137996636240152,41.927080652949044,0.47483570598380714,0.36809650377922215,16.14881169006555,-0.8137996636240152,41.927080652949044,0.47483570598380714,70.0,"[7.166053487627155e-06, 5.409996707287589e-06, 6.743046010894663e-06]",0.2730589547710785,COMPLETE,3,5,2L2A_COUPLED_FREEC,legacy_price_return_abs_time
72,6.445274458442511e-06,1.643811853514037,0.032739005846673906,1.799470571119803,46.674471966324276,0.4726166541241789,1.643811853514037,0.032739005846673906,1.799470571119803,46.674471966324276,0.4726166541241789,36.666667,"[7.008980028796936e-06, 5.460392357165235e-06, 6.8664509893653586e-06]",0.2715572165227061,COMPLETE,3,5,2L2A_COUPLED_FREEC,legacy_price_return_abs_time
27,6.451069563288446e-06,0.7583126699696816,0.44444761743751376,-1.1708298378203348,30.40483433542063,0.49414342857996274,0.7583126699696816,0.44444761743751376,-1.1708298378203348,30.40483433542063,0.49414342857996274,66.66666667,"[7.083270214872779e-06, 5.43320883860733e-06, 6.836729636385231e-06]",0.27137032266866595,COMPLETE,3,5,2L2A_COUPLED_FREEC,legacy_price_return_abs_time
103,6.48491337072035e-06,0.43908981447106826,0.027317706509888136,-0.6534164223009076,24.220875007966967,0.5630748276575881,0.43908981447106826,0.027317706509888136,-0.6534164223009076,24.220875007966967,0.5630748276575881,33.66666667,"[6.916682396073071e-06, 5.561344860943221e-06, 6.97671285514476e-06]",0.26611731537704425,COMPLETE,3,5,2L2A_COUPLED_FREEC,legacy_price_return_abs_time
82,6.485554394481226e-06,0.8527462841869659,0.013715263069407969,-1.1409896930564782,59.303347830811816,0.12569192068184729,0.8527462841869659,0.013715263069407969,-1.1409896930564782,59.303347830811816,0.12569192068184729,0.06666667,"[6.935689705799147e-06, 5.66490151920018e-06, 6.856071958444349e-06]",0.26527457613727307,COMPLETE,3,5,2L2A_COUPLED_FREEC,legacy_price_return_abs_time
145,6.492337976821869e-06,0.3778015374428841,0.018626619186749273,-1.2378450504781808,23.10036677221404,0.19918105741705966,0.3778015374428841,0.018626619186749273,-1.2378450504781808,23.10036677221404,0.19918105741705966,0.03336667,"[7.115007401157726e-06, 5.577968322760933e-06, 6.784038206546948e-06]",0.26578408818193094,COMPLETE,3,5,2L2A_COUPLED_FREEC,legacy_price_return_abs_time
60,6.513947235413793e-06,3.9447821793169484,0.020567286295504618,-1.328818447008953,28.593963849717134,0.10559655251510765,3.9447821793169484,0.020567286295504618,-1.328818447008953,28.593963849717134,0.10559655251510765,36.66666667,"[7.1372654618531225e-06, 6.209753421297937e-06, 6.194822823090321e-06]",0.2584131507115802,COMPLETE,3,5,2L2A_COUPLED_FREEC,legacy_price_return_abs_time
96,6.524835146365098e-06,1.1381042615447137,0.04673245483563104,-0.8042128910718132,19.449995878141294,0.2690977164826962,1.1381042615447137,0.04673245483563104,-0.8042128910718132,19.449995878141294,0.2690977164826962,0.33336667,"[7.0367171089016764e-06, 5.483439499354286e-06, 7.054348830839333e-06]",0.26273943392814175,COMPLETE,3,5,2L2A_COUPLED_FREEC,legacy_price_return_abs_time
73,6.529085444705912e-06,1.509819814135539,0.031233391442119326,-1.0468545391440782,48.17070308643553,0.4649668191592906,1.509819814135539,0.031233391442119326,-1.0468545391440782,48.17070308643553,0.4649668191592906,3.4e-07,"[7.025627547368637e-06, 5.556131616597911e-06, 7.005497170151191e-06]",0.26165579199556427,COMPLETE,3,5,2L2A_COUPLED_FREEC,legacy_price_return_abs_time
95,6.550232701960013e-06,1.2732305491831666,0.049362595336319696,-0.7772007092677065,19.16767717690826,0.2581566511880866,1.2732305491831666,0.049362595336319696,-0.7772007092677065,19.16767717690826,0.2581566511880866,3.33667,"[7.079715667745341e-06, 5.495074430339295e-06, 7.075908007795404e-06]",0.25999594043885144,COMPLETE,3,5,2L2A_COUPLED_FREEC,legacy_price_return_abs_time
121,6.56597207912884e-06,0.24154586471348602,0.013441324188013677,-0.8753676865924531,14.872790033836749,0.20919690852925785,0.24154586471348602,0.013441324188013677,-0.8753676865924531,14.872790033836749,0.20919690852925785,0.00667,"[7.073956785458693e-06, 5.568763987892471e-06, 7.055195464035357e-06]",0.2576617657658981,COMPLETE,3,5,2L2A_COUPLED_FREEC,legacy_price_return_abs_time
66,6.569649376701353e-06,1.119480407170617,0.06159914739240991,-0.7149086495199852,11.90494217864286,0.21257893387417315,1.119480407170617,0.06159914739240991,-0.7149086495199852,11.90494217864286,0.21257893387417315,0.0667,"[7.063919354148124e-06, 5.583137249612086e-06, 7.061891526343848e-06]",0.25711233937685357,COMPLETE,3,5,2L2A_COUPLED_FREEC,legacy_price_return_abs_time
42,6.628185539400905e-06,0.4448189516946885,0.2722808932735935,-1.2863664940917183,13.666365385639835,0.6589722022163426,0.4448189516946885,0.2722808932735935,-1.2863664940917183,13.666365385639835,0.6589722022163426,3.33333334,"[7.139959003800378e-06, 5.585487165438996e-06, 7.159110448963338e-06]",0.25091417289874796,COMPLETE,3,5,2L2A_COUPLED_FREEC,legacy_price_return_abs_time
107,6.636270604648717e-06,0.769990735837543,0.010567870166785568,-1.0872653049159404,79.0974940386562,0.4001433465268715,0.769990735837543,0.010567870166785568,-1.0872653049159404,79.0974940386562,0.4001433465268715,0.033334,"[7.131223682626846e-06, 5.660487889989378e-06, 7.117100241329928e-06]",0.24939905387672381,COMPLETE,3,5,2L2A_COUPLED_FREEC,legacy_price_return_abs_time
101,6.6796441921422776e-06,0.9993231665937418,0.026843479766895908,-0.44681034399637687,14.232862068279989,0.5850924629650344,0.9993231665937418,0.026843479766895908,-0.44681034399637687,14.232862068279989,0.5850924629650344,0.00033334000000000006,"[7.033172270276474e-06, 5.673942826502969e-06, 7.3318174796473875e-06]",0.2442344869578897,COMPLETE,3,5,2L2A_COUPLED_FREEC,legacy_price_return_abs_time
140,6.682970062502377e-06,0.5556850825366446,0.022268082954542988,-0.9135923177532255,15.181053689715776,0.08845932163427182,0.5556850825366446,0.022268082954542988,-0.9135923177532255,15.181053689715776,0.08845932163427182,0.06666667,"[7.287005824104696e-06, 6.174289576498561e-06, 6.587614786903878e-06]",0.24063903210361914,COMPLETE,3,5,2L2A_COUPLED_FREEC,legacy_price_return_abs_time
41,6.7044033322018365e-06,0.430145429340399,0.25455032571907193,-1.4588560555744055,12.774291385606881,0.6871869796025722,0.430145429340399,0.25455032571907193,-1.4588560555744055,12.774291385606881,0.6871869796025722,3.33333334,"[7.219461611772131e-06, 5.6499644633628076e-06, 7.2437839214705704e-06]",0.24229035164689502,COMPLETE,3,5,2L2A_COUPLED_FREEC,legacy_price_return_abs_time
117,6.716972325118504e-06,3.319448309665495,0.01603362740042964,-0.9898202985720358,21.424817910463098,0.13546540978651134,3.319448309665495,0.01603362740042964,-0.9898202985720358,21.424817910463098,0.13546540978651134,66.66666667,"[7.3664685236703215e-06, 6.537811794834795e-06, 6.246636656850394e-06]",0.23424060738114835,COMPLETE,3,5,2L2A_COUPLED_FREEC,legacy_price_return_abs_time
7,6.806421077844876e-06,1.3808448660841477,3.3757352010718598,-0.542485809893599,21.552107787460216,0.9406982745333503,1.3808448660841477,3.3757352010718598,-0.542485809893599,21.552107787460216,0.9406982745333503,3.33333334,"[7.33639627488539e-06, 5.709742549324248e-06, 7.373124409324991e-06]",0.23099283714774468,COMPLETE,3,5,2L2A_COUPLED_FREEC,legacy_price_return_abs_time
148,6.818490284597078e-06,1.0837234211065452,0.031524656222604364,-0.8431437512420059,13.289876922138998,0.1399382951748063,1.0837234211065452,0.031524656222604364,-0.8431437512420059,13.289876922138998,0.1399382951748063,0.00333334,"[7.5513497311286974e-06, 6.322214647209154e-06, 6.581906475453382e-06]",0.22541879895396302,COMPLETE,3,5,2L2A_COUPLED_FREEC,legacy_price_return_abs_time
78,6.829386547462971e-06,1.238676930941461,0.02406784705295076,-0.8634944381342811,16.120904779712657,0.27800833324934726,1.238676930941461,0.02406784705295076,-0.8634944381342811,16.120904779712657,0.27800833324934726,0.03366667,"[7.73305921117355e-06, 5.852040932215927e-06, 6.903059498999436e-06]",0.22856157302707925,COMPLETE,3,5,2L2A_COUPLED_FREEC,legacy_price_return_abs_time
43,6.8395037298100885e-06,0.48100283929044674,0.01983677081339518,-1.4843781270861152,13.00478654794528,0.6852752878513143,0.48100283929044674,0.01983677081339518,-1.4843781270861152,13.00478654794528,0.6852752878513143,1.0000000000000002e-08,"[7.11635474132221e-06, 5.841473806604237e-06, 7.560682641503821e-06]",0.2256289326655159,COMPLETE,3,5,2L2A_COUPLED_FREEC,legacy_price_return_abs_time
40,6.847090057799507e-06,1.7302860751184879,0.031130824513128808,-0.6569981534388004,12.857182730682553,0.12222960954965896,1.7302860751184879,0.031130824513128808,-0.6569981534388004,12.857182730682553,0.12222960954965896,0.036666670000000005,"[7.541019794327401e-06, 6.480689918666758e-06, 6.519560460404363e-06]",0.22098054098793127,COMPLETE,3,5,2L2A_COUPLED_FREEC,legacy_price_return_abs_time
138,6.856918389298195e-06,0.4689707034020641,0.01289848813926859,-0.9382519086321114,18.600833339308313,0.11463500032845544,0.4689707034020641,0.01289848813926859,-0.9382519086321114,18.600833339308313,0.11463500032845544,0.036666670000000005,"[7.50196156117841e-06, 6.452322857729785e-06, 6.61647074898639e-06]",0.22001034047881085,COMPLETE,3,5,2L2A_COUPLED_FREEC,legacy_price_return_abs_time
53,6.881785265594479e-06,0.2840352101521122,0.015275548472087666,-1.772741736757222,15.250084314700608,0.0635642151970704,0.2840352101521122,0.015275548472087666,-1.772741736757222,15.250084314700608,0.0635642151970704,33.333333669999995,"[7.847417772395454e-06, 6.457433243791714e-06, 6.3405047805962685e-06]",0.21831352586646569,COMPLETE,3,5,2L2A_COUPLED_FREEC,legacy_price_return_abs_time
44,6.884528632115907e-06,0.39298356429513087,0.01700456031687174,-1.4164051047727,10.048718701492463,0.1452239453822232,0.39298356429513087,0.01700456031687174,-1.4164051047727,10.048718701492463,0.1452239453822232,6.667e-05,"[7.837452755213569e-06, 6.258635527261766e-06, 6.557497613872388e-06]",0.2195779435050109,COMPLETE,3,5,2L2A_COUPLED_FREEC,legacy_price_return_abs_time
33,6.886589489198283e-06,3.0466414138454745,0.01036674872428994,0.49506363160671213,19.382749415471963,1.045035849337156,3.0466414138454745,0.01036674872428994,0.49506363160671213,19.382749415471963,1.045035849337156,1.0000000000000002e-08,"[7.3090195365885155e-06, 5.842211093687599e-06, 7.508537837318737e-06]",0.22105946907753324,COMPLETE,3,5,2L2A_COUPLED_FREEC,legacy_price_return_abs_time
104,6.890345690169016e-06,0.7783563426619778,0.011158683466781004,-1.1006477522691986,54.06010788034084,0.10011080904538976,0.7783563426619778,0.011158683466781004,-1.1006477522691986,54.06010788034084,0.10011080904538976,0.04,"[7.445107435119211e-06, 6.411041731549922e-06, 6.814887903837915e-06]",0.21650264884974427,COMPLETE,3,5,2L2A_COUPLED_FREEC,legacy_price_return_abs_time
81,6.895882247551685e-06,2.0200586825386253,0.024307091671189246,-1.1526561917780713,55.85184014938906,0.12606433392515495,2.0200586825386253,0.024307091671189246,-1.1526561917780713,55.85184014938906,0.12606433392515495,0.00333334,"[7.601465732244177e-06, 6.542989188777255e-06, 6.543191821633625e-06]",0.21532064184055758,COMPLETE,3,5,2L2A_COUPLED_FREEC,legacy_price_return_abs_time
106,6.899689322241444e-06,0.7159457586521304,0.011034435924116957,-1.138221700544432,51.46034442725551,0.10444980983977802,0.7159457586521304,0.011034435924116957,-1.138221700544432,51.46034442725551,0.10444980983977802,0.03333367,"[7.475682405662824e-06, 6.422794430270917e-06, 6.800591130790593e-06]",0.21547901815482032,COMPLETE,3,5,2L2A_COUPLED_FREEC,legacy_price_return_abs_time
116,6.902009127384435e-06,26.737430006066244,0.03379344797689292,-0.702330744137495,22.105192693144037,0.16317361505139716,26.737430006066244,0.03379344797689292,-0.702330744137495,22.105192693144037,0.16317361505139716,0.0036666700000000003,"[7.636179569925511e-06, 6.743724254870384e-06, 6.326123557357411e-06]",0.21314523132186838,COMPLETE,3,5,2L2A_COUPLED_FREEC,legacy_price_return_abs_time
37,6.902804483226575e-06,1.8860201351294223,0.012486991777176937,-0.8113427463383855,13.640330146503828,0.259893352086275,1.8860201351294223,0.012486991777176937,-0.8113427463383855,13.640330146503828,0.259893352086275,0.00336667,"[7.906821961357236e-06, 6.275617708222245e-06, 6.525973780100241e-06]",0.217653572853418,COMPLETE,3,5,2L2A_COUPLED_FREEC,legacy_price_return_abs_time
118,6.903538390841544e-06,1.4085877241289166,0.015745486095868084,-0.9994778405287061,29.760168670983834,0.21522265405602947,1.4085877241289166,0.015745486095868084,-0.9994778405287061,29.760168670983834,0.21522265405602947,0.00333334,"[7.834305926197874e-06, 6.452797698847145e-06, 6.4235115474796155e-06]",0.21592635078956993,COMPLETE,3,5,2L2A_COUPLED_FREEC,legacy_price_return_abs_time
142,6.90776220192165e-06,0.5915337325934817,0.010248711109496182,-1.2276874307461063,23.439784283367313,0.19171793436535386,0.5915337325934817,0.010248711109496182,-1.2276874307461063,23.439784283367313,0.19171793436535386,0.00033333999999999995,"[7.860520619949437e-06, 6.544913761614104e-06, 6.317852224201408e-06]",0.21480514331251876,COMPLETE,3,5,2L2A_COUPLED_FREEC,legacy_price_return_abs_time
63,6.907914185592965e-06,0.5796717519850962,0.022135509605496227,-1.2451460989123744,11.654392987484226,0.10421417458452159,0.5796717519850962,0.022135509605496227,-1.2451460989123744,11.654392987484226,0.10421417458452159,0.00033333999999999995,"[7.8311802859119e-06, 6.5708342183513155e-06, 6.321728052515678e-06]",0.21448959394357034,COMPLETE,3,5,2L2A_COUPLED_FREEC,legacy_price_return_abs_time
136,6.917313724103684e-06,0.4454722605206959,0.013515753308165443,-1.0373446494390959,12.213160722082511,0.1273945671893878,0.4454722605206959,0.013515753308165443,-1.0373446494390959,12.213160722082511,0.1273945671893878,0.00033333999999999995,"[7.811546926845842e-06, 6.615067949372163e-06, 6.325326296093046e-06]",0.21304368675383054,COMPLETE,3,5,2L2A_COUPLED_FREEC,legacy_price_return_abs_time
36,6.920885725934052e-06,12.151815879429865,0.028253052986622208,-0.7760920109180657,19.692851280150055,0.2532812013813056,12.151815879429865,0.028253052986622208,-0.7760920109180657,19.692851280150055,0.2532812013813056,0.00333667,"[7.922755107294575e-06, 6.392126907128936e-06, 6.447775163378643e-06]",0.21478616201595946,COMPLETE,3,5,2L2A_COUPLED_FREEC,legacy_price_return_abs_time
105,6.927388106996533e-06,0.8044740707681571,0.011143933332458118,-1.082379031815237,52.959032979086174,0.10003554285332981,0.8044740707681571,0.011143933332458118,-1.082379031815237,52.959032979086174,0.10003554285332981,0.04,"[7.5288494584000455e-06, 6.459758374976341e-06, 6.793556487613212e-06]",0.21231148446283535,COMPLETE,3,5,2L2A_COUPLED_FREEC,legacy_price_return_abs_time
11,6.990777157724876e-06,2.870621207758941,0.018789571588077154,-0.5673319023176386,11.279119700249161,0.03081589038301685,2.870621207758941,0.018789571588077154,-0.5673319023176386,11.279119700249161,0.03081589038301685,0.006999999999999999,"[8.208980139286314e-06, 6.3159472609242695e-06, 6.447404072964044e-06]",0.2086245993693976,COMPLETE,3,5,2L2A_COUPLED_FREEC,legacy_price_return_abs_time
38,7.063343387937857e-06,2.5767139937302423,0.027932806337841676,-0.6847448338209787,75.7550440225961,1.1004702860100388,2.5767139937302423,0.027932806337841676,-0.6847448338209787,75.7550440225961,1.1004702860100388,1.0000000000000002e-08,"[7.537142221499923e-06, 5.940315365518938e-06, 7.71257257679471e-06]",0.20160850233801456,COMPLETE,3,5,2L2A_COUPLED_FREEC,legacy_price_return_abs_time
13,7.397437079956578e-06,16.581569475298963,0.15801669476033564,-1.907245028723651,37.998715603850876,1.7018792600504542,16.581569475298963,0.15801669476033564,-1.907245028723651,37.998715603850876,1.7018792600504542,0.06666667,"[7.67643462698297e-06, 6.234982726138104e-06, 8.280893886748657e-06]",0.1630626419297436,COMPLETE,3,5,2L2A_COUPLED_FREEC,legacy_price_return_abs_time
22,7.6721196202853e-06,7.703806322608857,0.46998388127666474,-0.235945865193465,53.6877400597608,2.2921636111414103,7.703806322608857,0.46998388127666474,-0.235945865193465,53.6877400597608,2.2921636111414103,0.03366667,"[8.075427984030226e-06, 6.724221962980936e-06, 8.216708913844737e-06]",0.13026916420818382,COMPLETE,3,5,2L2A_COUPLED_FREEC,legacy_price_return_abs_time
62,8.124618329005141e-06,4.391863142567134,0.15819290161212593,-0.22360630483789468,14.381277916674167,4.415473941527368,4.391863142567134,0.15819290161212593,-0.22360630483789468,14.381277916674167,4.415473941527368,0.00336667,"[8.783672267532795e-06, 6.988970054621588e-06, 8.60121266486104e-06]",0.08074911798898932,COMPLETE,3,5,2L2A_COUPLED_FREEC,legacy_price_return_abs_time
3,8.136532069717173e-06,22.550709060619575,0.022698094558618532,1.5941942959484359,11.686945409356213,7.720313323626807,22.550709060619575,0.022698094558618532,1.5941942959484359,11.686945409356213,7.720313323626807,0.0036999999999999997,"[8.815536779004757e-06, 6.951637521941757e-06, 8.642421908205004e-06]",0.07984187675060872,COMPLETE,3,5,2L2A_COUPLED_FREEC,legacy_price_return_abs_time
5,8.143613784707252e-06,0.02310872025555583,5.051268789179018,1.1451942559292463,10.949211496926582,23.962541369648445,5.051268789179018,0.02310872025555583,1.1451942559292463,23.962541369648445,10.949211496926582,3.399999999999999e-07,"[8.833395145092274e-06, 6.958774360912372e-06, 8.638671848117109e-06]",0.07906381225036778,COMPLETE,3,5,2L2A_COUPLED_FREEC,legacy_price_return_abs_time
110,8.151855322449084e-06,0.010119878376028311,0.021165373475416124,-1.2099332443842599,62.16485181286005,14.48398069169303,0.010119878376028311,0.021165373475416124,-1.2099332443842599,62.16485181286005,14.48398069169303,3.399999999999999e-07,"[8.834769902518412e-06, 6.965859923862279e-06, 8.654936140966563e-06]",0.07810804179801793,COMPLETE,3,5,2L2A_COUPLED_FREEC,legacy_price_return_abs_time
12,8.519897819271854e-06,0.349234814227339,0.19296420031176764,1.5785369867828116,24.84229715675292,16.560180232723294,0.349234814227339,0.19296420031176764,1.5785369867828116,24.84229715675292,16.560180232723294,1.0000000000000002e-08,"[9.242817616374785e-06, 7.242070989872856e-06, 9.074804851567924e-06]",0.036821915204203894,COMPLETE,3,5,2L2A_COUPLED_FREEC,legacy_price_return_abs_time
6,9.362436229705913e-06,0.07833238684571031,1.869437254439405,0.9677751640097854,16.963186001066152,28.561676726701045,1.869437254439405,0.07833238684571031,0.9677751640097854,28.561676726701045,16.963186001066152,100.0,"[9.754772837353312e-06, 8.22906765044425e-06, 1.0103468201320182e-05]",-0.06184597554915772,COMPLETE,3,5,2L2A_COUPLED_FREEC,legacy_price_return_abs_time
113,9.362436318413353e-06,2.2560725841678675,0.03222504697137009,-0.6583369560031805,62.26535888666385,18.405536261659154,2.2560725841678675,0.03222504697137009,-0.6583369560031805,62.26535888666385,18.405536261659154,100.0,"[9.754772936865232e-06, 8.22906765099808e-06, 1.0103468367376744e-05]",-0.06184598496655935,COMPLETE,3,5,2L2A_COUPLED_FREEC,legacy_price_return_abs_time
0,9.362436354713531e-06,2.5137413931045796,0.011387225782364946,-0.7657334092081571,28.042426718368425,16.669554361813756,2.5137413931045796,0.011387225782364946,-0.7657334092081571,28.042426718368425,16.669554361813756,100.0,"[9.754772972946848e-06, 8.229067663637712e-06, 1.0103468427556033e-05]",-0.06184598893428558,COMPLETE,3,5,2L2A_COUPLED_FREEC,legacy_price_return_abs_time
111,9.362436502035044e-06,2.549060539338616,0.019428671694079913,-1.5417520611384599,61.2906899183188,14.188451160272614,2.549060539338616,0.019428671694079913,-1.5417520611384599,61.2906899183188,14.188451160272614,100.0,"[9.754773078008814e-06, 8.22906782498848e-06, 1.010346860310784e-05]",-0.061846006048533964,COMPLETE,3,5,2L2A_COUPLED_FREEC,legacy_price_return_abs_time
39,3.293687085536693e-06,1.9515655476366294,0.3201635201763932,-0.8218944941795128,40.14415103834218,0.09166854098557742,1.9515655476366294,0.3201635201763932,-0.8218944941795128,40.14415103834218,0.09166854098557742,33.66666667,"[3.797958103119455e-06, 3.2094725091397258e-06, 2.8736306443508987e-06]",0.6278418135214755,COMPLETE,4,1,2L2A_COUPLED_FREEC,legacy_price_return_abs_time
129,3.3062250790237858e-06,1.9431006457482742,0.3028607800526938,-1.7819297104071155,50.47388646367399,0.039366403793530305,1.9431006457482742,0.3028607800526938,-1.7819297104071155,50.47388646367399,0.039366403793530305,3.66666667,"[3.8949484005065714e-06, 3.1912452298741733e-06, 2.832481606690614e-06]",0.6269256983132483,COMPLETE,4,1,2L2A_COUPLED_FREEC,legacy_price_return_abs_time
131,3.314916938706778e-06,2.074442946131568,0.31221661506486503,-1.762974786359041,51.54651434723112,0.05867905502029082,2.074442946131568,0.31221661506486503,-1.762974786359041,51.54651434723112,0.05867905502029082,33.66666667,"[3.7932678253147094e-06, 3.2087626308606726e-06, 2.9427203599449526e-06]",0.6255013360902354,COMPLETE,4,1,2L2A_COUPLED_FREEC,legacy_price_return_abs_time
125,3.31642693798471e-06,7.740073108261857,0.9755036183981939,-1.8168680242256445,42.44388824674181,0.02839965370559542,7.740073108261857,0.9755036183981939,-1.8168680242256445,42.44388824674181,0.02839965370559542,33.66666667,"[3.7761723062326885e-06, 3.2461861847653855e-06, 2.926922322956057e-06]",0.625004307350761,COMPLETE,4,1,2L2A_COUPLED_FREEC,legacy_price_return_abs_time
81,3.3232340402514316e-06,4.797317008774472,0.7090441332391055,-1.5361248625796282,35.51041851302684,0.046221053336018045,4.797317008774472,0.7090441332391055,-1.5361248625796282,35.51041851302684,0.046221053336018045,33.66666667,"[3.7637880024801353e-06, 3.2431231062035353e-06, 2.9627910120706246e-06]",0.6242379714266751,COMPLETE,4,1,2L2A_COUPLED_FREEC,legacy_price_return_abs_time
136,3.3266990499580676e-06,1.4144201785850923,0.1980676424442366,-1.8830469702863715,51.82829453942065,0.027622640836413748,1.4144201785850923,0.1980676424442366,-1.8830469702863715,51.82829453942065,0.027622640836413748,3.66666667,"[3.979119362514307e-06, 3.1853016219796026e-06, 2.8156761653802926e-06]",0.6250056303996196,COMPLETE,4,1,2L2A_COUPLED_FREEC,legacy_price_return_abs_time
124,3.330792584758286e-06,1.238065455687062,0.9123021158284113,-1.8040846291761587,46.31842033074641,0.024043292158575206,1.238065455687062,0.9123021158284113,-1.8040846291761587,46.31842033074641,0.024043292158575206,3.6667,"[4.1678866359626956e-06, 3.0724094372802093e-06, 2.752081681031954e-06]",0.626017726751992,COMPLETE,4,1,2L2A_COUPLED_FREEC,legacy_price_return_abs_time
97,3.3312241519298355e-06,0.11708429129108679,1.202735864929702,-1.7297964863365465,42.287828295735075,0.02391198687412609,0.11708429129108679,1.202735864929702,-1.7297964863365465,42.287828295735075,0.02391198687412609,3.6667,"[4.1858561332269625e-06, 3.0605945997052472e-06, 2.747221722857298e-06]",0.6261172891250534,COMPLETE,4,1,2L2A_COUPLED_FREEC,legacy_price_return_abs_time
22,3.331647918964316e-06,0.3575451090837248,1.1571401802863581,-1.5057143137155786,31.913122502300833,0.02494077278796929,0.3575451090837248,1.1571401802863581,-1.5057143137155786,31.913122502300833,0.02494077278796929,3.6667,"[4.175356217269702e-06, 3.0671160911291173e-06, 2.7524714484941295e-06]",0.6259877270432123,COMPLETE,4,1,2L2A_COUPLED_FREEC,legacy_price_return_abs_time
18,3.3324386950503548e-06,2.309546141011582,1.675750895141987,-1.5264327498952244,47.25931303159037,0.04775229176321172,2.309546141011582,1.675750895141987,-1.5264327498952244,47.25931303159037,0.04775229176321172,3.6667,"[4.156884070434098e-06, 3.0802988809987744e-06, 2.7601331337181915e-06]",0.6257423190736762,COMPLETE,4,1,2L2A_COUPLED_FREEC,legacy_price_return_abs_time
58,3.3327136537100433e-06,0.3067548958843031,1.198704408223111,0.8230922608134233,34.11231190280096,0.07146117394967973,0.3067548958843031,1.198704408223111,0.8230922608134233,34.11231190280096,0.07146117394967973,3.6667,"[4.200651696660449e-06, 3.054822723065882e-06, 2.742666541403799e-06]",0.6260458573437484,COMPLETE,4,1,2L2A_COUPLED_FREEC,legacy_price_return_abs_time
40,3.3328196847352864e-06,6.567519573912269,2.6348366753061168,-1.6395006485686454,46.26026597165809,0.037248957134505926,6.567519573912269,2.6348366753061168,-1.6395006485686454,46.26026597165809,0.037248957134505926,3.6667,"[4.145265171914502e-06, 3.0909994131074893e-06, 2.762194469183867e-06]",0.6255831141585809,COMPLETE,4,1,2L2A_COUPLED_FREEC,legacy_price_return_abs_time
109,3.333560391102126e-06,0.21863499674923187,1.5552306441981936,-1.2465113424768577,31.127511010300672,0.04088084599235354,0.21863499674923187,1.5552306441981936,-1.2465113424768577,31.127511010300672,0.04088084599235354,3.6667,"[4.207054690770538e-06, 3.0520865258889248e-06, 2.7415399566469164e-06]",0.6259945043700167,COMPLETE,4,1,2L2A_COUPLED_FREEC,legacy_price_return_abs_time
55,3.3343353992524567e-06,0.3078673492595796,1.3864370314666572,-1.2274173274803735,47.39731621683984,0.06653393473211613,0.3078673492595796,1.3864370314666572,-1.2274173274803735,47.39731621683984,0.06653393473211613,3.6667,"[4.171408698424768e-06, 3.071571666352701e-06, 2.760025832979901e-06]",0.6256469051663982,COMPLETE,4,1,2L2A_COUPLED_FREEC,legacy_price_return_abs_time
127,3.3354215714087123e-06,0.9932955359579398,1.4979156891703433,-1.8166451433402848,42.74130657311681,0.012376741149307462,0.9932955359579398,1.4979156891703433,-1.8166451433402848,42.74130657311681,0.012376741149307462,3.6667,"[4.208439198170322e-06, 3.0538828401775344e-06, 2.7439426758782804e-06]",0.6257817693054731,COMPLETE,4,1,2L2A_COUPLED_FREEC,legacy_price_return_abs_time
147,3.337444990525269e-06,0.42696897988453303,1.0608910472402737,-1.7111534230817285,44.03862607097652,0.022386859764790306,0.42696897988453303,1.0608910472402737,-1.7111534230817285,44.03862607097652,0.022386859764790306,3.6667,"[4.219243142527236e-06, 3.049959189616005e-06, 2.743132639432566e-06]",0.625624783942107,COMPLETE,4,1,2L2A_COUPLED_FREEC,legacy_price_return_abs_time
38,3.3380509391526077e-06,2.1411863112879823,2.269384217954364,-1.6479087847115923,42.97389452996248,0.0373401527737466,2.1411863112879823,2.269384217954364,-1.6479087847115923,42.97389452996248,0.0373401527737466,3.6667,"[4.1532686985464306e-06, 3.087190219603552e-06, 2.7736938993078404e-06]",0.6250638180652704,COMPLETE,4,1,2L2A_COUPLED_FREEC,legacy_price_return_abs_time
59,3.3382347425594688e-06,0.301017536580999,1.3234390067450295,-1.569758301796086,34.32584280432344,0.016800705486347454,0.301017536580999,1.3234390067450295,-1.569758301796086,34.32584280432344,0.016800705486347454,3.6667,"[4.22348353850412e-06, 3.048452099883642e-06, 2.742768589290645e-06]",0.6255634129582684,COMPLETE,4,1,2L2A_COUPLED_FREEC,legacy_price_return_abs_time
74,3.3382650644581116e-06,0.11904635280025369,1.1507808793741696,-1.8214931740708087,41.243009910230626,0.019841437717060026,0.11904635280025369,1.1507808793741696,-1.8214931740708087,41.243009910230626,0.019841437717060026,3.6667,"[4.168899169850956e-06, 3.0765880219927514e-06, 2.7693080015306268e-06]",0.6251704982788229,COMPLETE,4,1,2L2A_COUPLED_FREEC,legacy_price_return_abs_time
120,3.339343333493898e-06,1.2991987292922917,0.922339356762204,-1.6585288872971462,44.15615060646906,0.025873921277791805,1.2991987292922917,0.922339356762204,-1.6585288872971462,44.15615060646906,0.025873921277791805,3.6667,"[4.210302462696679e-06, 3.058098060626919e-06, 2.749629477158096e-06]",0.625326812049309,COMPLETE,4,1,2L2A_COUPLED_FREEC,legacy_price_return_abs_time
96,3.3393644666669214e-06,0.11237276968695986,0.7723742863935829,-1.740718791534002,39.352805258551776,0.023829381193255894,0.11237276968695986,0.7723742863935829,-1.740718791534002,39.352805258551776,0.023829381193255894,3.6667,"[4.167121461311588e-06, 3.078757895220235e-06, 2.772214043468941e-06]",0.6250279860095382,COMPLETE,4,1,2L2A_COUPLED_FREEC,legacy_price_return_abs_time
57,3.34225943011751e-06,0.9977214794432341,1.3719569849718067,-0.7883998315358054,47.628359361548256,0.07435341762170057,0.9977214794432341,1.3719569849718067,-0.7883998315358054,47.628359361548256,0.07435341762170057,3.6667,"[4.230320298083148e-06, 3.049389660238747e-06, 2.747068332030636e-06]",0.6251378808547856,COMPLETE,4,1,2L2A_COUPLED_FREEC,legacy_price_return_abs_time
16,3.343406945618777e-06,1.1074254425161203,1.8017479927076379,-0.7123166522791295,47.16227915721651,0.09212192016781637,1.1074254425161203,1.8017479927076379,-0.7123166522791295,47.16227915721651,0.09212192016781637,3.6667,"[4.156677126512927e-06, 3.0896823479924404e-06, 2.7838613623509642e-06]",0.6244692657617968,COMPLETE,4,1,2L2A_COUPLED_FREEC,legacy_price_return_abs_time
149,3.344780574494638e-06,1.434003790356125,0.3835647107257984,-1.8198024297309348,44.55034998721788,0.014203416709553664,1.434003790356125,0.3835647107257984,-1.8198024297309348,44.55034998721788,0.014203416709553664,3.6667,"[4.170689241535826e-06, 3.094588000744776e-06, 2.7690644812033126e-06]",0.6243298054950096,COMPLETE,4,1,2L2A_COUPLED_FREEC,legacy_price_return_abs_time
146,3.345925642818154e-06,1.4497472082683354,0.3660263216659951,-1.723327971921462,44.600925308725664,0.02191621124277431,1.4497472082683354,0.3660263216659951,-1.723327971921462,44.600925308725664,0.02191621124277431,3.6667,"[4.168376662272064e-06, 3.0982162871995742e-06, 2.7711839789828246e-06]",0.6241698123640276,COMPLETE,4,1,2L2A_COUPLED_FREEC,legacy_price_return_abs_time
13,3.3470188430595627e-06,1.540647767487906,4.105102437572443,-0.9383106877847304,43.358446009930404,0.0844372242108057,1.540647767487906,4.105102437572443,-0.9383106877847304,43.358446009930404,0.0844372242108057,3.66667,"[4.153443408820862e-06, 3.093431052348684e-06, 2.7941820680091425e-06]",0.6240345673217145,COMPLETE,4,1,2L2A_COUPLED_FREEC,legacy_price_return_abs_time
98,3.349135368169535e-06,0.12067267478188269,1.340410615401586,-1.875506780831973,43.00435197261626,0.024390641832223694,0.12067267478188269,1.340410615401586,-1.875506780831973,43.00435197261626,0.024390641832223694,3.66667,"[4.149269812186933e-06, 3.0949942696606796e-06, 2.8031420226609932e-06]",0.6237768019670158,COMPLETE,4,1,2L2A_COUPLED_FREEC,legacy_price_return_abs_time
134,3.3495462721966124e-06,2.1430586813807344,0.688986052134165,-1.9946319185522075,50.978469430124065,0.02644516361214432,2.1430586813807344,0.688986052134165,-1.9946319185522075,50.978469430124065,0.02644516361214432,3.6667,"[4.1128138514863165e-06, 3.1293367019733856e-06, 2.8064882631301348e-06]",0.6233577517882953,COMPLETE,4,1,2L2A_COUPLED_FREEC,legacy_price_return_abs_time
54,3.350343764863515e-06,2.5819158484662488,1.3894901806430318,-1.2570785686175154,47.73220816792823,0.07375168481901591,2.5819158484662488,1.3894901806430318,-1.2570785686175154,47.73220816792823,0.07375168481901591,3.66667,"[4.119060576633663e-06, 3.1189182394653896e-06, 2.813052478491492e-06]",0.6233674737507,COMPLETE,4,1,2L2A_COUPLED_FREEC,legacy_price_return_abs_time
118,3.3511288445496333e-06,0.28924828337254754,1.2488403914077575,-1.6971955010710928,44.955860528069366,0.04677006316952446,0.28924828337254754,1.2488403914077575,-1.6971955010710928,44.955860528069366,0.04677006316952446,3.33337,"[4.1265805361376404e-06, 3.111648744739339e-06, 2.815157252771919e-06]",0.6233598095198513,COMPLETE,4,1,2L2A_COUPLED_FREEC,legacy_price_return_abs_time
25,3.3512604665201332e-06,3.0017097982060688,1.0774924509022967,-1.3566091856109759,30.155311856152867,0.02561437576455761,3.0017097982060688,1.0774924509022967,-1.3566091856109759,30.155311856152867,0.02561437576455761,3.6667,"[4.188022000326433e-06, 3.0921837726589593e-06, 2.7735756265750086e-06]",0.623694608407154,COMPLETE,4,1,2L2A_COUPLED_FREEC,legacy_price_return_abs_time
108,3.351881780337109e-06,0.01659610457909573,1.544045142771991,-1.899758479176133,48.072173242668136,0.03897461331237877,0.01659610457909573,1.544045142771991,-1.899758479176133,48.072173242668136,0.03897461331237877,3.33337,"[4.120199931518771e-06, 3.119245252445695e-06, 2.816200157046861e-06]",0.6232001273053829,COMPLETE,4,1,2L2A_COUPLED_FREEC,legacy_price_return_abs_time
79,3.3541223037684096e-06,0.6159703089739473,1.8810538443927498,-1.5095237754882238,36.341953314263954,0.052122013434507,0.6159703089739473,1.8810538443927498,-1.5095237754882238,36.341953314263954,0.052122013434507,3.33337,"[4.111740564887523e-06, 3.126419318474624e-06, 2.8242070279430824e-06]",0.6228732807684799,COMPLETE,4,1,2L2A_COUPLED_FREEC,legacy_price_return_abs_time
77,3.3557200402261427e-06,0.2561891425110476,1.6699644478001,-1.810066634600103,51.05279009715418,0.020391094105457037,0.2561891425110476,1.6699644478001,-1.810066634600103,51.05279009715418,0.020391094105457037,3.6667,"[4.272269377815964e-06, 3.041359263521589e-06, 2.753531479340876e-06]",0.6238606137773092,COMPLETE,4,1,2L2A_COUPLED_FREEC,legacy_price_return_abs_time
78,3.360332098478192e-06,0.6268705510230468,1.7031040411816607,-1.5205306188964336,36.25295767940058,0.05379594618657837,0.6268705510230468,1.7031040411816607,-1.5205306188964336,36.25295767940058,0.05379594618657837,3.33337,"[4.104744211612539e-06, 3.1354969647276973e-06, 2.8407551190943407e-06]",0.6221018254477043,COMPLETE,4,1,2L2A_COUPLED_FREEC,legacy_price_return_abs_time
99,3.361175226075138e-06,0.04872382222555117,0.6585753149476132,-1.7524141586408815,43.18859874799676,0.012546195645843488,0.04872382222555117,0.6585753149476132,-1.7524141586408815,43.18859874799676,0.012546195645843488,3.6667,"[4.285973696219782e-06, 3.040043488318465e-06, 2.7575084936871682e-06]",0.6233176954690446,COMPLETE,4,1,2L2A_COUPLED_FREEC,legacy_price_return_abs_time
36,3.3615481298683662e-06,2.124833302223611,2.845086844322993,-0.9811401139911413,69.09397705479995,0.10425361170605738,2.124833302223611,2.845086844322993,-0.9811401139911413,69.09397705479995,0.10425361170605738,3.33337,"[4.102664810682718e-06, 3.137779793524647e-06, 2.8441997853977343e-06]",0.621944671665756,COMPLETE,4,1,2L2A_COUPLED_FREEC,legacy_price_return_abs_time
126,3.3625490489406094e-06,0.9154731944006779,0.9668492777590675,-1.8036243246480872,45.809286378800024,0.011807906781379647,0.9154731944006779,0.9668492777590675,-1.8036243246480872,45.809286378800024,0.011807906781379647,3.6999999999999997,"[4.276469105146634e-06, 3.0447618299146062e-06, 2.7664162117605877e-06]",0.6231004103112706,COMPLETE,4,1,2L2A_COUPLED_FREEC,legacy_price_return_abs_time
56,3.3625921418420943e-06,1.12007607841765,1.3634386777797818,-0.80593049753789,48.41761997450701,0.06977810620095032,1.12007607841765,1.3634386777797818,-0.80593049753789,48.41761997450701,0.06977810620095032,3.6999999999999997,"[4.279858103643229e-06, 3.043899359016909e-06, 2.7640189628661446e-06]",0.6231133998939492,COMPLETE,4,1,2L2A_COUPLED_FREEC,legacy_price_return_abs_time
141,3.3632440596350398e-06,0.78935217349471,0.2211664275500127,-1.5842735662029095,46.658018733169534,0.02764401535104785,0.78935217349471,0.2211664275500127,-1.5842735662029095,46.658018733169534,0.02764401535104785,3.6999999999999997,"[4.226030657404614e-06, 3.070125240239173e-06, 2.793576281261333e-06]",0.6226687884073543,COMPLETE,4,1,2L2A_COUPLED_FREEC,legacy_price_return_abs_time
113,3.3650388836899614e-06,0.22828827185643036,2.200162932404491,-1.2332520913950866,31.238736973302075,0.03352915965165253,0.22828827185643036,2.200162932404491,-1.2332520913950866,31.238736973302075,0.03352915965165253,3.6999999999999997,"[4.2896878269103566e-06, 3.0391783955138264e-06, 2.766250428645701e-06]",0.6229125093149853,COMPLETE,4,1,2L2A_COUPLED_FREEC,legacy_price_return_abs_time
144,3.36529707097071e-06,0.46136943096687316,1.7547929555538404,-1.724163466241888,49.22065988326489,0.021432267659416596,0.46136943096687316,1.7547929555538404,-1.724163466241888,49.22065988326489,0.021432267659416596,3.6999999999999997,"[4.286763636394921e-06, 3.0395292699380933e-06, 2.769598306579116e-06]",0.6228717628662043,COMPLETE,4,1,2L2A_COUPLED_FREEC,legacy_price_return_abs_time
85,3.366371071108879e-06,4.869268494368729,0.7241894783031012,-1.1659064564339818,33.569349870880586,0.08565006272938028,4.869268494368729,0.7241894783031012,-1.1659064564339818,33.569349870880586,0.08565006272938028,36.66666667,"[3.8210270297041385e-06, 3.2396760265043308e-06, 3.038410157118168e-06]",0.6197218018551788,COMPLETE,4,1,2L2A_COUPLED_FREEC,legacy_price_return_abs_time
23,3.3691892981316495e-06,0.010077164912800345,1.0020977205707018,-1.3748134811687271,32.191557147369316,0.0212906323902403,0.010077164912800345,1.0020977205707018,-1.3748134811687271,32.191557147369316,0.0212906323902403,3.6999999999999997,"[4.287515481908866e-06, 3.037673085490079e-06, 2.7823793269960036e-06]",0.6224607181460499,COMPLETE,4,1,2L2A_COUPLED_FREEC,legacy_price_return_abs_time
26,3.3696208613145415e-06,4.404832669720182,1.057744742937502,-1.4252130223914314,31.433969187322713,0.01850770696029396,4.404832669720182,1.057744742937502,-1.4252130223914314,31.433969187322713,0.01850770696029396,3.6999999999999997,"[4.183154000962514e-06, 3.1200769783579906e-06, 2.8056316046231195e-06]",0.6214592077169215,COMPLETE,4,1,2L2A_COUPLED_FREEC,legacy_price_return_abs_time
48,3.370339650897705e-06,2.3108693682772556,0.5382386712129422,-1.9273413233612648,55.61874203399123,0.010224750081863585,2.3108693682772556,0.5382386712129422,-1.9273413233612648,55.61874203399123,0.010224750081863585,3.6999999999999997,"[4.210165382438525e-06, 3.0656005068444104e-06, 2.83525306341018e-06]",0.6218697649055333,COMPLETE,4,1,2L2A_COUPLED_FREEC,legacy_price_return_abs_time
21,3.3706640534237766e-06,0.40435268659169155,3.2786897348264543,-1.8295363844858095,41.69905792202143,0.0404567072719185,0.40435268659169155,3.2786897348264543,-1.8295363844858095,41.69905792202143,0.0404567072719185,3.3333399999999997,"[4.1052898273624115e-06, 3.140601159578429e-06, 2.866101173330489e-06]",0.6209324396956374,COMPLETE,4,1,2L2A_COUPLED_FREEC,legacy_price_return_abs_time
14,3.3708464500756715e-06,1.25352796187774,25.662087811066144,-0.70782792374775,22.019055431976152,0.09862617900422183,1.25352796187774,25.662087811066144,-0.70782792374775,22.019055431976152,0.09862617900422183,3.3333399999999997,"[4.105559425241363e-06, 3.141444738937883e-06, 2.8655351860477687e-06]",0.6209071592709263,COMPLETE,4,1,2L2A_COUPLED_FREEC,legacy_price_return_abs_time
75,3.3717130055589802e-06,0.1575105162314533,1.132926328947951,-1.7956049045952334,31.958556818983052,0.02066754617244903,0.1575105162314533,1.132926328947951,-1.7956049045952334,31.958556818983052,0.02066754617244903,3.3333399999999997,"[4.103614011466885e-06, 3.1436708179893683e-06, 2.8678541872206873e-06]",0.6207892251009272,COMPLETE,4,1,2L2A_COUPLED_FREEC,legacy_price_return_abs_time
117,3.3720336436381976e-06,2.8311404711167163,2.961954121283621,-1.4939989161434442,40.09635653995194,0.0218448473905176,2.8311404711167163,2.961954121283621,-1.4939989161434442,40.09635653995194,0.0218448473905176,3.6999999999999997,"[4.260787358018496e-06, 3.0428687219386383e-06, 2.8124448509574587e-06]",0.6220205718240303,COMPLETE,4,1,2L2A_COUPLED_FREEC,legacy_price_return_abs_time
102,3.3727272754814597e-06,0.057903465998384425,0.48658535111096823,-1.4345095042263765,32.87527173261888,0.015696133717811846,0.057903465998384425,0.48658535111096823,-1.4345095042263765,32.87527173261888,0.015696133717811846,3.6999999999999997,"[4.280611105624515e-06, 3.0383435644755512e-06, 2.7992271563443118e-06]",0.6220442916514806,COMPLETE,4,1,2L2A_COUPLED_FREEC,legacy_price_return_abs_time
61,3.3741726330767475e-06,0.3188229255463208,0.06356925311272005,-1.524124465054218,34.27396477611931,0.016165991806392978,0.3188229255463208,0.06356925311272005,-1.524124465054218,34.27396477611931,0.016165991806392978,3.6999999999999997,"[4.170078909954521e-06, 3.140980348184212e-06, 2.8114586410915095e-06]",0.6207627409903829,COMPLETE,4,1,2L2A_COUPLED_FREEC,legacy_price_return_abs_time
24,3.3756464016661452e-06,3.5076243579503865,3.8582563291764513,-1.4349036965964788,41.237154492708264,0.026448465047618663,3.5076243579503865,3.8582563291764513,-1.4349036965964788,41.237154492708264,0.026448465047618663,3.6999999999999997,"[4.258660942631607e-06, 3.0427644618929384e-06, 2.8255138004738903e-06]",0.6216176917806843,COMPLETE,4,1,2L2A_COUPLED_FREEC,legacy_price_return_abs_time
133,3.376687463788469e-06,1.8961591949854313,0.3164565282531477,-1.9868407759210065,51.59370663554289,0.058084696109519794,1.8961591949854313,0.3164565282531477,-1.9868407759210065,51.59370663554289,0.058084696109519794,33.66666667,"[3.888630333894446e-06, 3.2017232959461575e-06, 3.0397087615248028e-06]",0.6190948538375868,COMPLETE,4,1,2L2A_COUPLED_FREEC,legacy_price_return_abs_time
94,3.3790939202992067e-06,0.10764938107049112,1.1717632386127055,-1.5758425842997654,39.297048428139924,0.06365092023388318,0.10764938107049112,1.1717632386127055,-1.5758425842997654,39.297048428139924,0.06365092023388318,33.333337,"[4.097895622192419e-06, 3.145394169223889e-06, 2.8939919694813105e-06]",0.6199473447519303,COMPLETE,4,1,2L2A_COUPLED_FREEC,legacy_price_return_abs_time
76,3.3792699184968457e-06,0.25288628070843777,1.8405518542068955,-1.8480313519032565,32.0028720797326,0.019914617776326186,0.25288628070843777,1.8405518542068955,-1.8480313519032565,32.0028720797326,0.019914617776326186,33.333337,"[4.097465400518353e-06, 3.1457939285530765e-06, 2.894550426419108e-06]",0.6199236570377128,COMPLETE,4,1,2L2A_COUPLED_FREEC,legacy_price_return_abs_time
93,3.3801757149452698e-06,0.38955876303328724,3.887581349029088,-1.6080266730537667,39.37313207631013,0.06158512598682437,0.38955876303328724,3.887581349029088,-1.6080266730537667,39.37313207631013,0.06158512598682437,33.333337,"[4.097255065548655e-06, 3.145435838399425e-06, 2.89783624088773e-06]",0.6198261613468863,COMPLETE,4,1,2L2A_COUPLED_FREEC,legacy_price_return_abs_time
123,3.380675063390946e-06,0.14012389373703074,1.6388184210970074,-1.2630510652034153,32.80161140963818,0.0788202130093171,0.14012389373703074,1.6388184210970074,-1.2630510652034153,32.80161140963818,0.0788202130093171,33.333337,"[4.097133915856771e-06, 3.14539486583579e-06, 2.899496408480276e-06]",0.6197712519778124,COMPLETE,4,1,2L2A_COUPLED_FREEC,legacy_price_return_abs_time
135,3.3816160757294943e-06,2.1647350841291284,0.6676766431732348,-1.9664149815195175,49.93003045993146,0.05536156085599488,2.1647350841291284,0.6676766431732348,-1.9664149815195175,49.93003045993146,0.05536156085599488,33.33333667,"[3.986532363803894e-06, 3.1724746795456606e-06, 2.9858411838389284e-06]",0.6190975254213119,COMPLETE,4,1,2L2A_COUPLED_FREEC,legacy_price_return_abs_time
91,3.382765870603923e-06,0.4254378551070011,0.15724763885638146,-1.3617760995014256,25.21182497614467,0.06396040070386699,0.4254378551070011,0.15724763885638146,-1.3617760995014256,25.21182497614467,0.06396040070386699,33.66666667,"[3.914275768463316e-06, 3.1902509461673618e-06, 3.043770897181091e-06]",0.6185980386076878,COMPLETE,4,1,2L2A_COUPLED_FREEC,legacy_price_return_abs_time
63,3.385140216646512e-06,0.32983007967078715,0.0711804932022456,0.8158350305072999,34.678941972620436,0.05242100702787194,0.32983007967078715,0.0711804932022456,0.8158350305072999,34.678941972620436,0.05242100702787194,3.6999999999999997,"[4.165985913048123e-06, 3.074718530425848e-06, 2.9147162064655665e-06]",0.6200300317354297,COMPLETE,4,1,2L2A_COUPLED_FREEC,legacy_price_return_abs_time
128,3.3854764602351975e-06,13.709128685999334,1.4400569276998056,-1.7932811759268827,42.23872301341642,0.03854200551426212,13.709128685999334,1.4400569276998056,-1.7932811759268827,42.23872301341642,0.03854200551426212,36.66666667,"[3.843049931246811e-06, 3.274095669804368e-06, 3.039283779654414e-06]",0.6174474335094157,COMPLETE,4,1,2L2A_COUPLED_FREEC,legacy_price_return_abs_time
89,3.386300984819421e-06,3.5239033560872723,0.375026162491199,-1.338551558366921,50.11757046399876,0.04313062306190617,3.5239033560872723,0.375026162491199,-1.338551558366921,50.11757046399876,0.04313062306190617,3.6999999999999997,"[4.128821422428726e-06, 3.1688455215123464e-06, 2.86123601051719e-06]",0.61908897098234,COMPLETE,4,1,2L2A_COUPLED_FREEC,legacy_price_return_abs_time
148,3.3883679625597275e-06,0.4304435951338012,0.3855811862891484,-1.707413904850153,49.50424151278923,0.01406026574044931,0.4304435951338012,0.3855811862891484,-1.707413904850153,49.50424151278923,0.01406026574044931,3.6999999999999997,"[4.244940034556781e-06, 3.0462037394639545e-06, 2.8739601136584465e-06]",0.6201502055728226,COMPLETE,4,1,2L2A_COUPLED_FREEC,legacy_price_return_abs_time
69,3.389922516124008e-06,1.6337881186208048,3.2053414149038235,1.0097765262356477,28.161020851650566,0.09515592642971739,1.6337881186208048,3.2053414149038235,1.0097765262356477,28.161020851650566,0.09515592642971739,33.33333667,"[4.07196655825587e-06, 3.1513852044368027e-06, 2.9464157856793516e-06]",0.6186278351617908,COMPLETE,4,1,2L2A_COUPLED_FREEC,legacy_price_return_abs_time
143,3.390964244917628e-06,2.758274304187666,0.28825223138642936,-1.5828686738570819,57.85831949687625,0.028789547768714042,2.758274304187666,0.28825223138642936,-1.5828686738570819,57.85831949687625,0.028789547768714042,3.6999999999999997,"[4.1154106335441555e-06, 3.130314758579306e-06, 2.927167342629422e-06]",0.6188139063128456,COMPLETE,4,1,2L2A_COUPLED_FREEC,legacy_price_return_abs_time
60,3.3911763295859946e-06,0.28298288136334754,0.051060581925212595,-1.5258688499692912,43.767353995440146,0.01679112390946512,0.28298288136334754,0.051060581925212595,-1.5258688499692912,43.767353995440146,0.01679112390946512,3.6999999999999997,"[4.13617977875153e-06, 3.0894513725105254e-06, 2.9478978374959275e-06]",0.6191594749850639,COMPLETE,4,1,2L2A_COUPLED_FREEC,legacy_price_return_abs_time
104,3.393799802864767e-06,0.14499396170716822,0.8460773230503719,-1.4243689116612421,37.12075761169594,0.017868867659286414,0.14499396170716822,0.8460773230503719,-1.4243689116612421,37.12075761169594,0.017868867659286414,3.6999999999999997,"[4.2600946427287955e-06, 3.0447047685693766e-06, 2.87659999729613e-06]",0.6196160721265782,COMPLETE,4,1,2L2A_COUPLED_FREEC,legacy_price_return_abs_time
142,3.393930537372908e-06,2.7893327981631555,0.28034198970882357,-1.585426109487044,59.16675899195414,0.028630714448837722,2.7893327981631555,0.28034198970882357,-1.585426109487044,59.16675899195414,0.028630714448837722,3.6999999999999997,"[4.108216226836408e-06, 3.131149875599487e-06, 2.9424255096828285e-06]",0.6184580388331605,COMPLETE,4,1,2L2A_COUPLED_FREEC,legacy_price_return_abs_time
121,3.394518734076438e-06,1.3176452902021176,0.6174020940593122,0.5223509240485823,28.13026553505914,0.04869010557895827,1.3176452902021176,0.6174020940593122,0.5223509240485823,28.13026553505914,0.04869010557895827,6.7,"[4.085067960285758e-06, 3.1116787822229955e-06, 2.9868094597205612e-06]",0.6184579868632304,COMPLETE,4,1,2L2A_COUPLED_FREEC,legacy_price_return_abs_time
122,3.3948195057033783e-06,7.95856918198192,0.9017283870350569,0.2555427145231849,46.23785043271373,0.050164749651153896,7.95856918198192,0.9017283870350569,0.2555427145231849,46.23785043271373,0.050164749651153896,6.7,"[3.957552828660622e-06, 3.1529750244256427e-06, 3.0739306640238713e-06]",0.6176935859486611,COMPLETE,4,1,2L2A_COUPLED_FREEC,legacy_price_return_abs_time
90,3.395424758570659e-06,3.4931064684817397,1.3134465025339535,-1.3548086824108232,25.875670745151318,0.07009580384130816,3.4931064684817397,1.3134465025339535,-1.3548086824108232,25.875670745151318,0.07009580384130816,36.66666667,"[3.945423766506198e-06, 3.1876716534236037e-06, 3.053178855782176e-06]",0.6173325173649117,COMPLETE,4,1,2L2A_COUPLED_FREEC,legacy_price_return_abs_time
105,3.395506909380094e-06,0.07284369718250253,0.47826307288452147,-1.438933679074743,37.09434994314066,0.016365795544882107,0.07284369718250253,0.47826307288452147,-1.438933679074743,37.09434994314066,0.016365795544882107,3.6999999999999997,"[4.259135860303103e-06, 3.045359682744667e-06, 2.882025185092513e-06]",0.6194207062671092,COMPLETE,4,1,2L2A_COUPLED_FREEC,legacy_price_return_abs_time
4,3.3974472448350493e-06,9.292092233472838,0.8809765182469013,-0.8402315259520279,56.106469562005095,0.04691103426079233,9.292092233472838,0.8809765182469013,-0.8402315259520279,56.106469562005095,0.04691103426079233,6.7,"[4.022590113323838e-06, 3.119748659969792e-06, 3.050002961211519e-06]",0.6178672196199272,COMPLETE,4,1,2L2A_COUPLED_FREEC,legacy_price_return_abs_time
27,3.3985305994751506e-06,3.8635526578176442,1.9549813923126316,-1.4277320151603095,52.02946826210639,0.023609560646383157,3.8635526578176442,1.9549813923126316,-1.4277320151603095,52.02946826210639,0.023609560646383157,6.7,"[4.16136121880604e-06, 3.0828635431447873e-06, 2.951367036474624e-06]",0.618485346638806,COMPLETE,4,1,2L2A_COUPLED_FREEC,legacy_price_return_abs_time
66,3.4001334712724382e-06,1.6546596737499781,2.1513671767249525,1.0376199988840997,29.442915529653863,0.029636019952034194,1.6546596737499781,2.1513671767249525,1.0376199988840997,29.442915529653863,0.029636019952034194,6.7,"[4.20281904793945e-06, 3.06534027624658e-06, 2.932241089631284e-06]",0.6185771997756783,COMPLETE,4,1,2L2A_COUPLED_FREEC,legacy_price_return_abs_time
68,3.4008047744102162e-06,1.740628771900843,2.8986812585566684,1.0520062833055912,28.415251537940343,0.029698675990581774,1.740628771900843,2.8986812585566684,1.0520062833055912,28.415251537940343,0.029698675990581774,6.7,"[4.223631977220686e-06, 3.055980930840555e-06, 2.922801415169407e-06]",0.6186420630058627,COMPLETE,4,1,2L2A_COUPLED_FREEC,legacy_price_return_abs_time
17,3.402226005433487e-06,1.2621981859512414,1.5666140671248165,-0.48939317593587395,45.53207026651211,0.05758090459836511,1.2621981859512414,1.5666140671248165,-0.48939317593587395,45.53207026651211,0.05758090459836511,6.7,"[4.182724507275331e-06, 3.0837281568408478e-06, 2.9402253521842816e-06]",0.618145391834099,COMPLETE,4,1,2L2A_COUPLED_FREEC,legacy_price_return_abs_time
65,3.4027598691682663e-06,0.48222365291885977,2.308429200009575,1.0798083942293626,30.145720000421264,0.02866724989015418,0.48222365291885977,2.308429200009575,1.0798083942293626,30.145720000421264,0.02866724989015418,6.7,"[4.2283940761677855e-06, 3.060296239776816e-06, 2.9195892915601973e-06]",0.6184119658735399,COMPLETE,4,1,2L2A_COUPLED_FREEC,legacy_price_return_abs_time
112,3.4036650048305372e-06,0.21055799761308505,2.280211814785161,-1.0481962294186609,31.155231873605413,0.032618040596909204,0.21055799761308505,2.280211814785161,-1.0481962294186609,31.155231873605413,0.032618040596909204,6.7,"[4.237786320613941e-06, 3.0582249871939976e-06, 2.9149837066836725e-06]",0.6183594037322808,COMPLETE,4,1,2L2A_COUPLED_FREEC,legacy_price_return_abs_time
62,3.4038697243619545e-06,0.48135437810128906,5.387163998257616,0.7482977054360243,45.14560745148548,0.05419438160091542,0.48135437810128906,5.387163998257616,0.7482977054360243,45.14560745148548,0.05419438160091542,6.7,"[4.228550059913788e-06, 3.0639068064884224e-06, 2.919152306683654e-06]",0.6182642777674551,COMPLETE,4,1,2L2A_COUPLED_FREEC,legacy_price_return_abs_time
41,3.410700542381886e-06,0.09066838352329253,1.5271392134024937,-0.6628306055207747,27.077112957163873,0.04008492129102714,0.09066838352329253,1.5271392134024937,-0.6628306055207747,27.077112957163873,0.04008492129102714,6.7,"[4.129305800305121e-06, 3.142160265186791e-06, 2.9606355616537466e-06]",0.6166080674072603,COMPLETE,4,1,2L2A_COUPLED_FREEC,legacy_price_return_abs_time
111,3.4111772621991315e-06,0.22883207289195015,1.9425985515856568,-1.0500930078153914,48.50140048857701,0.0330715759430063,0.22883207289195015,1.9425985515856568,-1.0500930078153914,48.50140048857701,0.0330715759430063,6.7,"[4.122218144420028e-06, 3.1478174619752994e-06, 2.9634961802020675e-06]",0.6164905044868356,COMPLETE,4,1,2L2A_COUPLED_FREEC,legacy_price_return_abs_time
35,3.4124727529994813e-06,0.7315749825006027,6.97163557408185,-1.0179574932383266,62.76119533902288,0.12014087216089396,0.7315749825006027,6.97163557408185,-1.0179574932383266,62.76119533902288,0.12014087216089396,33.666667,"[4.096226449102653e-06, 3.1450490260879226e-06, 2.9961427838078677e-06]",0.6162810753521647,COMPLETE,4,1,2L2A_COUPLED_FREEC,legacy_price_return_abs_time
110,3.414415745503689e-06,0.18334722687620397,2.0787142070681264,-1.0491491427927635,48.77736264752017,0.03129081171010875,0.18334722687620397,2.0787142070681264,-1.0491491427927635,48.77736264752017,0.03129081171010875,6.7,"[4.098719288387328e-06, 3.17175850092865e-06, 2.9727694471950903e-06]",0.6158808505335577,COMPLETE,4,1,2L2A_COUPLED_FREEC,legacy_price_return_abs_time
103,3.4186499878059717e-06,0.05572360718520971,0.5094644856199199,1.384895424515289,55.570252374209794,0.0172794979957278,0.05572360718520971,0.5094644856199199,1.384895424515289,55.570252374209794,0.0172794979957278,6.7,"[4.072515653244372e-06, 3.1998731512769355e-06, 2.983561158896607e-06]",0.6151222799299877,COMPLETE,4,1,2L2A_COUPLED_FREEC,legacy_price_return_abs_time
107,3.42157212016727e-06,0.07788367297175577,1.5465969120742256,-1.885018800562961,37.468124803766784,0.04566413746144587,0.07788367297175577,1.5465969120742256,-1.885018800562961,37.468124803766784,0.04566413746144587,33.666667,"[4.102106133873688e-06, 3.1444985004292524e-06, 3.0181117261988697e-06]",0.6153062836560738,COMPLETE,4,1,2L2A_COUPLED_FREEC,legacy_price_return_abs_time
80,3.4250013377875262e-06,0.6649038495167284,0.24424650984471935,-1.54989685111962,23.26778507379532,0.048661889390886906,0.6649038495167284,0.24424650984471935,-1.54989685111962,23.26778507379532,0.048661889390886906,36.66666667,"[3.999416157744396e-06, 3.1935897469995786e-06, 3.0819981086186045e-06]",0.6142251076760529,COMPLETE,4,1,2L2A_COUPLED_FREEC,legacy_price_return_abs_time
139,3.4258558692670085e-06,1.0347097196828277,0.18730378868134717,-1.888285373036339,54.909355659988066,0.08467308211148511,1.0347097196828277,0.18730378868134717,-1.888285373036339,54.909355659988066,0.08467308211148511,36.66666667,"[4.014360361999911e-06, 3.1899348473383113e-06, 3.073272398462802e-06]",0.6142083754843871,COMPLETE,4,1,2L2A_COUPLED_FREEC,legacy_price_return_abs_time
64,3.429541790510908e-06,0.5455239371772923,5.347279183733041,0.8115093436963583,33.928477821691295,0.029104652997359,0.5455239371772923,5.347279183733041,0.8115093436963583,33.928477821691295,0.029104652997359,6.7,"[4.036522311740129e-06, 3.2515172552231997e-06, 3.0005858045693936e-06]",0.6134279927191876,COMPLETE,4,1,2L2A_COUPLED_FREEC,legacy_price_return_abs_time
137,3.429560432871672e-06,1.5173298468510197,0.20081499786245174,-1.8907751988408192,54.72424133099883,0.09191303589058701,1.5173298468510197,0.20081499786245174,-1.8907751988408192,54.72424133099883,0.09191303589058701,36.66667,"[3.979140237590263e-06, 3.2080161599636773e-06, 3.101524901061075e-06]",0.6135509738754066,COMPLETE,4,1,2L2A_COUPLED_FREEC,legacy_price_return_abs_time
37,3.432788617663883e-06,0.8757020496460534,0.3219921746444228,-0.973343537227893,42.71806803693325,0.12579804348230553,0.8757020496460534,0.3219921746444228,-0.973343537227893,42.71806803693325,0.12579804348230553,36.666667,"[4.0667347641597e-06, 3.169399003536485e-06, 3.0622320852954628e-06]",0.6137740892174562,COMPLETE,4,1,2L2A_COUPLED_FREEC,legacy_price_return_abs_time
92,3.439697987205276e-06,8.303323139326773,3.656696761035106,-1.603177663700794,14.391594988296102,0.0670690669872726,8.303323139326773,3.656696761035106,-1.603177663700794,14.391594988296102,0.0670690669872726,6.666666670000001,"[3.925285760677989e-06, 3.146167409996797e-06, 3.2476407909410426e-06]",0.6127095422296611,COMPLETE,4,1,2L2A_COUPLED_FREEC,legacy_price_return_abs_time
140,3.4402627971082643e-06,2.9009269880410233,0.19157515672194853,-1.8925536753795615,58.11763663794236,0.028025116639355176,2.9009269880410233,0.19157515672194853,-1.8925536753795615,58.11763663794236,0.028025116639355176,33.699999999999996,"[4.0553730023392565e-06, 3.2913582244320626e-06, 2.974057164553474e-06]",0.6120234345634394,COMPLETE,4,1,2L2A_COUPLED_FREEC,legacy_price_return_abs_time
72,3.4420394720166957e-06,10.364325588959227,0.980945282135731,1.6595662257404753,41.050616740629074,0.1611407503501622,10.364325588959227,0.980945282135731,1.6595662257404753,41.050616740629074,0.1611407503501622,6.666666670000001,"[3.952840693539849e-06, 3.1633346784136846e-06, 3.2099430440965527e-06]",0.6124197637156987,COMPLETE,4,1,2L2A_COUPLED_FREEC,legacy_price_return_abs_time
138,3.445831936823972e-06,1.0799578639369538,0.22011766090154863,-1.869331267200818,47.06435907649281,0.09454705556131934,1.0799578639369538,0.22011766090154863,-1.869331267200818,47.06435907649281,0.09454705556131934,36.66667,"[4.036868763414199e-06, 3.187774430087233e-06, 3.1128526169704837e-06]",0.612107676083642,COMPLETE,4,1,2L2A_COUPLED_FREEC,legacy_price_return_abs_time
70,3.4461894862617784e-06,9.975876298116262,0.9538963458914004,1.5447959484956364,53.73021373214843,0.13004668513899073,9.975876298116262,0.9538963458914004,1.5447959484956364,53.73021373214843,0.13004668513899073,36.66667,"[4.019375304335876e-06, 3.1923914285341906e-06, 3.126801725915269e-06]",0.6119757674739607,COMPLETE,4,1,2L2A_COUPLED_FREEC,legacy_price_return_abs_time
71,3.4594082039074265e-06,0.04402562467297053,0.9501630203023839,-0.5610316409758445,40.93899046163464,0.1550382748176393,0.04402562467297053,0.9501630203023839,-0.5610316409758445,40.93899046163464,0.1550382748176393,36.666667,"[4.148783178213154e-06, 3.145673965707437e-06, 3.0837674678016877e-06]",0.6113024953064465,COMPLETE,4,1,2L2A_COUPLED_FREEC,legacy_price_return_abs_time
6,3.4610321122398298e-06,0.07298732538297831,11.065424920724205,0.1891803816287818,17.574815984183,0.22921273531916297,0.07298732538297831,11.065424920724205,0.1891803816287818,17.574815984183,0.22921273531916297,36.666667,"[4.069841904201897e-06, 3.1484653951304684e-06, 3.1647890373871234e-06]",0.6108380871913844,COMPLETE,4,1,2L2A_COUPLED_FREEC,legacy_price_return_abs_time
82,3.4611759805809114e-06,0.33708558570074854,0.7379636035041605,-1.1456328593496787,44.6897696085447,0.014107218046918491,0.33708558570074854,0.7379636035041605,-1.1456328593496787,44.6897696085447,0.014107218046918491,6.7,"[4.008536253607744e-06, 3.346036239624484e-06, 3.0289554485105045e-06]",0.6091706465874069,COMPLETE,4,1,2L2A_COUPLED_FREEC,legacy_price_return_abs_time
101,3.4646763822978093e-06,1.9772685221744817,2.5967755061678175,-1.9948022539980172,42.746730754538156,0.11431001411065957,1.9772685221744817,2.5967755061678175,-1.9948022539980172,42.746730754538156,0.11431001411065957,36.666667,"[4.097492980550637e-06, 3.152741267352352e-06, 3.1437948989904375e-06]",0.6104999596906374,COMPLETE,4,1,2L2A_COUPLED_FREEC,legacy_price_return_abs_time
100,3.4647135682320046e-06,0.04372520356500531,0.8371939807054868,-1.7304771064120523,56.626334075620846,0.11436075608835908,0.04372520356500531,0.8371939807054868,-1.7304771064120523,56.626334075620846,0.11436075608835908,36.666667,"[4.156530710171926e-06, 3.1458711465369058e-06, 3.0917388479871804e-06]",0.6107448970367075,COMPLETE,4,1,2L2A_COUPLED_FREEC,legacy_price_return_abs_time
15,3.4653178769692773e-06,0.5078184481137318,15.446558450125758,-0.4288578028890271,18.340844602113485,0.15788423472755697,0.5078184481137318,15.446558450125758,-0.4288578028890271,18.340844602113485,0.15788423472755697,36.666667,"[4.157252220463985e-06, 3.14594826986752e-06, 3.0927531405763273e-06]",0.6106804418567825,COMPLETE,4,1,2L2A_COUPLED_FREEC,legacy_price_return_abs_time
19,3.467142511634449e-06,1.3773785497957374,3.9710102441921498,-1.6876934240893433,26.272223886039722,0.06206972607783232,1.3773785497957374,3.9710102441921498,-1.6876934240893433,26.272223886039722,0.06206972607783232,36.666667,"[4.152682772361513e-06, 3.1496429545395643e-06, 3.0991018080022695e-06]",0.6104377854997702,COMPLETE,4,1,2L2A_COUPLED_FREEC,legacy_price_return_abs_time
49,3.4686742602159715e-06,19.04363724060833,0.7435404693796104,0.3666324749294502,56.9317009990872,0.18237938048118718,19.04363724060833,0.7435404693796104,0.3666324749294502,56.9317009990872,0.18237938048118718,6.66667,"[3.982837928550381e-06, 3.2212051173221423e-06, 3.2019797347753904e-06]",0.6091743801159819,COMPLETE,4,1,2L2A_COUPLED_FREEC,legacy_price_return_abs_time
20,3.47132465293236e-06,0.37733293448429706,29.34185631196328,-1.7885951296279408,23.998068773044075,0.06605509271386574,0.37733293448429706,29.34185631196328,-1.7885951296279408,23.998068773044075,0.06605509271386574,36.666667,"[4.133415556728373e-06, 3.147192463765476e-06, 3.1333659383032313e-06]",0.6099318731793044,COMPLETE,4,1,2L2A_COUPLED_FREEC,legacy_price_return_abs_time
47,3.4730122854087455e-06,6.569225050656739,0.6248846607784201,-1.9626304559381476,38.79994580936533,0.013026185406820597,6.569225050656739,0.6248846607784201,-1.9626304559381476,38.79994580936533,0.013026185406820597,36.67,"[4.006195285811221e-06, 3.31673967630749e-06, 3.096101894107525e-06]",0.6080780925713669,COMPLETE,4,1,2L2A_COUPLED_FREEC,legacy_price_return_abs_time
95,3.473300209446598e-06,0.11819504541240383,3.919744172934925,-1.6021982803401116,15.122889899282436,0.023897092073850584,0.11819504541240383,3.919744172934925,-1.6021982803401116,15.122889899282436,0.023897092073850584,36.666667,"[4.145248238454179e-06, 3.1462958921437358e-06, 3.1283564977418798e-06]",0.6097614605387517,COMPLETE,4,1,2L2A_COUPLED_FREEC,legacy_price_return_abs_time
31,3.475897011835211e-06,0.21376840928826105,0.5893202287130972,-0.3590730222668429,36.669821539913855,0.43256878916126723,0.21376840928826105,0.5893202287130972,-0.3590730222668429,36.669821539913855,0.43256878916126723,33.33333667,"[4.299922727141619e-06, 3.136599168712589e-06, 2.9911691396514253e-06]",0.6100681493115893,COMPLETE,4,1,2L2A_COUPLED_FREEC,legacy_price_return_abs_time
28,3.478303635297323e-06,0.19480547568278492,0.816380119468786,-1.4209178920103962,52.28380890288374,0.4337098473357567,0.19480547568278492,0.816380119468786,-1.4209178920103962,52.28380890288374,0.4337098473357567,36.66666667,"[4.308571316239505e-06, 3.142198665651696e-06, 2.9841409240007684e-06]",0.6097921896448303,COMPLETE,4,1,2L2A_COUPLED_FREEC,legacy_price_return_abs_time
42,3.4808876753077727e-06,0.09223117011495782,0.10947798670776727,0.11132281160618629,26.240985070591837,0.040720235838278294,0.09223117011495782,0.10947798670776727,0.11132281160618629,26.240985070591837,0.040720235838278294,6.7,"[3.9989209277223244e-06, 3.39338741677659e-06, 3.0503546814244023e-06]",0.6066286267278423,COMPLETE,4,1,2L2A_COUPLED_FREEC,legacy_price_return_abs_time
53,3.4858540736434233e-06,2.5095915571394936,2.5076544766075877,-1.2178286931826405,11.123214631399273,0.21069269265989893,2.5095915571394936,2.5076544766075877,-1.2178286931826405,11.123214631399273,0.21069269265989893,33.333333669999995,"[4.15473683184867e-06, 3.138433729394687e-06, 3.164391659686912e-06]",0.6084731891645542,COMPLETE,4,1,2L2A_COUPLED_FREEC,legacy_price_return_abs_time
8,3.490601806600146e-06,0.5674527378841361,0.4504742696879003,1.9801231909679884,12.580240587062002,0.01109325404877488,0.5674527378841361,0.4504742696879003,1.9801231909679884,12.580240587062002,0.01109325404877488,3.33333367,"[4.120215225555539e-06, 3.1383759351643222e-06, 3.213214259080579e-06]",0.6078363458591992,COMPLETE,4,1,2L2A_COUPLED_FREEC,legacy_price_return_abs_time
29,3.4948548253341957e-06,0.20270374342161981,2.1609052424632638,-0.2981030115156009,49.51140396253908,0.512691370341245,0.20270374342161981,2.1609052424632638,-0.2981030115156009,49.51140396253908,0.512691370341245,36.66666667,"[4.294378106819814e-06, 3.1540098933669825e-06, 3.03617647581579e-06]",0.6078415872293228,COMPLETE,4,1,2L2A_COUPLED_FREEC,legacy_price_return_abs_time
83,3.4963707111063842e-06,4.470339089494841,0.2512749148541463,-1.125946825694058,46.23294231039191,0.08545584506290466,4.470339089494841,0.2512749148541463,-1.125946825694058,46.23294231039191,0.08545584506290466,36.67,"[4.026454679115814e-06, 3.3355050457545213e-06, 3.127152408448818e-06]",0.6054455484937838,COMPLETE,4,1,2L2A_COUPLED_FREEC,legacy_price_return_abs_time
87,3.497004577547772e-06,5.1235249062721975,0.3957441817355477,-1.328105507441437,35.37186723470973,0.04339488112340356,5.1235249062721975,0.3957441817355477,-1.328105507441437,35.37186723470973,0.04339488112340356,33.699999999999996,"[4.0586763554287745e-06, 3.3372026338746946e-06, 3.095134743339847e-06]",0.6054720473587164,COMPLETE,4,1,2L2A_COUPLED_FREEC,legacy_price_return_abs_time
30,3.506755810517793e-06,0.1622513891029152,6.857942462763611,-0.2241640315315212,34.390540439416945,0.5295513507805757,0.1622513891029152,6.857942462763611,-0.2241640315315212,34.390540439416945,0.5295513507805757,36.66666667,"[4.290000110004135e-06, 3.160293521485958e-06, 3.0699738000632857e-06]",0.6064748035287476,COMPLETE,4,1,2L2A_COUPLED_FREEC,legacy_price_return_abs_time
67,3.524861297579286e-06,1.5795082592225873,2.4163194317888195,0.5785242702278086,29.384621843743076,0.026876935974800044,1.5795082592225873,2.4163194317888195,0.5785242702278086,29.384621843743076,0.026876935974800044,6.7,"[4.045683785480501e-06, 3.4665710228946503e-06, 3.0623290843627075e-06]",0.6014248125251486,COMPLETE,4,1,2L2A_COUPLED_FREEC,legacy_price_return_abs_time
106,3.5302770643728077e-06,0.022394469703130533,1.1931255348052419,-0.8747853471063255,37.55615702925677,0.017866249392203666,0.022394469703130533,1.1931255348052419,-0.8747853471063255,37.55615702925677,0.017866249392203666,6.7,"[4.071019482466169e-06, 3.464910674938213e-06, 3.0549010357140405e-06]",0.6009279002847184,COMPLETE,4,1,2L2A_COUPLED_FREEC,legacy_price_return_abs_time
84,3.531571844376792e-06,4.638987183674843,0.24778021074940104,-1.1350642885933566,45.52876160883628,0.03493045687888414,4.638987183674843,0.24778021074940104,-1.1350642885933566,45.52876160883628,0.03493045687888414,3.6999999999999997,"[4.123623129223967e-06, 3.3026734154966882e-06, 3.1684189884097207e-06]",0.6021496894405453,COMPLETE,4,1,2L2A_COUPLED_FREEC,legacy_price_return_abs_time
86,3.5318530486547844e-06,4.981410305111565,0.4002602156253832,-1.6748408240908812,34.01758427157848,0.035450645555869395,4.981410305111565,0.4002602156253832,-1.6748408240908812,34.01758427157848,0.035450645555869395,6.66667,"[4.062638887271482e-06, 3.331656509380966e-06, 3.2012637493119053e-06]",0.6017014979216226,COMPLETE,4,1,2L2A_COUPLED_FREEC,legacy_price_return_abs_time
132,3.535384579366943e-06,11.841269917396804,0.6954755696640553,-1.9975211189967181,52.012449059495026,0.03785297466800143,11.841269917396804,0.6954755696640553,-1.9975211189967181,52.012449059495026,0.03785297466800143,6.66667,"[4.074981925988279e-06, 3.334801751576937e-06, 3.196370060535613e-06]",0.6013324760977011,COMPLETE,4,1,2L2A_COUPLED_FREEC,legacy_price_return_abs_time
9,3.5442966906528068e-06,29.044202279951822,0.0944531622814046,-1.9444226047526096,16.443136349515754,0.015267428007056017,29.044202279951822,0.0944531622814046,-1.9444226047526096,16.443136349515754,0.015267428007056017,33.333667,"[4.027075654689121e-06, 3.380972947498527e-06, 3.2248414697707733e-06]",0.5998553786267268,COMPLETE,4,1,2L2A_COUPLED_FREEC,legacy_price_return_abs_time
145,3.5554272396742896e-06,7.593281621584111,0.2758642199028257,-1.735284180562196,52.99664998688967,0.022861108242327975,7.593281621584111,0.2758642199028257,-1.735284180562196,52.99664998688967,0.022861108242327975,0.36667,"[4.06019443932566e-06, 3.229632427486105e-06, 3.376454852211104e-06]",0.5998524263311845,COMPLETE,4,1,2L2A_COUPLED_FREEC,legacy_price_return_abs_time
51,3.5572728087130995e-06,15.373039156665769,0.5412525406084743,0.3515514795332744,11.4635009397636,0.25507799035004325,15.373039156665769,0.5412525406084743,0.3515514795332744,11.4635009397636,0.25507799035004325,3.66667,"[4.110411729609448e-06, 3.1721962349550347e-06, 3.389210461574816e-06]",0.6002391027620542,COMPLETE,4,1,2L2A_COUPLED_FREEC,legacy_price_return_abs_time
88,3.5748349031790295e-06,3.2850025010049517,0.16586307565375144,-1.3329135523473739,35.40560334815274,0.032946569715285444,3.2850025010049517,0.16586307565375144,-1.3329135523473739,35.40560334815274,0.032946569715285444,0.666667,"[4.155130981934043e-06, 3.2802781351757472e-06, 3.289095592427299e-06]",0.5976716679014772,COMPLETE,4,1,2L2A_COUPLED_FREEC,legacy_price_return_abs_time
43,3.578782131439235e-06,6.276381972634732,0.28797117305099806,-1.6484765257567298,38.077813798941904,0.04343942116831854,6.276381972634732,0.28797117305099806,-1.6484765257567298,38.077813798941904,0.04343942116831854,0.3339999999999999,"[4.089177639626716e-06, 3.3298583879620677e-06, 3.3173103667289207e-06]",0.5966537468774882,COMPLETE,4,1,2L2A_COUPLED_FREEC,legacy_price_return_abs_time
119,3.610446354532158e-06,0.29029163462671914,4.688435621313702,-1.6763269073147082,53.21521921574065,0.6593239478251324,0.29029163462671914,4.688435621313702,-1.6763269073147082,53.21521921574065,0.6593239478251324,36.66666667,"[4.288966549607811e-06, 3.275513734229759e-06, 3.2668587797589043e-06]",0.5942489106230668,COMPLETE,4,1,2L2A_COUPLED_FREEC,legacy_price_return_abs_time
52,3.6270073659679305e-06,2.4026064240380585,0.43906335407960834,-1.2742930680338178,73.35068681564555,0.010414773271515614,2.4026064240380585,0.43906335407960834,-1.2742930680338178,73.35068681564555,0.010414773271515614,6.7,"[4.143829057329394e-06, 3.6296120562518077e-06, 3.107580984322589e-06]",0.5893525097481613,COMPLETE,4,1,2L2A_COUPLED_FREEC,legacy_price_return_abs_time
116,3.6301577120347558e-06,0.284737511762918,0.02928418554627261,-0.042235673796052815,40.48362649819885,0.7245215375747195,0.284737511762918,0.02928418554627261,-0.042235673796052815,40.48362649819885,0.7245215375747195,36.699999999999996,"[4.231242006005858e-06, 3.3508631256194216e-06, 3.308368004478988e-06]",0.5913401480528933,COMPLETE,4,1,2L2A_COUPLED_FREEC,legacy_price_return_abs_time
46,3.748143558221074e-06,6.148313020196481,0.010256630681289102,-1.6490537762548287,38.9895611505064,0.012951076882363171,6.148313020196481,0.010256630681289102,-1.6490537762548287,38.9895611505064,0.012951076882363171,6.666666670000001,"[4.331016731006005e-06, 3.547445447302544e-06, 3.365968496354674e-06]",0.5772896294199797,COMPLETE,4,1,2L2A_COUPLED_FREEC,legacy_price_return_abs_time
50,3.7783139420563153e-06,17.955539886236142,0.5653306330076713,-1.941306209692343,10.862603368317785,0.23049407580472983,17.955539886236142,0.5653306330076713,-1.941306209692343,10.862603368317785,0.23049407580472983,0.0001,"[4.585060547161262e-06, 3.3899238718640657e-06, 3.3599574071436193e-06]",0.5759861466263357,COMPLETE,4,1,2L2A_COUPLED_FREEC,legacy_price_return_abs_time
32,3.83381588052739e-06,0.19372326547555013,7.07242635611622,-1.099106505104356,63.30489895982174,1.1345890018876772,0.19372326547555013,7.07242635611622,-1.099106505104356,63.30489895982174,1.1345890018876772,33.66666667,"[4.463669455075712e-06, 3.6306939148286968e-06, 3.4070842716777646e-06]",0.5677251133834389,COMPLETE,4,1,2L2A_COUPLED_FREEC,legacy_price_return_abs_time
34,3.845358207405202e-06,0.8069609886771091,7.808044264253413,-0.9921323352781497,61.36969767154452,1.1596924689840569,0.8069609886771091,7.808044264253413,-0.9921323352781497,61.36969767154452,1.1596924689840569,33.66666667,"[4.473863497804619e-06, 3.648058368634058e-06, 3.4141527557769296e-06]",0.5663656930209671,COMPLETE,4,1,2L2A_COUPLED_FREEC,legacy_price_return_abs_time
0,3.850380032075801e-06,0.13950480506047094,0.01734315189631626,0.38525260904867054,64.4732887181871,1.158960673704741,0.13950480506047094,0.01734315189631626,0.38525260904867054,64.4732887181871,1.158960673704741,3.3333333400000007,"[4.455341693498729e-06, 3.7019603579994057e-06, 3.39383804472927e-06]",0.5653579139208028,COMPLETE,4,1,2L2A_COUPLED_FREEC,legacy_price_return_abs_time
12,3.9281849220948585e-06,14.637675294110183,0.043717511298396815,-1.1244204419506514,68.08672903924426,0.3093906814765376,14.637675294110183,0.043717511298396815,-1.1244204419506514,68.08672903924426,0.3093906814765376,0.03367,"[4.4850124540789535e-06, 3.5457011299042762e-06, 3.753841182301347e-06]",0.5580621294426281,COMPLETE,4,1,2L2A_COUPLED_FREEC,legacy_price_return_abs_time
33,4.056107101290276e-06,0.7116123153808029,7.9332624856462735,-0.12856586239907905,59.70935760025219,1.5408150515417256,0.7116123153808029,7.9332624856462735,-0.12856586239907905,59.70935760025219,1.5408150515417256,3.3666666700000003,"[4.663892548208944e-06, 3.9104491197406836e-06, 3.5939796359211993e-06]",0.541957316620084,COMPLETE,4,1,2L2A_COUPLED_FREEC,legacy_price_return_abs_time
44,4.207238112618064e-06,6.429028010099837,0.12503015934202621,-1.6877077987017945,38.12938130240913,0.036674622305165994,6.429028010099837,0.12503015934202621,-1.6877077987017945,38.12938130240913,0.036674622305165994,33.66666667,"[4.2299085463646394e-06, 4.592017209803913e-06, 3.7997885816856397e-06]",0.5189245321225918,COMPLETE,4,1,2L2A_COUPLED_FREEC,legacy_price_return_abs_time
45,4.259749299299937e-06,6.521689314471678,0.13727477709168756,-1.6724553686704189,38.0835735507011,0.03501426016667306,6.521689314471678,0.13727477709168756,-1.6724553686704189,38.0835735507011,0.03501426016667306,33.366666669999994,"[4.260781896008368e-06, 4.773714325110153e-06, 3.744751676781289e-06]",0.5119364749783241,COMPLETE,4,1,2L2A_COUPLED_FREEC,legacy_price_return_abs_time
11,4.432627080174563e-06,1.7700239373447688,13.673652886514516,1.5550915454713543,37.141495948725584,2.0782745207917106,1.7700239373447688,13.673652886514516,1.5550915454713543,37.141495948725584,2.0782745207917106,0.007,"[5.0614778693902745e-06, 4.158844728435351e-06, 4.077558642698063e-06]",0.500157476974523,COMPLETE,4,1,2L2A_COUPLED_FREEC,legacy_price_return_abs_time
130,4.5036418264529384e-06,11.665548976052923,0.3227390566000857,-1.7624467333484921,42.12645525069607,0.03881618982926173,11.665548976052923,0.3227390566000857,-1.7624467333484921,42.12645525069607,0.03881618982926173,33.33366667,"[4.33260371122591e-06, 5.695057634332268e-06, 3.483264133800638e-06]",0.4786724526935639,COMPLETE,4,1,2L2A_COUPLED_FREEC,legacy_price_return_abs_time
73,4.697345828358923e-06,9.729500263985043,1.024444173868846,1.8565415715371256,41.13091685002951,3.976945706840177,9.729500263985043,1.024444173868846,1.8565415715371256,41.13091685002951,3.976945706840177,1.0000000000000002e-08,"[5.5450133436639e-06, 4.39374851077792e-06, 4.153275630634949e-06]",0.471015375201689,COMPLETE,4,1,2L2A_COUPLED_FREEC,legacy_price_return_abs_time
3,5.134760089188376e-06,0.025273127523958216,1.8948069959662086,-0.6683241893910807,79.7576994232962,5.802376967329652,0.025273127523958216,1.8948069959662086,-0.6683241893910807,79.7576994232962,5.802376967329652,3.667e-05,"[6.141973421798444e-06, 4.6404445574659565e-06, 4.6218622883007265e-06]",0.4232163344521635,COMPLETE,4,1,2L2A_COUPLED_FREEC,legacy_price_return_abs_time
2,5.26121914037418e-06,0.12312589829610723,0.3905145895802825,0.8489817042488497,36.799489297298976,6.659352266543724,0.12312589829610723,0.3905145895802825,0.8489817042488497,36.799489297298976,6.659352266543724,7.000000000000001e-06,"[6.191629079597694e-06, 4.6527421191930925e-06, 4.939286222331754e-06]",0.4094152485810964,COMPLETE,4,1,2L2A_COUPLED_FREEC,legacy_price_return_abs_time
1,5.961566630879926e-06,11.746089200920109,0.22306954019553007,0.18218332592461683,79.60048381528155,7.573969543977794,11.746089200920109,0.22306954019553007,0.18218332592461683,79.60048381528155,7.573969543977794,3.399999999999999e-07,"[7.407251301167612e-06, 5.461912393780562e-06, 5.015536197691605e-06]",0.33072877427472236,COMPLETE,4,1,2L2A_COUPLED_FREEC,legacy_price_return_abs_time
115,5.999846036509165e-06,0.17297408762362412,2.815243448218563,-1.4855291666552453,40.814359877976706,14.151550468995955,0.17297408762362412,2.815243448218563,-1.4855291666552453,40.814359877976706,14.151550468995955,3.3339999999999996e-05,"[7.4210839295995626e-06, 5.511597959452731e-06, 5.066856220475203e-06]",0.32621089890010496,COMPLETE,4,1,2L2A_COUPLED_FREEC,legacy_price_return_abs_time
10,6.098946296155971e-06,10.760574565066522,4.660454201059572,-1.1269041520418481,20.795343295095865,15.868973708088918,10.760574565066522,4.660454201059572,-1.1269041520418481,20.795343295095865,15.868973708088918,1.0000000000000002e-08,"[7.530849096053821e-06, 5.582251684788911e-06, 5.183738107625183e-06]",0.3151878043807163,COMPLETE,4,1,2L2A_COUPLED_FREEC,legacy_price_return_abs_time
5,7.058438801331408e-06,4.0114541696752575,0.19521668923668065,1.4980150269012475,30.42773368140854,16.859578668035912,4.0114541696752575,0.19521668923668065,1.4980150269012475,30.42773368140854,16.859578668035912,1.0000000000000002e-08,"[8.654950095893094e-06, 6.336354351330162e-06, 6.184011956770967e-06]",0.20815604847054636,COMPLETE,4,1,2L2A_COUPLED_FREEC,legacy_price_return_abs_time
114,7.832226102847268e-06,0.22505845827155352,1.195325462334133,-0.050100624646734815,31.206710098129253,26.580736076609945,0.22505845827155352,1.195325462334133,-0.050100624646734815,31.206710098129253,26.580736076609945,66.66666667,"[9.028791668413266e-06, 7.253082144794786e-06, 7.214804495333753e-06]",0.1177890674835302,COMPLETE,4,1,2L2A_COUPLED_FREEC,legacy_price_return_abs_time
7,7.832241603587657e-06,0.04240030804002132,0.20517102371788018,0.6994109395002117,52.330630894711334,28.03158971221426,0.04240030804002132,0.20517102371788018,0.6994109395002117,52.330630894711334,28.03158971221426,66.66666667,"[9.028791671123668e-06, 7.25312864169789e-06, 7.214804497941412e-06]",0.1177870262268923,COMPLETE,4,1,2L2A_COUPLED_FREEC,legacy_price_return_abs_time
145,5.126620677630252e-06,24.991303893654276,2.3125372730205753,1.8695740627008175,18.776268304609108,0.028077461756705783,24.991303893654276,2.3125372730205753,1.8695740627008175,18.776268304609108,0.028077461756705783,36.66666667,"[5.642658558267827e-06, 4.7015494542243975e-06, 5.035654020398533e-06]",0.4187212101937825,COMPLETE,4,3,2L2A_COUPLED_FREEC,legacy_price_return_abs_time
104,5.127345642108834e-06,13.004271915791882,1.43876921620153,1.3851418596714637,19.599820184194627,0.10888371423493241,13.004271915791882,1.43876921620153,1.3851418596714637,19.599820184194627,0.10888371423493241,36.66666667,"[5.656972796424419e-06, 4.70207452327652e-06, 5.0229896066255624e-06]",0.41868387701892384,COMPLETE,4,3,2L2A_COUPLED_FREEC,legacy_price_return_abs_time
138,5.128658670724711e-06,16.557793406465176,1.8645868270061938,1.5341050045804128,16.579632137023058,0.0645059238187063,16.557793406465176,1.8645868270061938,1.5341050045804128,16.579632137023058,0.0645059238187063,36.66666667,"[5.655664488155238e-06, 4.7028838314136305e-06, 5.027427692605264e-06]",0.4185292583385965,COMPLETE,4,3,2L2A_COUPLED_FREEC,legacy_price_return_abs_time
143,5.128848924811361e-06,16.488250879784307,1.3703737279775963,1.992792037497264,20.243946230335023,0.025811367826498333,16.488250879784307,1.3703737279775963,1.992792037497264,20.243946230335023,0.025811367826498333,36.66666667,"[5.637243699986288e-06, 4.7010344894324896e-06, 5.048268585015305e-06]",0.41846363815317433,COMPLETE,4,3,2L2A_COUPLED_FREEC,legacy_price_return_abs_time
133,5.130556647085393e-06,18.629714985858293,2.1880615403979022,1.536164632562838,18.96060900730475,0.10111907088051762,18.629714985858293,2.1880615403979022,1.536164632562838,18.96060900730475,0.10111907088051762,36.66666667,"[5.639554077031389e-06, 4.7006025608108845e-06, 5.0515133034139055e-06]",0.418287443025966,COMPLETE,4,3,2L2A_COUPLED_FREEC,legacy_price_return_abs_time
139,5.133942829346094e-06,17.63544384538493,1.861352924747421,1.874397340747142,20.071844462777143,0.055642045855259344,17.63544384538493,1.861352924747421,1.874397340747142,20.071844462777143,0.055642045855259344,36.66666667,"[5.6440253066738365e-06, 4.6997908239125464e-06, 5.0580123574518975e-06]",0.41793735713409186,COMPLETE,4,3,2L2A_COUPLED_FREEC,legacy_price_return_abs_time
127,5.134242374166258e-06,18.16981622768593,2.7870152475794026,1.694638570240276,18.938045555578217,0.07991178964399985,18.16981622768593,2.7870152475794026,1.694638570240276,18.938045555578217,0.07991178964399985,36.66666667,"[5.657334846398754e-06, 4.6981954278940626e-06, 5.047196848205955e-06]",0.4179604142192044,COMPLETE,4,3,2L2A_COUPLED_FREEC,legacy_price_return_abs_time
109,5.136517144329784e-06,21.593994094950737,2.4819429494737193,1.4040649042361977,19.666909553298897,0.13176337256538523,21.593994094950737,2.4819429494737193,1.4040649042361977,19.666909553298897,0.13176337256538523,36.66666667,"[5.641896523623982e-06, 4.700772792735999e-06, 5.06688211662937e-06]",0.4176404795748607,COMPLETE,4,3,2L2A_COUPLED_FREEC,legacy_price_return_abs_time
149,5.1374901522881295e-06,25.38094891997423,1.7086774690943611,1.9679085245533072,18.528751919799124,0.015846914180410655,25.38094891997423,1.7086774690943611,1.9679085245533072,18.528751919799124,0.015846914180410655,36.66666667,"[5.641267110450288e-06, 4.702819313284795e-06, 5.068384033129304e-06]",0.41751538708020125,COMPLETE,4,3,2L2A_COUPLED_FREEC,legacy_price_return_abs_time
105,5.13777713164883e-06,22.234627665077593,2.4071006807610487,1.4231373605890316,21.804661228958746,0.141923407240616,22.234627665077593,2.4071006807610487,1.4231373605890316,21.804661228958746,0.141923407240616,36.66666667,"[5.643310474256849e-06, 4.700332027489795e-06, 5.0696888931998474e-06]",0.4175105189825636,COMPLETE,4,3,2L2A_COUPLED_FREEC,legacy_price_return_abs_time
136,5.137876260114661e-06,19.695483026495385,1.994459981366768,1.8932739753099534,19.926984649706153,0.05410640453045747,19.695483026495385,1.994459981366768,1.8932739753099534,19.926984649706153,0.05410640453045747,36.66666667,"[5.646278072278595e-06, 4.6999657275408955e-06, 5.067384980524492e-06]",0.4175122009647414,COMPLETE,4,3,2L2A_COUPLED_FREEC,legacy_price_return_abs_time
129,5.139219341319771e-06,19.757928825933025,2.547961902032652,1.6892043644728552,19.261618485195772,0.08835457037030373,19.757928825933025,2.547961902032652,1.6892043644728552,19.261618485195772,0.08835457037030373,36.66666667,"[5.652340746409178e-06, 4.699193581579285e-06, 5.066123695970847e-06]",0.41739083999041154,COMPLETE,4,3,2L2A_COUPLED_FREEC,legacy_price_return_abs_time
111,5.13978282683157e-06,20.62671145197064,4.053071532000973,1.3946598195865312,19.49155132019257,0.13642369947781574,20.62671145197064,4.053071532000973,1.3946598195865312,19.49155132019257,0.13642369947781574,36.66666667,"[5.677261253641495e-06, 4.696926473473771e-06, 5.045160753379447e-06]",0.4174279434694877,COMPLETE,4,3,2L2A_COUPLED_FREEC,legacy_price_return_abs_time
142,5.142696632013746e-06,25.586763020455603,2.7292437648604677,1.9896615401486537,20.84967535825895,0.049483904002818976,25.586763020455603,2.7292437648604677,1.9896615401486537,20.84967535825895,0.049483904002818976,33.66666667,"[5.656237695858428e-06, 4.699083107981188e-06, 5.072769092201621e-06]",0.41702328187933824,COMPLETE,4,3,2L2A_COUPLED_FREEC,legacy_price_return_abs_time
144,5.142731670445297e-06,26.105079548382488,1.2873084247817426,1.9248716889806352,19.85041228873556,0.03801454890427878,26.105079548382488,1.2873084247817426,1.9248716889806352,19.85041228873556,0.03801454890427878,36.66666667,"[5.644718729913557e-06, 4.704409679713194e-06, 5.079066601709138e-06]",0.4169394018883675,COMPLETE,4,3,2L2A_COUPLED_FREEC,legacy_price_return_abs_time
135,5.143002478933255e-06,19.801473412745967,2.060313786542862,1.9094860862375127,19.712233606190686,0.053492011737065574,19.801473412745967,2.060313786542862,1.9094860862375127,19.712233606190686,0.053492011737065574,33.66666667,"[5.653200087228582e-06, 4.699730943768622e-06, 5.076076405802562e-06]",0.41697473420707065,COMPLETE,4,3,2L2A_COUPLED_FREEC,legacy_price_return_abs_time
132,5.145516852511685e-06,19.003810904768553,2.5308929381613448,1.8873530840030426,18.937151371280088,0.05395509851854105,19.003810904768553,2.5308929381613448,1.8873530840030426,18.937151371280088,0.05395509851854105,33.66666667,"[5.664414721432985e-06, 4.6985670136230875e-06, 5.07356882247898e-06]",0.4167448367663784,COMPLETE,4,3,2L2A_COUPLED_FREEC,legacy_price_return_abs_time
103,5.147155457808315e-06,17.743682290424232,3.3092318183656255,1.3402741716642572,19.475619659719325,0.10594553039019883,17.743682290424232,3.3092318183656255,1.3402741716642572,19.475619659719325,0.10594553039019883,36.66666667,"[5.755345139329989e-06, 4.696019887467079e-06, 4.99010134662788e-06]",0.4168800070358169,COMPLETE,4,3,2L2A_COUPLED_FREEC,legacy_price_return_abs_time
89,5.147599255675153e-06,6.4503044158527265,0.027824589654760475,1.3501413591735785,23.740367570370232,0.06940706758352044,6.4503044158527265,0.027824589654760475,1.3501413591735785,23.740367570370232,0.06940706758352044,36.699999999999996,"[5.60448319638053e-06, 4.747116663378416e-06, 5.091197907266512e-06]",0.41593293185017527,COMPLETE,4,3,2L2A_COUPLED_FREEC,legacy_price_return_abs_time
110,5.147989760986651e-06,20.506953253148914,3.9126552911161876,1.408995093698067,19.643730680077162,0.14358380534953694,20.506953253148914,3.9126552911161876,1.408995093698067,19.643730680077162,0.14358380534953694,36.66666667,"[5.682052685848958e-06, 4.697092935413493e-06, 5.0648236616975015e-06]",0.41654276158651166,COMPLETE,4,3,2L2A_COUPLED_FREEC,legacy_price_return_abs_time
107,5.14846370521503e-06,11.444849970171605,2.24575974680004,1.4239946477277448,17.792176502548568,0.08141390781468491,11.444849970171605,2.24575974680004,1.4239946477277448,17.792176502548568,0.08141390781468491,36.66666667,"[5.7609912395244486e-06, 4.69605634591125e-06, 4.9883435302093945e-06]",0.4167546238554258,COMPLETE,4,3,2L2A_COUPLED_FREEC,legacy_price_return_abs_time
130,5.1524205493649635e-06,19.055967751678356,1.9153422794319146,1.7362943311806691,19.15946709753398,0.08644452844103247,19.055967751678356,1.9153422794319146,1.7362943311806691,19.15946709753398,0.08644452844103247,33.66666667,"[5.664267683475066e-06, 4.700425948368135e-06, 5.092568016251689e-06]",0.41597289985225955,COMPLETE,4,3,2L2A_COUPLED_FREEC,legacy_price_return_abs_time
68,5.152874607746822e-06,8.809234509356733,3.4356922589403784,0.37945717956572605,16.488419636922636,0.2024753413372679,8.809234509356733,3.4356922589403784,0.37945717956572605,16.488419636922636,0.2024753413372679,36.66666667,"[5.780013263763098e-06, 4.692134692251568e-06, 4.9864758672258e-06]",0.41636430242458156,COMPLETE,4,3,2L2A_COUPLED_FREEC,legacy_price_return_abs_time
125,5.15299946754562e-06,11.020830379054976,3.2879779325610845,1.698683760473653,17.799215402585773,0.07921986905573587,11.020830379054976,3.2879779325610845,1.698683760473653,17.799215402585773,0.07921986905573587,36.66666667,"[5.727397870574787e-06, 4.694475502046477e-06, 5.037125030015597e-06]",0.41616154323741333,COMPLETE,4,3,2L2A_COUPLED_FREEC,legacy_price_return_abs_time
137,5.153268682469532e-06,19.01181369771215,2.0003145457703284,1.9206256490191727,19.699410161014747,0.059462714612675494,19.01181369771215,2.0003145457703284,1.9206256490191727,19.699410161014747,0.059462714612675494,33.66666667,"[5.66986183473262e-06, 4.699451151954197e-06, 5.090493060721781e-06]",0.4159058879953819,COMPLETE,4,3,2L2A_COUPLED_FREEC,legacy_price_return_abs_time
74,5.154360621442067e-06,4.842419650946541,1.5547638020212646,0.7700670913986768,19.137668006658373,0.21216938286332893,4.842419650946541,1.5547638020212646,0.7700670913986768,19.137668006658373,0.21216938286332893,36.66666667,"[5.731652467075303e-06, 4.694495517110345e-06, 5.036933880140553e-06]",0.4160259908489141,COMPLETE,4,3,2L2A_COUPLED_FREEC,legacy_price_return_abs_time
123,5.154750599969493e-06,12.38774953608067,3.295188639060483,1.7104692993450203,17.92133568813087,0.08280662130598693,12.38774953608067,3.295188639060483,1.7104692993450203,17.92133568813087,0.08280662130598693,36.66666667,"[5.716241073658322e-06, 4.69519397237231e-06, 5.0528167538778466e-06]",0.4159277706219047,COMPLETE,4,3,2L2A_COUPLED_FREEC,legacy_price_return_abs_time
146,5.155145188371423e-06,28.642139995393215,1.296071614747337,1.9440045301715452,18.555502317829973,0.02708093366013811,28.642139995393215,1.296071614747337,1.9440045301715452,18.555502317829973,0.02708093366013811,36.66666667,"[5.661275757933972e-06, 4.704648963549807e-06, 5.099510843630489e-06]",0.41563073743563833,COMPLETE,4,3,2L2A_COUPLED_FREEC,legacy_price_return_abs_time
121,5.155705669489548e-06,14.272027192477246,3.0632314376237972,1.2444366485836955,21.345980378829204,0.12864775604402504,14.272027192477246,3.0632314376237972,1.2444366485836955,21.345980378829204,0.12864775604402504,36.66666667,"[5.788388946663788e-06, 4.693581212786174e-06, 4.985146849018683e-06]",0.41606955690645053,COMPLETE,4,3,2L2A_COUPLED_FREEC,legacy_price_return_abs_time
128,5.161696467305551e-06,9.950491148611553,2.5629697475051314,1.7227033042293607,22.479317462310338,0.07987741093738067,9.950491148611553,2.5629697475051314,1.7227033042293607,22.479317462310338,0.07987741093738067,36.66666667,"[5.807699321503538e-06, 4.691640749945938e-06, 4.98574933046718e-06]",0.41549113225868656,COMPLETE,4,3,2L2A_COUPLED_FREEC,legacy_price_return_abs_time
62,5.161871700258552e-06,2.676237493768585,3.821073666179662,0.9201546986531213,21.2311945083527,0.11863326574142856,2.676237493768585,3.821073666179662,0.9201546986531213,21.2311945083527,0.11863326574142856,37.0,"[5.883401325064636e-06, 4.653849705507168e-06, 4.948364070203849e-06]",0.4160203080702945,COMPLETE,4,3,2L2A_COUPLED_FREEC,legacy_price_return_abs_time
47,5.161963939474702e-06,12.686534298069166,0.44635062435832806,0.2906814318025809,18.066120098185355,0.1313576274808292,12.686534298069166,0.44635062435832806,0.2906814318025809,18.066120098185355,0.1313576274808292,33.699999999999996,"[5.544801422459286e-06, 4.771436483655136e-06, 5.169653912309686e-06]",0.41397039800138674,COMPLETE,4,3,2L2A_COUPLED_FREEC,legacy_price_return_abs_time
20,5.16259183906649e-06,0.09940313180871359,2.0390816822936384,1.981630289981854,53.369600672926325,0.07104092894367173,0.09940313180871359,2.0390816822936384,1.981630289981854,53.369600672926325,0.07104092894367173,37.0,"[5.900398333395378e-06, 4.641665033014761e-06, 4.94571215078933e-06]",0.4160942164303319,COMPLETE,4,3,2L2A_COUPLED_FREEC,legacy_price_return_abs_time
72,5.164170133665242e-06,5.1431076631424615,1.6273136192285316,-0.5157498254811741,25.315043147318878,0.20381387488839559,5.1431076631424615,1.6273136192285316,-0.5157498254811741,25.315043147318878,0.20381387488839559,36.66666667,"[5.814614102325898e-06, 4.691599525084438e-06, 4.986296773585388e-06]",0.41524276683986777,COMPLETE,4,3,2L2A_COUPLED_FREEC,legacy_price_return_abs_time
25,5.165504631194053e-06,2.7840930369892276,1.7840347605678972,0.9164587239667288,18.963471861031387,0.11224572452443733,2.7840930369892276,1.7840347605678972,0.9164587239667288,18.963471861031387,0.11224572452443733,37.0,"[5.877919723361706e-06, 4.663797829406081e-06, 4.9547963408143725e-06]",0.41552459380031476,COMPLETE,4,3,2L2A_COUPLED_FREEC,legacy_price_return_abs_time
140,5.165790963702973e-06,16.66881886272399,1.8244818954943143,1.5485545310197186,20.602472731933453,0.05255408193900718,16.66881886272399,1.8244818954943143,1.5485545310197186,20.602472731933453,0.05255408193900718,37.0,"[5.812035317519247e-06, 4.702525940389291e-06, 4.98281163320038e-06]",0.41496908887539935,COMPLETE,4,3,2L2A_COUPLED_FREEC,legacy_price_return_abs_time
27,5.166208518467572e-06,2.560733504800454,1.6163947854785818,0.9170289233328668,16.13359596541937,0.10755764725366802,2.560733504800454,1.6163947854785818,0.9170289233328668,16.13359596541937,0.10755764725366802,37.0,"[5.874037058535378e-06, 4.668325524923039e-06, 4.956262971944298e-06]",0.41539854572881296,COMPLETE,4,3,2L2A_COUPLED_FREEC,legacy_price_return_abs_time
141,5.166426608473841e-06,16.039205426506093,2.6677493351334634,1.5276116296598046,20.659240609610094,0.05013840859460453,16.039205426506093,2.6677493351334634,1.5276116296598046,20.659240609610094,0.05013840859460453,37.0,"[5.8362548149140605e-06, 4.693009297061253e-06, 4.970015713446208e-06]",0.41505421325410324,COMPLETE,4,3,2L2A_COUPLED_FREEC,legacy_price_return_abs_time
148,5.166937414773343e-06,24.685321243431275,1.2934817464739787,1.9972687244849099,18.275717754454263,0.02356196758544536,24.685321243431275,1.2934817464739787,1.9972687244849099,18.275717754454263,0.02356196758544536,33.66666667,"[5.680525219722737e-06, 4.70305759377673e-06, 5.1172294308205625e-06]",0.41441356668299223,COMPLETE,4,3,2L2A_COUPLED_FREEC,legacy_price_return_abs_time
26,5.166950875989801e-06,3.0991469515545975,1.7595839243401825,0.8571719881628725,18.425014157317776,0.11298086266175952,3.0991469515545975,1.7595839243401825,0.8571719881628725,18.425014157317776,0.11298086266175952,37.0,"[5.879061194201267e-06, 4.665321657480845e-06, 4.9564697762872885e-06]",0.41535756922941863,COMPLETE,4,3,2L2A_COUPLED_FREEC,legacy_price_return_abs_time
35,5.167136575650753e-06,7.9914571577799505,2.365836527515727,0.4793826505132039,21.619730514746873,0.15499272155860042,7.9914571577799505,2.365836527515727,0.4793826505132039,21.619730514746873,0.15499272155860042,37.0,"[5.856594479791885e-06, 4.68221016446266e-06, 4.962605082697712e-06]",0.41512893176667526,COMPLETE,4,3,2L2A_COUPLED_FREEC,legacy_price_return_abs_time
116,5.1672889857309545e-06,22.51172736284771,5.416440121793693,1.4089430995463803,20.040182399134697,0.09577870870895965,22.51172736284771,5.416440121793693,1.4089430995463803,20.040182399134697,0.09577870870895965,36.66666667,"[5.8329626617471185e-06, 4.691594224120519e-06, 4.977310071325227e-06]",0.4149604151221827,COMPLETE,4,3,2L2A_COUPLED_FREEC,legacy_price_return_abs_time
124,5.1678934205604795e-06,12.290704609771792,3.2027210463841587,1.2569701879536237,18.008151893759376,0.079277639141435,12.290704609771792,3.2027210463841587,1.2569701879536237,18.008151893759376,0.079277639141435,37.0,"[5.850039822906557e-06, 4.6873272002089406e-06, 4.966313238565942e-06]",0.41498370163578935,COMPLETE,4,3,2L2A_COUPLED_FREEC,legacy_price_return_abs_time
93,5.168291983537018e-06,6.8048124617499814,0.08774850592062815,1.1188114684647377,23.415537760494992,0.06578445348972299,6.8048124617499814,0.08774850592062815,1.1188114684647377,23.415537760494992,0.06578445348972299,33.67,"[5.6731342885781904e-06, 4.764974921617404e-06, 5.066766740415458e-06]",0.4137441522912102,COMPLETE,4,3,2L2A_COUPLED_FREEC,legacy_price_return_abs_time
67,5.168809766392206e-06,9.325137133619076,3.685620019916191,1.2139109457121715,16.356068279047673,0.07920226205111314,9.325137133619076,3.685620019916191,1.2139109457121715,16.356068279047673,0.07920226205111314,37.0,"[5.86414675884915e-06, 4.680742303567493e-06, 4.9615402367599754e-06]",0.41498180188670103,COMPLETE,4,3,2L2A_COUPLED_FREEC,legacy_price_return_abs_time
61,5.168849978568109e-06,2.613524367815894,2.2143015081088726,0.9433364390571561,43.998850079367614,0.11719172624103022,2.613524367815894,2.2143015081088726,0.9433364390571561,43.998850079367614,0.11719172624103022,40.0,"[5.911131068523697e-06, 4.645678605141518e-06, 4.949740262039109e-06]",0.41541093721109235,COMPLETE,4,3,2L2A_COUPLED_FREEC,legacy_price_return_abs_time
28,5.169026473656783e-06,0.05934363917201522,1.1194827680464943,0.8493652352584825,18.06653050948115,0.08849933121295528,0.05934363917201522,1.1194827680464943,0.8493652352584825,18.06653050948115,0.08849933121295528,10.0,"[5.921762189547522e-06, 4.639416484131203e-06, 4.945900747291626e-06]",0.41547627329963,COMPLETE,4,3,2L2A_COUPLED_FREEC,legacy_price_return_abs_time
23,5.169383264664939e-06,2.2413042049986243,1.3431204388014848,1.2649400804770639,18.166163415722213,0.08623300717390887,2.2413042049986243,1.3431204388014848,1.2649400804770639,18.166163415722213,0.08623300717390887,37.0,"[5.8802940900766774e-06, 4.6730876959385796e-06, 4.9547680079795615e-06]",0.4150326638048463,COMPLETE,4,3,2L2A_COUPLED_FREEC,legacy_price_return_abs_time
24,5.169583802666336e-06,0.04116675629529767,1.9031498915283855,1.3660598993380764,52.8456004113709,0.086686561260333,0.04116675629529767,1.9031498915283855,1.3660598993380764,52.8456004113709,0.086686561260333,10.0,"[5.936074917215357e-06, 4.630563504391187e-06, 4.942112986392465e-06]",0.4155325897713756,COMPLETE,4,3,2L2A_COUPLED_FREEC,legacy_price_return_abs_time
92,5.170197121943338e-06,1.2895182108038101,4.95630654461948,1.16471505742735,23.28018953947304,0.0700341197072955,1.2895182108038101,4.95630654461948,1.16471505742735,23.28018953947304,0.0700341197072955,10.0,"[5.923415136142155e-06, 4.6401830743441e-06, 4.946993155343761e-06]",0.41534718406480015,COMPLETE,4,3,2L2A_COUPLED_FREEC,legacy_price_return_abs_time
86,5.17069336789824e-06,3.1401572280014123,1.075814734260365,0.7781600499551321,18.683418513043616,0.1670594666710786,3.1401572280014123,1.075814734260365,0.7781600499551321,18.683418513043616,0.1670594666710786,36.66666667,"[5.847774445282229e-06, 4.68973461860591e-06, 4.974571039806582e-06]",0.4146502130946598,COMPLETE,4,3,2L2A_COUPLED_FREEC,legacy_price_return_abs_time
126,5.170796176121685e-06,11.983143844383694,3.224086513698805,1.6847748616825504,22.688161275850216,0.07982684640354519,11.983143844383694,3.224086513698805,1.6847748616825504,22.688161275850216,0.07982684640354519,36.66666667,"[5.844968708825526e-06, 4.690038690927034e-06, 4.977381128612497e-06]",0.41462742538144387,COMPLETE,4,3,2L2A_COUPLED_FREEC,legacy_price_return_abs_time
119,5.17378481022547e-06,14.633147704908293,5.194756125391973,1.2320368610237868,21.455646161045912,0.13872222011424828,14.633147704908293,5.194756125391973,1.2320368610237868,21.455646161045912,0.13872222011424828,36.66666667,"[5.856134433972569e-06, 4.689096321115509e-06, 4.976123675588333e-06]",0.41434361943399006,COMPLETE,4,3,2L2A_COUPLED_FREEC,legacy_price_return_abs_time
82,5.173826615635616e-06,11.35468360855969,0.9057755840399616,1.812101955740041,20.551072430430683,0.09508442405700304,11.35468360855969,0.9057755840399616,1.812101955740041,20.551072430430683,0.09508442405700304,33.66666667,"[5.695086742561431e-06, 4.700626523963729e-06, 5.125766580381687e-06]",0.41372526020892736,COMPLETE,4,3,2L2A_COUPLED_FREEC,legacy_price_return_abs_time
36,5.174191094819088e-06,9.832141514375051,2.976077284062656,-0.34517538389888447,20.56008131319379,0.18409653142384586,9.832141514375051,2.976077284062656,-0.34517538389888447,20.56008131319379,0.18409653142384586,36.66666667,"[5.856517715188553e-06, 4.6913204966001805e-06, 4.974735072668531e-06]",0.4142824823599578,COMPLETE,4,3,2L2A_COUPLED_FREEC,legacy_price_return_abs_time
64,5.174269803327939e-06,0.020870391821878158,1.0914854196009662,0.851606201512633,18.271913846015465,0.07357930806496418,0.020870391821878158,1.0914854196009662,0.851606201512633,18.271913846015465,0.07357930806496418,10.0,"[5.9657357698563325e-06, 4.622217301577614e-06, 4.9348563385498715e-06]",0.41518207250970196,COMPLETE,4,3,2L2A_COUPLED_FREEC,legacy_price_return_abs_time
22,5.1765607978072195e-06,2.2536619039107504,2.1955108392950646,1.2922028023029881,50.77764011541776,0.08276082183334965,2.2536619039107504,2.1955108392950646,1.2922028023029881,50.77764011541776,0.08276082183334965,10.0,"[5.96195668644387e-06, 4.627659135117563e-06, 4.940066571860225e-06]",0.4148750989113699,COMPLETE,4,3,2L2A_COUPLED_FREEC,legacy_price_return_abs_time
42,5.177026651274945e-06,3.6718328503002162,11.767191724588479,1.0444031570705832,11.675622590359525,0.02611978777806911,3.6718328503002162,11.767191724588479,1.0444031570705832,11.675622590359525,0.02611978777806911,10.0,"[5.948766109652464e-06, 4.63490645666905e-06, 4.947407387503323e-06]",0.4147231790255448,COMPLETE,4,3,2L2A_COUPLED_FREEC,legacy_price_return_abs_time
131,5.1778005286205e-06,18.78810786788611,2.582644620725837,1.749330283377661,19.097075894627714,0.10341884524685009,18.78810786788611,2.582644620725837,1.749330283377661,19.097075894627714,0.10341884524685009,33.66666667,"[5.717048939636956e-06, 4.698129212473749e-06, 5.118223433750793e-06]",0.4133809074537513,COMPLETE,4,3,2L2A_COUPLED_FREEC,legacy_price_return_abs_time
11,5.1782455889161335e-06,0.052075301335876935,0.5493046969645317,1.4859590825429096,38.433970007679726,0.05131917836433516,0.052075301335876935,0.5493046969645317,1.4859590825429096,38.433970007679726,0.05131917836433516,10.0,"[5.9867122887239645e-06, 4.619727406245893e-06, 4.928297071778542e-06]",0.414834264949743,COMPLETE,4,3,2L2A_COUPLED_FREEC,legacy_price_return_abs_time
21,5.178842153487902e-06,4.35529529400408,1.5033779645465957,1.4273974001314076,55.10155955084309,0.08619046968603523,4.35529529400408,1.5033779645465957,1.4273974001314076,55.10155955084309,0.08619046968603523,10.0,"[5.9436416711850735e-06, 4.643423238162519e-06, 4.949461551116114e-06]",0.4144392730750574,COMPLETE,4,3,2L2A_COUPLED_FREEC,legacy_price_return_abs_time
108,5.178857923744166e-06,12.964987025077457,7.564069743552416,1.4530582479685554,19.299808369937995,0.13234098135636937,12.964987025077457,7.564069743552416,1.4530582479685554,19.299808369937995,0.13234098135636937,36.66666667,"[5.8419385955351e-06, 4.690117595601203e-06, 5.004517580096196e-06]",0.4137335428228612,COMPLETE,4,3,2L2A_COUPLED_FREEC,legacy_price_return_abs_time
113,5.179263420856322e-06,22.184571530400795,4.003341305824781,1.3564862009875314,17.774526649601103,0.03269968095119836,22.184571530400795,4.003341305824781,1.3564862009875314,17.774526649601103,0.03269968095119836,36.699999999999996,"[5.873257373544911e-06, 4.6970864205781675e-06, 4.967446468445887e-06]",0.41373452340037903,COMPLETE,4,3,2L2A_COUPLED_FREEC,legacy_price_return_abs_time
14,5.179800930138357e-06,0.5213112463781149,24.85717650403266,1.9303625237155932,38.466878988671375,0.010021578548959985,0.5213112463781149,24.85717650403266,1.9303625237155932,38.466878988671375,0.010021578548959985,10.0,"[5.995444470438454e-06, 4.618991868135194e-06, 4.924966451841424e-06]",0.41469798932300456,COMPLETE,4,3,2L2A_COUPLED_FREEC,legacy_price_return_abs_time
43,5.1798733143441975e-06,3.597601826968174,11.195275138395445,1.0801773530922683,12.685171169574216,0.022520109095098953,3.597601826968174,11.195275138395445,1.0801773530922683,12.685171169574216,0.022520109095098953,10.0,"[5.966628590955494e-06, 4.630089624844005e-06, 4.942901727233094e-06]",0.41450770743987864,COMPLETE,4,3,2L2A_COUPLED_FREEC,legacy_price_return_abs_time
48,5.1800059360297375e-06,13.622325569041244,0.38618970521974927,0.22910756045795944,17.54009798289272,0.12867804300382796,13.622325569041244,0.38618970521974927,0.22910756045795944,17.54009798289272,0.12867804300382796,33.699999999999996,"[5.53582919246699e-06, 4.789842160769511e-06, 5.21434645485271e-06]",0.4118164818116217,COMPLETE,4,3,2L2A_COUPLED_FREEC,legacy_price_return_abs_time
71,5.180415250812707e-06,8.22901779710859,6.621769307589744,1.5170281084964414,21.835579029922986,0.017349611343454755,8.22901779710859,6.621769307589744,1.5170281084964414,21.835579029922986,0.017349611343454755,10.0,"[5.94487354356998e-06, 4.645158077176312e-06, 4.951214131691829e-06]",0.414256946076848,COMPLETE,4,3,2L2A_COUPLED_FREEC,legacy_price_return_abs_time
91,5.180698554294248e-06,6.676476423838835,4.7147102116104636,1.152835831007737,23.706051593333726,0.13959741885916094,6.676476423838835,4.7147102116104636,1.152835831007737,23.706051593333726,0.13959741885916094,40.0,"[5.912571052358497e-06, 4.677197916244413e-06, 4.952326694279834e-06]",0.4138641495609487,COMPLETE,4,3,2L2A_COUPLED_FREEC,legacy_price_return_abs_time
34,5.181428310784531e-06,6.656614863731277,2.9522829548365266,0.523048239175224,21.79840991968958,0.17970175135954047,6.656614863731277,2.9522829548365266,0.523048239175224,21.79840991968958,0.17970175135954047,37.0,"[5.9012377101160445e-06, 4.682351976277171e-06, 4.960695245960378e-06]",0.41370612488089203,COMPLETE,4,3,2L2A_COUPLED_FREEC,legacy_price_return_abs_time
2,5.181947958274521e-06,0.6206747310005669,12.141537313355814,-1.506509054032048,30.873141212959414,0.03133744356350787,0.6206747310005669,12.141537313355814,-1.506509054032048,30.873141212959414,0.03133744356350787,10.0,"[6.0065193061666744e-06, 4.618615609154636e-06, 4.920708959502253e-06]",0.41450157159822115,COMPLETE,4,3,2L2A_COUPLED_FREEC,legacy_price_return_abs_time
88,5.182043015920742e-06,2.9894351077207553,2.018243458707715,1.3007304585612327,18.61603102629223,0.15256078803656364,2.9894351077207553,2.018243458707715,1.3007304585612327,18.61603102629223,0.15256078803656364,36.66666667,"[5.853083749992666e-06, 4.689623817283858e-06, 5.0034214804857025e-06]",0.41342454038003057,COMPLETE,4,3,2L2A_COUPLED_FREEC,legacy_price_return_abs_time
63,5.1821884654095295e-06,2.5716447100268,2.3048881394523977,0.9466212842057571,17.727582691368216,0.14702700254742634,2.5716447100268,2.3048881394523977,0.9466212842057571,17.727582691368216,0.14702700254742634,40.0,"[5.914382806282236e-06, 4.678507083489528e-06, 4.953675506456823e-06]",0.413696232387555,COMPLETE,4,3,2L2A_COUPLED_FREEC,legacy_price_return_abs_time
55,5.182656440239597e-06,0.9731423579444458,0.1455345914861495,0.5695936299719806,19.44246485426542,0.11285607068383612,0.9731423579444458,0.1455345914861495,0.5695936299719806,19.44246485426542,0.11285607068383612,36.699999999999996,"[5.859012804996519e-06, 4.715067942167406e-06, 4.973888573554866e-06]",0.41317224931879276,COMPLETE,4,3,2L2A_COUPLED_FREEC,legacy_price_return_abs_time
5,5.1837197232808555e-06,3.601167259511987,9.780087220935513,-1.4573825617857725,65.39748009875875,0.20734679446210252,3.601167259511987,9.780087220935513,-1.4573825617857725,65.39748009875875,0.20734679446210252,70.0,"[5.907236817135789e-06, 4.68220653578018e-06, 4.961715816926597e-06]",0.41347560477197315,COMPLETE,4,3,2L2A_COUPLED_FREEC,legacy_price_return_abs_time
97,5.184994656582419e-06,3.9917717656196614,0.0153932176190282,0.9914905057445161,17.0517607507391,0.04497635981449181,3.9917717656196614,0.0153932176190282,0.9914905057445161,17.0517607507391,0.04497635981449181,33.67,"[5.741629971556207e-06, 4.781538705218251e-06, 5.0318152929727985e-06]",0.412002509525272,COMPLETE,4,3,2L2A_COUPLED_FREEC,legacy_price_return_abs_time
18,5.185210546245063e-06,0.17399571210189363,0.06855992189798651,1.9970168868318812,27.531667525855525,0.05356923166235457,0.17399571210189363,0.06855992189798651,1.9970168868318812,27.531667525855525,0.05356923166235457,40.0,"[5.914098184438269e-06, 4.682111658373461e-06, 4.959421795923461e-06]",0.4133352015765073,COMPLETE,4,3,2L2A_COUPLED_FREEC,legacy_price_return_abs_time
114,5.185948485291111e-06,22.3458624384463,4.039529930286279,1.4101441158106334,19.602278131127193,0.16956465453821482,22.3458624384463,4.039529930286279,1.4101441158106334,19.602278131127193,0.16956465453821482,33.66666667,"[5.739584920114532e-06, 4.696964922747601e-06, 5.121295613011202e-06]",0.4125703001669749,COMPLETE,4,3,2L2A_COUPLED_FREEC,legacy_price_return_abs_time
3,5.186836551346946e-06,0.1623048795070509,0.24910527282408343,1.2003724551257249,22.878036985031102,0.16748242043771444,0.1623048795070509,0.24910527282408343,1.2003724551257249,22.878036985031102,0.16748242043771444,70.0,"[5.912835193452516e-06, 4.683666061618951e-06, 4.9640083989693695e-06]",0.41314045078547235,COMPLETE,4,3,2L2A_COUPLED_FREEC,legacy_price_return_abs_time
49,5.188991639437693e-06,14.617002899925213,0.47853156929299573,-0.13472478999689708,24.528900032838596,0.1266956930331155,14.617002899925213,0.47853156929299573,-0.13472478999689708,24.528900032838596,0.1266956930331155,33.699999999999996,"[5.5456488448034315e-06, 4.800755461802473e-06, 5.220570611707172e-06]",0.41077595975476183,COMPLETE,4,3,2L2A_COUPLED_FREEC,legacy_price_return_abs_time
58,5.189379975295681e-06,0.11987119255031821,1.2907837215099522,0.6613769196458308,68.79358097347779,0.2607953874019438,0.11987119255031821,1.2907837215099522,0.6613769196458308,68.79358097347779,0.2607953874019438,70.0,"[5.888469988471409e-06, 4.683509690248572e-06, 4.996160247167064e-06]",0.4127841304291779,COMPLETE,4,3,2L2A_COUPLED_FREEC,legacy_price_return_abs_time
57,5.190721816115529e-06,0.8929207824847342,0.6722292979097808,0.6094535116240521,70.52060266424787,0.25205846470348076,0.8929207824847342,0.6722292979097808,0.6094535116240521,70.52060266424787,0.25205846470348076,70.0,"[5.894954887439569e-06, 4.685258019879987e-06, 4.991952541027032e-06]",0.41264403821974754,COMPLETE,4,3,2L2A_COUPLED_FREEC,legacy_price_return_abs_time
85,5.1918276889453485e-06,3.0735761754334674,1.0732563446610746,0.7821901425188484,20.52909911538218,0.09761184415334045,3.0735761754334674,1.0732563446610746,0.7821901425188484,20.52909911538218,0.09761184415334045,40.0,"[5.945500627325511e-06, 4.670708152694323e-06, 4.959274286816212e-06]",0.41280324077183156,COMPLETE,4,3,2L2A_COUPLED_FREEC,legacy_price_return_abs_time
147,5.191947391177716e-06,24.700408778252864,1.4413777087996964,1.9969210245271896,18.577108000931283,0.042780808086481235,24.700408778252864,1.4413777087996964,1.9969210245271896,18.577108000931283,0.042780808086481235,33.66666667,"[5.722351111433306e-06, 4.701559049954312e-06, 5.151932012145527e-06]",0.4118202571144634,COMPLETE,4,3,2L2A_COUPLED_FREEC,legacy_price_return_abs_time
84,5.192028990801154e-06,3.148588322477645,1.0101050424315068,0.8212834555398645,20.35759904981024,0.09513141035027983,3.148588322477645,1.0101050424315068,0.8212834555398645,20.35759904981024,0.09513141035027983,37.0,"[5.942196658371935e-06, 4.673798549986325e-06, 4.960091764045203e-06]",0.4127456793801727,COMPLETE,4,3,2L2A_COUPLED_FREEC,legacy_price_return_abs_time
65,5.194704071462262e-06,18.410971266600487,3.589673988839207,0.373990537635278,42.420150033703116,0.11865645596456159,18.410971266600487,3.589673988839207,0.373990537635278,42.420150033703116,0.11865645596456159,40.0,"[5.960555737193296e-06, 4.667694462189291e-06, 4.955862015004197e-06]",0.4125609514806316,COMPLETE,4,3,2L2A_COUPLED_FREEC,legacy_price_return_abs_time
120,5.1982202617901955e-06,15.138199137133434,0.010069417574712546,1.2393083226213,21.06700641530757,0.12914005705957682,15.138199137133434,0.010069417574712546,1.2393083226213,21.06700641530757,0.12914005705957682,34.0,"[5.682072704730276e-06, 4.7222629955743495e-06, 5.190325085065962e-06]",0.41083628493654034,COMPLETE,4,3,2L2A_COUPLED_FREEC,legacy_price_return_abs_time
100,5.198970713007779e-06,16.499566529556144,3.2386831583837403,0.48289123882392704,15.709605035629801,0.108079453258472,16.499566529556144,3.2386831583837403,0.48289123882392704,15.709605035629801,0.108079453258472,36.699999999999996,"[5.909149111663141e-06, 4.714860219380332e-06, 4.972902807979862e-06]",0.411548387521297,COMPLETE,4,3,2L2A_COUPLED_FREEC,legacy_price_return_abs_time
94,5.1990712978019245e-06,5.103253603765587,0.07170321915760768,1.0161022408354266,30.587517906683576,0.06401701738278441,5.103253603765587,0.07170321915760768,1.0161022408354266,30.587517906683576,0.06401701738278441,33.6667,"[5.865829541270652e-06, 4.763472074714295e-06, 4.967912277420827e-06]",0.41100692292111507,COMPLETE,4,3,2L2A_COUPLED_FREEC,legacy_price_return_abs_time
90,5.199099982896296e-06,6.768189344023932,1.9433806863412686,1.1340787181610794,24.127869853464585,0.06640077187592947,6.768189344023932,1.9433806863412686,1.1340787181610794,24.127869853464585,0.06640077187592947,40.0,"[5.97028011811475e-06, 4.66985585420945e-06, 4.957163976364687e-06]",0.41209334888006044,COMPLETE,4,3,2L2A_COUPLED_FREEC,legacy_price_return_abs_time
66,5.203266765908962e-06,19.73159628896241,4.034162511509666,0.3575567129713382,46.16153833593672,0.10987638508429581,19.73159628896241,4.034162511509666,0.3575567129713382,46.16153833593672,0.10987638508429581,40.0,"[5.99787733803169e-06, 4.6619332248834355e-06, 4.949989734811763e-06]",0.4117896507211407,COMPLETE,4,3,2L2A_COUPLED_FREEC,legacy_price_return_abs_time
16,5.204804625420649e-06,0.23137462704913134,0.058263634127590676,1.9789597607033107,40.95269625962807,0.01244843615175874,0.23137462704913134,0.058263634127590676,1.9789597607033107,40.95269625962807,0.01244843615175874,40.0,"[6.016530589717979e-06, 4.654499752060872e-06, 4.943383534483096e-06]",0.41174116859910637,COMPLETE,4,3,2L2A_COUPLED_FREEC,legacy_price_return_abs_time
102,5.206777960886813e-06,0.038573626280165425,1.4567937194357874,0.12879413627465403,21.518783345819692,0.30238463077786965,0.038573626280165425,1.4567937194357874,0.12879413627465403,21.518783345819692,0.30238463077786965,70.0,"[5.862509322849052e-06, 4.683185293345931e-06, 5.074639266465457e-06]",0.410796165922564,COMPLETE,4,3,2L2A_COUPLED_FREEC,legacy_price_return_abs_time
87,5.2075664909764106e-06,3.115942368733971,0.020897478247834025,0.8004419136102504,18.764654588636102,0.15850235377745295,3.115942368733971,0.020897478247834025,0.8004419136102504,18.764654588636102,0.15850235377745295,34.0,"[5.648450081154085e-06, 4.728102148018693e-06, 5.246147243756453e-06]",0.4096563915155896,COMPLETE,4,3,2L2A_COUPLED_FREEC,legacy_price_return_abs_time
19,5.211512467252005e-06,0.12916884551308078,0.054076573715584206,1.940390281865765,50.36641268019311,0.010187472503766155,0.12916884551308078,0.054076573715584206,1.940390281865765,50.36641268019311,0.010187472503766155,67.0,"[6.1660582653791335e-06, 4.616886049177345e-06, 4.851593087199536e-06]",0.4117919785659023,COMPLETE,4,3,2L2A_COUPLED_FREEC,legacy_price_return_abs_time
17,5.218711416553329e-06,0.2021510117711644,0.05236739342026071,1.8724622331752314,50.14852629239266,0.010677829617092488,0.2021510117711644,0.05236739342026071,1.8724622331752314,50.14852629239266,0.010677829617092488,67.0,"[6.2152782318375554e-06, 4.610086796328277e-06, 4.830769221494157e-06]",0.4112169640277316,COMPLETE,4,3,2L2A_COUPLED_FREEC,legacy_price_return_abs_time
33,5.220443477214705e-06,6.4048566023175955,4.365118027649606,-0.19903477054085128,23.240479523570293,0.29076209154705773,6.4048566023175955,4.365118027649606,-0.19903477054085128,23.240479523570293,0.29076209154705773,70.0,"[5.8672159217830514e-06, 4.689124054496317e-06, 5.104990455364746e-06]",0.4092661952202266,COMPLETE,4,3,2L2A_COUPLED_FREEC,legacy_price_return_abs_time
95,5.221872475337893e-06,4.1979435504797795,0.09305481084915147,1.0441029451573351,31.899770494955245,0.2107097794014823,4.1979435504797795,0.09305481084915147,1.0441029451573351,31.899770494955245,0.2107097794014823,36.66666667,"[5.729084821521754e-06, 4.70834824187332e-06, 5.228184362618603e-06]",0.4085082236492803,COMPLETE,4,3,2L2A_COUPLED_FREEC,legacy_price_return_abs_time
106,5.2263091066428e-06,7.470551114955498,2.249827676719846,0.3019180396774923,22.396546986187765,0.08052519817623519,7.470551114955498,2.249827676719846,0.3019180396774923,22.396546986187765,0.08052519817623519,67.0,"[6.19338455262711e-06, 4.635737849279881e-06, 4.84980491802141e-06]",0.410107598803648,COMPLETE,4,3,2L2A_COUPLED_FREEC,legacy_price_return_abs_time
134,5.228382768187636e-06,19.832888910729697,2.1365652209801618,1.8746844085730097,19.274298979210098,0.10190214585678868,19.832888910729697,2.1365652209801618,1.8746844085730097,19.274298979210098,0.10190214585678868,33.66666667,"[5.792553700237143e-06, 4.697687610561689e-06, 5.194906993764073e-06]",0.4080857885759686,COMPLETE,4,3,2L2A_COUPLED_FREEC,legacy_price_return_abs_time
37,5.230579791991273e-06,7.387540329882476,2.6974358747761538,1.6577331012946876,20.283568259497272,0.16011136594862196,7.387540329882476,2.6974358747761538,1.6577331012946876,20.283568259497272,0.16011136594862196,67.0,"[5.861417869402679e-06, 4.692293470897884e-06, 5.1380280356732564e-06]",0.408111204358125,COMPLETE,4,3,2L2A_COUPLED_FREEC,legacy_price_return_abs_time
70,5.233720731979521e-06,5.004392756412645,6.313593971726815,1.523198261325772,22.35524876277741,0.22472260446601564,5.004392756412645,6.313593971726815,1.523198261325772,22.35524876277741,0.22472260446601564,67.0,"[5.842526077677657e-06, 4.686257065943572e-06, 5.172379052317331e-06]",0.40775432296693676,COMPLETE,4,3,2L2A_COUPLED_FREEC,legacy_price_return_abs_time
112,5.2463754987817065e-06,22.15343476029144,2.480072050595362,1.3410334769166374,27.0682166185133,0.0330002969697682,22.15343476029144,2.480072050595362,1.3410334769166374,27.0682166185133,0.0330002969697682,67.0,"[6.1054888058779736e-06, 4.694423843212237e-06, 4.939213847254907e-06]",0.40715305233605087,COMPLETE,4,3,2L2A_COUPLED_FREEC,legacy_price_return_abs_time
0,5.2549112205677695e-06,12.099769744600072,0.016916356028373315,0.7194513880108082,34.565777374154095,0.2983354454876877,12.099769744600072,0.016916356028373315,0.7194513880108082,34.565777374154095,0.2983354454876877,33.699999999999996,"[5.667975208337443e-06, 4.626402593224928e-06, 5.470355860140941e-06]",0.4053477501182399,COMPLETE,4,3,2L2A_COUPLED_FREEC,legacy_price_return_abs_time
69,5.25628449017554e-06,8.748550647104135,6.47301491674384,1.5285444368835244,16.542047817234867,0.1991841107204967,8.748550647104135,6.47301491674384,1.5285444368835244,16.542047817234867,0.1991841107204967,67.0,"[5.832307551005875e-06, 4.688138836887396e-06, 5.248407082633352e-06]",0.40523350752475906,COMPLETE,4,3,2L2A_COUPLED_FREEC,legacy_price_return_abs_time
79,5.262912433289623e-06,0.728551934775787,2.797683932824202,-0.8060826264088415,25.442274215141587,0.348208250447055,0.728551934775787,2.797683932824202,-0.8060826264088415,25.442274215141587,0.348208250447055,67.0,"[5.822319514606824e-06, 4.683835811584939e-06, 5.282581973677104e-06]",0.40450940585642936,COMPLETE,4,3,2L2A_COUPLED_FREEC,legacy_price_return_abs_time
115,5.2653379852912525e-06,25.674747381474706,4.024783734363548,1.6340054095334717,19.833472703996442,0.17491081165270353,25.674747381474706,4.024783734363548,1.6340054095334717,19.833472703996442,0.17491081165270353,67.0,"[5.8469498492185215e-06, 4.694586516696289e-06, 5.254477589958949e-06]",0.40423701335024304,COMPLETE,4,3,2L2A_COUPLED_FREEC,legacy_price_return_abs_time
56,5.265631277129334e-06,5.712497826531566,1.2303602964054212,0.684173618862294,13.76874141956828,0.2644251368511043,5.712497826531566,1.2303602964054212,0.684173618862294,13.76874141956828,0.2644251368511043,33.66666667,"[5.856645484964081e-06, 4.696482409540953e-06, 5.243765936882971e-06]",0.4042210325126532,COMPLETE,4,3,2L2A_COUPLED_FREEC,legacy_price_return_abs_time
96,5.266227477082998e-06,4.826687344345557,0.03853174857430333,1.0154143146024113,14.640167196588429,0.21927327390504545,4.826687344345557,0.03853174857430333,1.0154143146024113,14.640167196588429,0.21927327390504545,67.0,"[5.731744671387447e-06, 4.67649859594262e-06, 5.390439163918931e-06]",0.40391189196872584,COMPLETE,4,3,2L2A_COUPLED_FREEC,legacy_price_return_abs_time
122,5.27220728898157e-06,12.13206572678165,3.206038121980312,1.263423322337834,17.723251145908907,0.23838694759316872,12.13206572678165,3.206038121980312,1.263423322337834,17.723251145908907,0.23838694759316872,67.0,"[5.8355443067544885e-06, 4.691816121166959e-06, 5.289261439023262e-06]",0.4034695711604523,COMPLETE,4,3,2L2A_COUPLED_FREEC,legacy_price_return_abs_time
54,5.272289642241898e-06,0.9505636305747424,0.2008016528053444,0.5808074813935666,13.856449876360351,0.2783900181369941,0.9505636305747424,0.2008016528053444,0.5808074813935666,13.856449876360351,0.2783900181369941,67.0,"[5.854227218339445e-06, 4.696050599502557e-06, 5.266591108883689e-06]",0.4034870189592336,COMPLETE,4,3,2L2A_COUPLED_FREEC,legacy_price_return_abs_time
118,5.2740485669473056e-06,28.35886591586465,0.03237630645659208,1.6011031641822489,16.999752151361054,0.1273826073297575,28.35886591586465,0.03237630645659208,1.6011031641822489,16.999752151361054,0.1273826073297575,37.0,"[5.782794872296091e-06, 4.697443699380927e-06, 5.3419071291648965e-06]",0.4030519001295089,COMPLETE,4,3,2L2A_COUPLED_FREEC,legacy_price_return_abs_time
117,5.283211620048807e-06,29.536417090453142,5.405251171617016,1.6091741629577645,16.956587672193898,0.17322477566197936,29.536417090453142,5.405251171617016,1.6091741629577645,16.956587672193898,0.17322477566197936,100.0,"[5.835045778541824e-06, 4.692152322938533e-06, 5.322436758666065e-06]",0.40225935486694575,COMPLETE,4,3,2L2A_COUPLED_FREEC,legacy_price_return_abs_time
101,5.286537183919501e-06,17.591665349111253,3.3415811358302143,0.16963741341683122,15.659269193742642,0.3077542585584775,17.591665349111253,3.3415811358302143,0.16963741341683122,15.659269193742642,0.3077542585584775,67.0,"[5.847996622391647e-06, 4.69524292601277e-06, 5.3163720033540824e-06]",0.4019120284758573,COMPLETE,4,3,2L2A_COUPLED_FREEC,legacy_price_return_abs_time
83,5.2911317542741285e-06,4.630623718762824,0.8750266101652792,1.7987503561159004,20.45692201160853,0.19212091760667221,4.630623718762824,0.8750266101652792,1.7987503561159004,20.45692201160853,0.19212091760667221,100.0,"[5.82079113096925e-06, 4.688496723755584e-06, 5.364107408097554e-06]",0.40137464323804545,COMPLETE,4,3,2L2A_COUPLED_FREEC,legacy_price_return_abs_time
29,5.315570920935828e-06,29.471900836779444,0.9417702994515368,0.8942094050172371,15.172811798217436,0.37257339394736355,29.471900836779444,0.9417702994515368,0.8942094050172371,15.172811798217436,0.37257339394736355,67.0,"[5.692630402374182e-06, 4.628054530446221e-06, 5.6260278299870814e-06]",0.3987669213909668,COMPLETE,4,3,2L2A_COUPLED_FREEC,legacy_price_return_abs_time
31,5.338894166241865e-06,27.0916800759334,5.773333143434369,0.7272580964657599,15.946768744768098,0.37809076216126436,27.0916800759334,5.773333143434369,0.7272580964657599,15.946768744768098,0.37809076216126436,100.0,"[5.801444379190772e-06, 4.6701970432839044e-06, 5.5450410762509214e-06]",0.39622491458182346,COMPLETE,4,3,2L2A_COUPLED_FREEC,legacy_price_return_abs_time
32,5.3419750502209695e-06,26.92455198300307,5.097307569486836,0.5096558380279308,14.1901119954919,0.3954263226633942,26.92455198300307,5.097307569486836,0.5096558380279308,14.1901119954919,0.3954263226633942,70.0,"[5.797187945763437e-06, 4.664486758666399e-06, 5.564250446233076e-06]",0.39591936245989584,COMPLETE,4,3,2L2A_COUPLED_FREEC,legacy_price_return_abs_time
30,5.3475528939095986e-06,24.31047959821982,4.723264284315151,0.8184517520231147,14.75389921095029,0.3756143657601017,24.31047959821982,4.723264284315151,0.8184517520231147,14.75389921095029,0.3756143657601017,100.0,"[5.801464202575857e-06, 4.665143043369367e-06, 5.576051435783572e-06]",0.3953166886164478,COMPLETE,4,3,2L2A_COUPLED_FREEC,legacy_price_return_abs_time
53,5.3547407376204445e-06,0.3991093551037085,0.19769412136001152,0.009044827997061411,13.861907628886009,0.0589047851063413,0.3991093551037085,0.19769412136001152,0.009044827997061411,13.861907628886009,0.0589047851063413,100.0,"[6.538036360549844e-06, 4.588635165442434e-06, 4.937550686869054e-06]",0.39752704749106155,COMPLETE,4,3,2L2A_COUPLED_FREEC,legacy_price_return_abs_time
73,5.358692586614421e-06,1.262575213800198,1.5964065728137715,-0.4528906748654523,15.496255980314231,0.042081744855274446,1.262575213800198,1.5964065728137715,-0.4528906748654523,15.496255980314231,0.042081744855274446,100.0,"[6.582726838795213e-06, 4.605508727518691e-06, 4.8878421935293576e-06]",0.39710316688685127,COMPLETE,4,3,2L2A_COUPLED_FREEC,legacy_price_return_abs_time
52,5.362387142357323e-06,0.33355114762347576,0.16751457728234062,-0.08524095376955754,16.377275593413763,0.056119734671097425,0.33355114762347576,0.16751457728234062,-0.08524095376955754,16.377275593413763,0.056119734671097425,100.0,"[6.573360320425555e-06, 4.591037269429665e-06, 4.922763837216749e-06]",0.3967841597082833,COMPLETE,4,3,2L2A_COUPLED_FREEC,legacy_price_return_abs_time
81,5.373728694679295e-06,2.109724906094812,2.953312226582016,-0.6331378815320395,36.17902563842482,0.4736337759997426,2.109724906094812,2.953312226582016,-0.6331378815320395,36.17902563842482,0.4736337759997426,100.0,"[5.809339934224688e-06, 4.6744081674407055e-06, 5.6374379823724916e-06]",0.39239933840851077,COMPLETE,4,3,2L2A_COUPLED_FREEC,legacy_price_return_abs_time
45,5.376544287595829e-06,3.7983301873222284,1.9270681445566082,0.462046778924069,11.662543670616667,0.03687334663271715,3.7983301873222284,1.9270681445566082,0.462046778924069,11.662543670616667,0.03687334663271715,100.0,"[6.597624416576561e-06, 4.59507544553865e-06, 4.9369330006722735e-06]",0.3952788675961636,COMPLETE,4,3,2L2A_COUPLED_FREEC,legacy_price_return_abs_time
50,5.377437829488721e-06,0.43465889892647286,0.3502967333979451,0.10630431382002892,79.59220331392201,0.05214421273730695,0.43465889892647286,0.3502967333979451,0.10630431382002892,79.59220331392201,0.05214421273730695,100.0,"[6.627230636656619e-06, 4.635449478550691e-06, 4.869633373258853e-06]",0.39495265605414115,COMPLETE,4,3,2L2A_COUPLED_FREEC,legacy_price_return_abs_time
98,5.414089777201538e-06,5.549284277035123,1.3130352832213203,0.18200457137597859,15.021471138466952,0.05034442668887974,5.549284277035123,1.3130352832213203,0.18200457137597859,15.021471138466952,0.05034442668887974,100.0,"[6.649661359633776e-06, 4.619575487161944e-06, 4.973032484808894e-06]",0.3911361982907588,COMPLETE,4,3,2L2A_COUPLED_FREEC,legacy_price_return_abs_time
4,5.415691905462918e-06,0.015587362984545374,0.6157478643056232,0.15970848922113845,12.564988556643293,0.04495219931464011,0.015587362984545374,0.6157478643056232,0.15970848922113845,12.564988556643293,0.04495219931464011,100.0,"[6.6988649817538156e-06, 4.683428280295864e-06, 4.8647824543390746e-06]",0.390607281204348,COMPLETE,4,3,2L2A_COUPLED_FREEC,legacy_price_return_abs_time
78,5.422269453929855e-06,2.0276142467779232,16.811885518193765,-1.1033633776395264,25.82525271000048,0.4954527201774467,2.0276142467779232,16.811885518193765,-1.1033633776395264,25.82525271000048,0.4954527201774467,100.0,"[5.82651287833656e-06, 4.676272757585459e-06, 5.764022725867547e-06]",0.3871206347975939,COMPLETE,4,3,2L2A_COUPLED_FREEC,legacy_price_return_abs_time
51,5.429981948776782e-06,14.61862164278569,0.4543495918679876,0.013243974275524983,32.87298289339621,0.06050536939936626,14.61862164278569,0.4543495918679876,0.013243974275524983,32.87298289339621,0.06050536939936626,67.0,"[6.558051204964908e-06, 4.761529932012489e-06, 4.970364709352951e-06]",0.38795860499329793,COMPLETE,4,3,2L2A_COUPLED_FREEC,legacy_price_return_abs_time
46,5.44894983129016e-06,11.189578617855922,1.780105413156959,0.28147026119387375,25.383085704126266,0.03761364547374196,11.189578617855922,1.780105413156959,0.28147026119387375,25.383085704126266,0.03761364547374196,100.0,"[6.762379088593777e-06, 4.660257026422285e-06, 4.924213378854415e-06]",0.38735429869959287,COMPLETE,4,3,2L2A_COUPLED_FREEC,legacy_price_return_abs_time
44,5.463806923816514e-06,3.244647255809139,8.091868180414606,0.2677975829090208,12.680143475287238,0.03165160558534534,3.244647255809139,8.091868180414606,0.2677975829090208,12.680143475287238,0.03165160558534534,100.0,"[6.775361713319343e-06, 4.744947371204995e-06, 4.8711116869252065e-06]",0.38508833922080665,COMPLETE,4,3,2L2A_COUPLED_FREEC,legacy_price_return_abs_time
80,5.479882198562834e-06,2.0344854368229295,2.707667638020588,1.8031506388199499,17.175521669774167,0.41730492887241255,2.0344854368229295,2.707667638020588,1.8031506388199499,17.175521669774167,0.41730492887241255,100.0,"[5.8594949410262535e-06, 4.685942534379817e-06, 5.894209120282429e-06]",0.380836289402386,COMPLETE,4,3,2L2A_COUPLED_FREEC,legacy_price_return_abs_time
9,5.4830877612943025e-06,0.2121588895577795,0.2626223885999949,0.3874710676395128,23.463390516872618,0.02462485493007282,0.2121588895577795,0.2626223885999949,0.3874710676395128,23.463390516872618,0.02462485493007282,100.0,"[6.784850455498306e-06, 4.807007904181866e-06, 4.857404924202733e-06]",0.3825079639429882,COMPLETE,4,3,2L2A_COUPLED_FREEC,legacy_price_return_abs_time
59,5.485906878608079e-06,5.729731274897045,0.6767988381599807,0.6834105719758263,64.07699691699274,0.6003750252600435,5.729731274897045,0.6767988381599807,0.6834105719758263,64.07699691699274,0.6003750252600435,100.0,"[5.855622645436866e-06, 4.67954377344733e-06, 5.922554216940038e-06]",0.3802149130329891,COMPLETE,4,3,2L2A_COUPLED_FREEC,legacy_price_return_abs_time
99,5.487987410353003e-06,10.277532059734757,0.0199718608027078,0.444674139737821,15.226687496517377,0.04427443894766143,10.277532059734757,0.0199718608027078,0.444674139737821,15.226687496517377,0.04427443894766143,67.0,"[6.558493899553372e-06, 4.95979636496627e-06, 4.9456719665393695e-06]",0.38001191315493327,COMPLETE,4,3,2L2A_COUPLED_FREEC,legacy_price_return_abs_time
60,5.513385265216961e-06,2.4126604698143876,0.5879477361643909,0.9363734126512051,21.566959490007402,0.6019052587344981,2.4126604698143876,0.5879477361643909,0.9363734126512051,21.566959490007402,0.6019052587344981,70.0,"[5.868558530752202e-06, 4.694555670698973e-06, 5.977041594199709e-06]",0.37712506292881853,COMPLETE,4,3,2L2A_COUPLED_FREEC,legacy_price_return_abs_time
15,5.5502341003361885e-06,0.606420575184733,29.46686510041201,-0.6080848629553958,39.59344223074726,0.014916531866365537,0.606420575184733,29.46686510041201,-0.6080848629553958,39.59344223074726,0.014916531866365537,70.0,"[6.831714260324658e-06, 4.973500317170612e-06, 4.845487723513295e-06]",0.3739648843959145,COMPLETE,4,3,2L2A_COUPLED_FREEC,legacy_price_return_abs_time
1,5.557326248695584e-06,13.548184064662296,1.273439642190974,1.3729951507439049,11.511442120232642,0.7971368600779662,13.548184064662296,1.273439642190974,1.3729951507439049,11.511442120232642,0.7971368600779662,3.67,"[5.988234153217165e-06, 5.006121470337412e-06, 5.677623122532172e-06]",0.3701959717705586,COMPLETE,4,3,2L2A_COUPLED_FREEC,legacy_price_return_abs_time
8,5.66302066335179e-06,0.06260415691807374,3.4120611326572963,-1.7222285421127377,10.39024615413162,0.5479758982275355,0.06260415691807374,3.4120611326572963,-1.7222285421127377,10.39024615413162,0.5479758982275355,70.0,"[6.018817667638152e-06, 4.822842573676459e-06, 6.147401748740757e-06]",0.3601837954594385,COMPLETE,4,3,2L2A_COUPLED_FREEC,legacy_price_return_abs_time
40,5.715771482665035e-06,1.5199446361697162,0.757552172055686,1.106746159985227,29.47255045521402,0.9983968658445124,1.5199446361697162,0.757552172055686,1.106746159985227,29.47255045521402,0.9983968658445124,33.699999999999996,"[6.080118642236104e-06, 4.9535658940201954e-06, 6.113629911738803e-06]",0.3535521101559443,COMPLETE,4,3,2L2A_COUPLED_FREEC,legacy_price_return_abs_time
39,5.746845500469494e-06,1.7123736391938125,0.8037579477647433,1.6399551194738629,28.131743524054922,1.0396156131238032,1.7123736391938125,0.8037579477647433,1.6399551194738629,28.131743524054922,1.0396156131238032,33.699999999999996,"[6.113133292613677e-06, 5.030720327885353e-06, 6.096682880909452e-06]",0.3496343553637189,COMPLETE,4,3,2L2A_COUPLED_FREEC,legacy_price_return_abs_time
41,5.810603617472141e-06,1.7069706842934909,8.898458295970409,1.0738624256195233,27.462728406764626,1.0577870041840194,1.7069706842934909,8.898458295970409,1.0738624256195233,27.462728406764626,1.0577870041840194,33.699999999999996,"[6.111813309426507e-06, 4.983805953402712e-06, 6.336191589587206e-06]",0.34301979829203155,COMPLETE,4,3,2L2A_COUPLED_FREEC,legacy_price_return_abs_time
38,5.853104684533754e-06,1.5011599336089652,0.9122826268567424,1.642304912699315,19.60998189275571,1.158540692947074,1.5011599336089652,0.9122826268567424,1.642304912699315,19.60998189275571,1.158540692947074,0.33666667,"[6.189866702516471e-06, 5.166064646143028e-06, 6.203382704941763e-06]",0.33715183331698756,COMPLETE,4,3,2L2A_COUPLED_FREEC,legacy_price_return_abs_time
7,5.965408873026816e-06,0.028271806982116975,0.1358241436402293,-1.1653763171575422,58.988460849775265,1.8546278508529273,0.028271806982116975,0.1358241436402293,-1.1653763171575422,58.988460849775265,1.8546278508529273,0.033333339999999996,"[6.4685151532894254e-06, 5.43925809607593e-06, 5.988453369715094e-06]",0.32355373970757656,COMPLETE,4,3,2L2A_COUPLED_FREEC,legacy_price_return_abs_time
12,6.428262452231382e-06,0.01700584856563144,0.351356896129489,-1.2817613416346618,38.7594971612075,3.0635183176343643,0.01700584856563144,0.351356896129489,-1.2817613416346618,38.7594971612075,3.0635183176343643,3.34e-06,"[6.8322485222567425e-06, 5.763546696996032e-06, 6.68899213744137e-06]",0.2714060654283751,COMPLETE,4,3,2L2A_COUPLED_FREEC,legacy_price_return_abs_time
6,6.889086825037691e-06,0.010288100235189657,5.457382680438716,0.1060661075231839,75.6408983046657,8.324704408105031,0.010288100235189657,5.457382680438716,0.1060661075231839,75.6408983046657,8.324704408105031,1.0000000000000002e-08,"[7.4150495278880166e-06, 6.06840138530079e-06, 7.18380956192427e-06]",0.22034576390237595,COMPLETE,4,3,2L2A_COUPLED_FREEC,legacy_price_return_abs_time
10,7.035101674727174e-06,1.0885443948711004,0.012668316383610921,-0.7816706175403425,16.3033153199599,5.964905437060895,1.0885443948711004,0.012668316383610921,-0.7816706175403425,16.3033153199599,5.964905437060895,1.0000000000000002e-08,"[7.73887843432319e-06, 6.2309291054286986e-06, 7.135497484429632e-06]",0.20408812033905044,COMPLETE,4,3,2L2A_COUPLED_FREEC,legacy_price_return_abs_time
75,8.80897925714075e-06,0.08664887527680228,1.6297944278131775,-0.9232224981417476,19.066247350794505,29.158848364475634,1.6297944278131775,0.08664887527680228,-0.9232224981417476,29.158848364475634,19.066247350794505,66.66666667,"[9.433290607852304e-06, 7.687003353417912e-06, 9.306643810152036e-06]",0.0034935350680088315,COMPLETE,4,3,2L2A_COUPLED_FREEC,legacy_price_return_abs_time
76,8.809040970545595e-06,4.59720457105051,1.5903216989669384,-0.8548706150764164,26.057672136002676,29.48735077017118,1.5903216989669384,4.59720457105051,-0.8548706150764164,29.48735077017118,26.057672136002676,66.66666667,"[9.433290595735601e-06, 7.68718852071457e-06, 9.306643795186609e-06]",0.0034852857272851625,COMPLETE,4,3,2L2A_COUPLED_FREEC,legacy_price_return_abs_time
13,8.809073085379183e-06,0.8617507524869152,18.704960202729993,-1.9850123291693056,39.96423860662256,29.172461561940896,0.8617507524869152,18.704960202729993,-1.9850123291693056,39.96423860662256,29.172461561940896,66.66666667,"[9.433290598913896e-06, 7.687284858468596e-06, 9.306643798755057e-06]",0.003480993078279574,COMPLETE,4,3,2L2A_COUPLED_FREEC,legacy_price_return_abs_time
77,8.809073303376523e-06,0.010004487549793177,15.29021537128775,-1.102680696983016,25.62658784559686,32.69157449148053,15.29021537128775,0.010004487549793177,-1.102680696983016,32.69157449148053,25.62658784559686,66.66666667,"[9.433290599249463e-06, 7.687285511746492e-06, 9.306643799133616e-06]",0.003480963945912204,COMPLETE,4,3,2L2A_COUPLED_FREEC,legacy_price_return_abs_time
78,6.227967804012651e-06,0.04085559950625954,2.3384942748632014,1.928372380062877,11.204230504959934,0.0766109587255173,0.04085559950625954,2.3384942748632014,1.928372380062877,11.204230504959934,0.0766109587255173,66.66666667,"[7.090866775575787e-06, 5.491723329072297e-06, 6.101313307389869e-06]",0.2953725881930725,COMPLETE,4,5,2L2A_COUPLED_FREEC,legacy_price_return_abs_time
68,6.231341336492977e-06,0.019089347216994908,7.803131243287598,1.997698336842704,11.522889421746617,0.07782315562674848,0.019089347216994908,7.803131243287598,1.997698336842704,11.522889421746617,0.07782315562674848,66.66666667,"[7.086385813381647e-06, 5.480565472351307e-06, 6.127072723745979e-06]",0.29507860427517885,COMPLETE,4,5,2L2A_COUPLED_FREEC,legacy_price_return_abs_time
69,6.232409437354822e-06,0.01834997795830056,19.56926035276633,1.9922514438791818,10.959755695446159,0.06603194114255541,0.01834997795830056,19.56926035276633,1.9922514438791818,10.959755695446159,0.06603194114255541,66.66666667,"[7.085456025746261e-06, 5.476673859029863e-06, 6.13509842728834e-06]",0.29498991993358115,COMPLETE,4,5,2L2A_COUPLED_FREEC,legacy_price_return_abs_time
60,6.238371513631115e-06,0.022671464713043113,4.98866568466812,1.9628362891414346,11.758269347317555,0.1152158577741887,0.022671464713043113,4.98866568466812,1.9628362891414346,11.758269347317555,0.1152158577741887,66.66666667,"[7.083367586615961e-06, 5.46896629702284e-06, 6.162780657254542e-06]",0.2943919789909375,COMPLETE,4,5,2L2A_COUPLED_FREEC,legacy_price_return_abs_time
73,6.2385327794467845e-06,0.015090890970129776,2.081305646219806,1.989070531176152,13.415839026105449,0.06574555428402164,0.015090890970129776,2.081305646219806,1.989070531176152,13.415839026105449,0.06574555428402164,66.66666667,"[7.113243164605995e-06, 5.532628090111074e-06, 6.069727083623284e-06]",0.2939557170911184,COMPLETE,4,5,2L2A_COUPLED_FREEC,legacy_price_return_abs_time
1,6.246898141612308e-06,0.02421373186306081,9.248402095530178,0.9866549143967438,13.045245894086916,0.33082916950048263,0.02421373186306081,9.248402095530178,0.9866549143967438,13.045245894086916,0.33082916950048263,66.66666667,"[7.094373191425326e-06, 5.5028569704583455e-06, 6.143464262953252e-06]",0.2932195921041125,COMPLETE,4,5,2L2A_COUPLED_FREEC,legacy_price_return_abs_time
2,6.251954472228502e-06,0.010871052828456471,4.268296748276651,-1.417619099897288,12.93931149170152,0.263372340032981,0.010871052828456471,4.268296748276651,-1.417619099897288,12.93931149170152,0.263372340032981,66.66666667,"[7.087157721148936e-06, 5.49319252774339e-06, 6.175513167793178e-06]",0.29272074725087416,COMPLETE,4,5,2L2A_COUPLED_FREEC,legacy_price_return_abs_time
116,6.25724069111312e-06,0.01077376235407674,0.12974425493687702,0.44098492631253394,56.88785812975342,0.41898074794056245,0.01077376235407674,0.12974425493687702,0.44098492631253394,56.88785812975342,0.41898074794056245,66.66666667,"[7.088798672447003e-06, 5.492882186017455e-06, 6.190041214874904e-06]",0.2921490299945589,COMPLETE,4,5,2L2A_COUPLED_FREEC,legacy_price_return_abs_time
54,6.2574281858235935e-06,0.01179883140466602,0.24768548266314672,1.7525691547037905,63.11418775516802,0.3556012305358005,0.01179883140466602,0.24768548266314672,1.7525691547037905,63.11418775516802,0.3556012305358005,66.66666667,"[7.095134662376445e-06, 5.505862265472915e-06, 6.17128762962142e-06]",0.2920438938731709,COMPLETE,4,5,2L2A_COUPLED_FREEC,legacy_price_return_abs_time
7,6.257428804038377e-06,0.012916189190795076,0.44044636855026126,0.7009742686117102,65.93986850897294,0.4194088491285632,0.012916189190795076,0.44044636855026126,0.7009742686117102,65.93986850897294,0.4194088491285632,66.66666667,"[7.087342144037312e-06, 5.489858462820182e-06, 6.195085805257638e-06]",0.2921481811676089,COMPLETE,4,5,2L2A_COUPLED_FREEC,legacy_price_return_abs_time
114,6.257506875309789e-06,0.010815238529708953,11.967146865053937,1.3982432204124164,62.24543590724334,0.3913677101493342,0.010815238529708953,11.967146865053937,1.3982432204124164,62.24543590724334,0.3913677101493342,66.66666667,"[7.088479378608973e-06, 5.492618448849286e-06, 6.1914227984711075e-06]",0.29212098928594243,COMPLETE,4,5,2L2A_COUPLED_FREEC,legacy_price_return_abs_time
128,6.2575586014219834e-06,0.029973440593264577,6.143248437873369,0.6168483071452168,63.37692441430198,0.42702681506006535,0.029973440593264577,6.143248437873369,0.6168483071452168,63.37692441430198,0.42702681506006535,66.66666667,"[7.0856386768889396e-06, 5.485680150750931e-06, 6.201356976626081e-06]",0.2921622272188732,COMPLETE,4,5,2L2A_COUPLED_FREEC,legacy_price_return_abs_time
134,6.257592955689017e-06,0.03666892268233601,4.746666805154159,0.6150774100493432,69.67311446798766,0.40557136305744357,0.03666892268233601,4.746666805154159,0.6150774100493432,69.67311446798766,0.40557136305744357,66.66666667,"[7.09252704085767e-06, 5.5012034311025005e-06, 6.17904839510688e-06]",0.2920551664980237,COMPLETE,4,5,2L2A_COUPLED_FREEC,legacy_price_return_abs_time
149,6.2576263903881285e-06,0.012487432027221685,1.843975541415633,0.7250686223235092,66.62854101823471,0.3992015268440724,0.012487432027221685,1.843975541415633,0.7250686223235092,66.62854101823471,0.3992015268440724,66.66666667,"[7.094011645556264e-06, 5.504058093013652e-06, 6.17480943259447e-06]",0.29203318121883587,COMPLETE,4,5,2L2A_COUPLED_FREEC,legacy_price_return_abs_time
146,6.257800272605491e-06,0.012305945359057652,0.16171208303307463,0.24424345460005836,64.8296403148137,0.3906127875354322,0.012305945359057652,0.16171208303307463,0.24424345460005836,64.8296403148137,0.3906127875354322,66.66666667,"[7.100775576524173e-06, 5.5157241522212746e-06, 6.156901089071026e-06]",0.29194140992916523,COMPLETE,4,5,2L2A_COUPLED_FREEC,legacy_price_return_abs_time
132,6.2582186811066e-06,0.03605015195836931,2.531942410682887,0.6236273446838353,69.73469918792657,0.44169194383289156,0.03605015195836931,2.531942410682887,0.6236273446838353,69.73469918792657,0.44169194383289156,66.66666667,"[7.082659522884319e-06, 5.4763214864103246e-06, 6.215675034025157e-06]",0.29215580051896056,COMPLETE,4,5,2L2A_COUPLED_FREEC,legacy_price_return_abs_time
35,6.2584826999961644e-06,0.010441415737091541,0.1902074553759994,1.452958340406335,64.90926226804207,0.41796131606165376,0.010441415737091541,0.1902074553759994,1.452958340406335,64.90926226804207,0.41796131606165376,66.66666667,"[7.082230813042695e-06, 5.4740663679345496e-06, 6.219150919011249e-06]",0.29214364467568077,COMPLETE,4,5,2L2A_COUPLED_FREEC,legacy_price_return_abs_time
148,6.258687413956509e-06,0.013389535359249076,10.116960966682104,0.683562455178241,65.10274075816906,0.3770425052884057,0.013389535359249076,10.116960966682104,0.683562455178241,65.10274075816906,0.3770425052884057,66.66666667,"[7.104106134480263e-06, 5.521443624343491e-06, 6.150512483045772e-06]",0.2918085872490001,COMPLETE,4,5,2L2A_COUPLED_FREEC,legacy_price_return_abs_time
58,6.258726807289508e-06,0.022578522881248,10.57713796393685,1.4052437255182877,60.295570572621656,0.4183654297650621,0.022578522881248,10.57713796393685,1.4052437255182877,60.295570572621656,0.4183654297650621,66.66666667,"[7.082038834287468e-06, 5.473756283711274e-06, 6.220385303869783e-06]",0.29211878937141905,COMPLETE,4,5,2L2A_COUPLED_FREEC,legacy_price_return_abs_time
37,6.258809671943469e-06,0.01119081401032507,0.09352877872030461,1.4560350759535254,62.73541522319123,0.4200318051254995,0.01119081401032507,0.09352877872030461,1.4560350759535254,62.73541522319123,0.4200318051254995,66.66666667,"[7.081909663445401e-06, 5.471850425130787e-06, 6.222668927254219e-06]",0.2921246085766655,COMPLETE,4,5,2L2A_COUPLED_FREEC,legacy_price_return_abs_time
36,6.26102266483846e-06,0.010031491872259194,0.23083393623693269,1.5216652805952202,64.04980085143826,0.42576514560020173,0.010031491872259194,0.23083393623693269,1.5216652805952202,64.04980085143826,0.42576514560020173,66.66666667,"[7.080925724495573e-06, 5.467132650692913e-06, 6.235009619326893e-06]",0.2919169264138685,COMPLETE,4,5,2L2A_COUPLED_FREEC,legacy_price_return_abs_time
55,6.26197042978832e-06,0.01322711674286137,0.22639205394331438,1.6902679265919704,66.24568919813295,0.32415053183196946,0.01322711674286137,0.22639205394331438,1.6902679265919704,66.24568919813295,0.32415053183196946,66.66666667,"[7.112888460390302e-06, 5.534646237559096e-06, 6.13837659141556e-06]",0.29137001535387025,COMPLETE,4,5,2L2A_COUPLED_FREEC,legacy_price_return_abs_time
70,6.262411551419566e-06,0.015481004253966557,7.679474317600457,0.7370064155359923,25.34780578512494,0.07116102603419348,0.015481004253966557,7.679474317600457,0.7370064155359923,25.34780578512494,0.07116102603419348,36.667,"[7.251998045736139e-06, 5.652598148272731e-06, 5.882638460249829e-06]",0.2908053541657646,COMPLETE,4,5,2L2A_COUPLED_FREEC,legacy_price_return_abs_time
27,6.262630477116887e-06,0.010357352672286041,0.4079517396025287,1.2111060622334153,45.10832163522813,0.3331594986820179,0.010357352672286041,0.4079517396025287,1.2111060622334153,45.10832163522813,0.3331594986820179,66.66666667,"[7.11372973575114e-06, 5.535922577264974e-06, 6.138239118334545e-06]",0.2912900421812267,COMPLETE,4,5,2L2A_COUPLED_FREEC,legacy_price_return_abs_time
56,6.265737812250443e-06,0.012663395839122935,0.28950677921773316,1.656364245667346,64.99356612014851,0.43060421634700297,0.012663395839122935,0.28950677921773316,1.656364245667346,64.99356612014851,0.43060421634700297,66.66666667,"[7.080454236389203e-06, 5.460923240338143e-06, 6.255835960023982e-06]",0.2914486074753918,COMPLETE,4,5,2L2A_COUPLED_FREEC,legacy_price_return_abs_time
124,6.266026389217717e-06,0.011075099659295597,23.0677465776798,0.7992806151564987,59.390701041335866,0.07912968053198874,0.011075099659295597,23.0677465776798,0.7992806151564987,59.390701041335866,0.07912968053198874,36.667,"[7.270462393427702e-06, 5.659338834441622e-06, 5.868277939783828e-06]",0.2904122614029785,COMPLETE,4,5,2L2A_COUPLED_FREEC,legacy_price_return_abs_time
72,6.266725772443258e-06,0.015195005430763598,20.345836886911584,0.6998644805939749,13.841709741086733,0.05285173903156246,0.015195005430763598,20.345836886911584,0.6998644805939749,13.841709741086733,0.05285173903156246,36.667,"[7.2829434679723544e-06, 5.656378933502104e-06, 5.860854915855318e-06]",0.290398011710995,COMPLETE,4,5,2L2A_COUPLED_FREEC,legacy_price_return_abs_time
144,6.268209330605319e-06,0.027304241721653317,2.445587164798326,0.3759911138064982,64.39369361611108,0.4747267600525797,0.027304241721653317,2.445587164798326,0.3759911138064982,64.39369361611108,0.4747267600525797,66.66666667,"[7.080350283552024e-06, 5.458971227560465e-06, 6.265306480703468e-06]",0.29119311586816893,COMPLETE,4,5,2L2A_COUPLED_FREEC,legacy_price_return_abs_time
34,6.268860641986488e-06,0.010545757790132526,0.18800954129221895,0.9089250240350405,66.00893169835186,0.34171199710863326,0.010545757790132526,0.18800954129221895,0.9089250240350405,66.00893169835186,0.34171199710863326,66.66666667,"[7.120210155484427e-06, 5.545446719879411e-06, 6.140925050595625e-06]",0.2905509134818366,COMPLETE,4,5,2L2A_COUPLED_FREEC,legacy_price_return_abs_time
84,6.270854597045185e-06,0.01922779690653788,1.6960382485375032,-0.8741582572638071,12.394675520916369,0.027205944084322406,0.01922779690653788,1.6960382485375032,-0.8741582572638071,12.394675520916369,0.027205944084322406,36.667,"[7.272689992448502e-06, 5.674406791240987e-06, 5.865467007446067e-06]",0.2897690982303002,COMPLETE,4,5,2L2A_COUPLED_FREEC,legacy_price_return_abs_time
143,6.27115249343287e-06,0.0279174999129256,2.5525521617772298,-0.15519117002648974,10.621809374792408,0.4787503308181527,0.0279174999129256,2.5525521617772298,-0.15519117002648974,10.621809374792408,0.4787503308181527,66.66666667,"[7.080363773478976e-06, 5.456870693811154e-06, 6.276223013008479e-06]",0.29088749513086704,COMPLETE,4,5,2L2A_COUPLED_FREEC,legacy_price_return_abs_time
140,6.271886367703096e-06,0.04456903318319406,3.975255765256533,0.8609667680642604,70.79087006788176,0.3401270138056048,0.04456903318319406,3.975255765256533,0.8609667680642604,70.79087006788176,0.3401270138056048,66.66666667,"[7.122190808693634e-06, 5.548497600584048e-06, 6.144970693831606e-06]",0.29020097969095715,COMPLETE,4,5,2L2A_COUPLED_FREEC,legacy_price_return_abs_time
109,6.272680207179838e-06,0.013949166278667472,8.59289904535641,1.629396405046612,48.06831836929561,0.04421534459681221,0.013949166278667472,8.59289904535641,1.629396405046612,48.06831836929561,0.04421534459681221,36.667,"[7.215318076638341e-06, 5.684299184146033e-06, 5.91842336075514e-06]",0.28931205252727393,COMPLETE,4,5,2L2A_COUPLED_FREEC,legacy_price_return_abs_time
92,6.2728674934188724e-06,0.012488781272988848,5.579137116912584,-1.4512871783102177,11.213729562041454,0.10055741006041914,0.012488781272988848,5.579137116912584,-1.4512871783102177,11.213729562041454,0.10055741006041914,70.0,"[7.151732005823294e-06, 5.598567914849852e-06, 6.068302559583473e-06]",0.28978294741299143,COMPLETE,4,5,2L2A_COUPLED_FREEC,legacy_price_return_abs_time
16,6.27300214540874e-06,0.09032930430136231,2.2380752730009883,1.9215895365750855,16.3842070730403,0.10785209012930708,0.09032930430136231,2.2380752730009883,1.9215895365750855,16.3842070730403,0.10785209012930708,66.66666667,"[7.130684635272776e-06, 5.558731059979622e-06, 6.1295907409738215e-06]",0.2900228460347713,COMPLETE,4,5,2L2A_COUPLED_FREEC,legacy_price_return_abs_time
86,6.274853219452093e-06,0.012772383036523482,13.689364758919208,-0.844116734909669,14.785624715186865,0.027512563158817796,0.012772383036523482,13.689364758919208,-0.844116734909669,14.785624715186865,0.027512563158817796,70.0,"[7.413102512008239e-06, 5.607327018175989e-06, 5.804130128172054e-06]",0.29030400427179665,COMPLETE,4,5,2L2A_COUPLED_FREEC,legacy_price_return_abs_time
141,6.27541833310704e-06,0.046028947630638015,2.7298650267960505,0.3968650366190367,12.881206460247823,0.3297767838533813,0.046028947630638015,2.7298650267960505,0.3968650366190367,12.881206460247823,0.3297767838533813,66.66666667,"[7.127369813457071e-06, 5.555236331748614e-06, 6.143648854115435e-06]",0.28977586421133134,COMPLETE,4,5,2L2A_COUPLED_FREEC,legacy_price_return_abs_time
125,6.275695190092965e-06,0.01097395356244766,23.975367688066374,1.215688995849325,60.55401583556695,0.29341487780812314,0.01097395356244766,23.975367688066374,1.215688995849325,60.55401583556695,0.29341487780812314,70.0,"[7.140920985573381e-06, 5.576406595223517e-06, 6.109757989481997e-06]",0.2896175188883508,COMPLETE,4,5,2L2A_COUPLED_FREEC,legacy_price_return_abs_time
57,6.276774109379048e-06,0.013399495866230588,0.24996965351506145,1.6504099384259527,59.42896589034549,0.4413780145458565,0.013399495866230588,0.24996965351506145,1.6504099384259527,59.42896589034549,0.4413780145458565,66.66666667,"[7.081013640143725e-06, 5.453379706074388e-06, 6.2959289819190275e-06]",0.29030148933488137,COMPLETE,4,5,2L2A_COUPLED_FREEC,legacy_price_return_abs_time
85,6.277443290470098e-06,0.03356541215061885,1.5080552893855221,1.5630155419319902,14.57295835950546,0.1396568838117355,0.03356541215061885,1.5080552893855221,1.5630155419319902,14.57295835950546,0.1396568838117355,70.0,"[7.1459740166461706e-06, 5.582452720923806e-06, 6.1039031338403155e-06]",0.2893930574660801,COMPLETE,4,5,2L2A_COUPLED_FREEC,legacy_price_return_abs_time
83,6.277525816057081e-06,0.049877515216322034,2.013794490873518,-0.317816671226867,12.4193540903122,0.06778011204302475,0.049877515216322034,2.013794490873518,-0.317816671226867,12.4193540903122,0.06778011204302475,70.0,"[7.414572418038464e-06, 5.6129547631968934e-06, 5.805050266935884e-06]",0.28997050079129755,COMPLETE,4,5,2L2A_COUPLED_FREEC,legacy_price_return_abs_time
139,6.277922414533844e-06,0.10066741402412777,4.245225742073434,0.3767995410734223,72.77299810532939,0.325338904339915,0.10066741402412777,4.245225742073434,0.3767995410734223,72.77299810532939,0.325338904339915,70.0,"[7.135656737263938e-06, 5.568264907523805e-06, 6.129845598813787e-06]",0.2894225152253899,COMPLETE,4,5,2L2A_COUPLED_FREEC,legacy_price_return_abs_time
14,6.278870796294234e-06,0.07706476507396777,2.7783551417669465,1.7895555765740263,16.988282231166824,0.09495375575516524,0.07706476507396777,2.7783551417669465,1.7895555765740263,16.988282231166824,0.09495375575516524,70.0,"[7.1578425504237035e-06, 5.604820070369341e-06, 6.073949768089659e-06]",0.2890938010290332,COMPLETE,4,5,2L2A_COUPLED_FREEC,legacy_price_return_abs_time
126,6.278889633700949e-06,0.03039291630764303,16.821930424132514,1.8314247542396025,64.72896787772937,0.29129430653591293,0.03039291630764303,16.821930424132514,1.8314247542396025,64.72896787772937,0.29129430653591293,66.66666667,"[7.126386331832045e-06, 5.5545550215683756e-06, 6.155727547702424e-06]",0.28939788888801826,COMPLETE,4,5,2L2A_COUPLED_FREEC,legacy_price_return_abs_time
15,6.2789348971763616e-06,0.08480974395512422,3.467697970667814,1.8766408613607417,17.06848138326833,0.11102205860992555,0.08480974395512422,3.467697970667814,1.8766408613607417,17.06848138326833,0.11102205860992555,70.0,"[7.1400975748422094e-06, 5.573273629102855e-06, 6.123433487584022e-06]",0.28928509925259976,COMPLETE,4,5,2L2A_COUPLED_FREEC,legacy_price_return_abs_time
76,6.280260635302049e-06,0.040387233708314686,3.0738381828292023,1.9289374050376362,13.689623047755505,0.0530789001702649,0.040387233708314686,3.0738381828292023,1.9289374050376362,13.689623047755505,0.0530789001702649,66.66666667,"[7.134562454072497e-06, 5.5640981834964525e-06, 6.142121268337198e-06]",0.289196344825747,COMPLETE,4,5,2L2A_COUPLED_FREEC,legacy_price_return_abs_time
64,6.281491515154016e-06,0.028029640784980596,10.327374489379533,1.8251693480499311,70.43886376536405,0.22549342434511332,0.028029640784980596,10.327374489379533,1.8251693480499311,70.43886376536405,0.22549342434511332,70.0,"[7.161771411524946e-06, 5.617611088143672e-06, 6.065092045793427e-06]",0.2887160886424574,COMPLETE,4,5,2L2A_COUPLED_FREEC,legacy_price_return_abs_time
147,6.281558557654395e-06,0.014069226499595378,2.2007594560767747,0.7281208948379586,64.0558784573771,0.2644050127261727,0.014069226499595378,2.2007594560767747,0.7281208948379586,64.0558784573771,0.2644050127261727,70.0,"[7.161826894000272e-06, 5.6178444251577314e-06, 6.065004353805182e-06]",0.2887070403878739,COMPLETE,4,5,2L2A_COUPLED_FREEC,legacy_price_return_abs_time
129,6.281775919999815e-06,4.0318021770620165,5.942026770683454,1.8139028078691561,34.2171238727062,0.21008337742185573,4.0318021770620165,5.942026770683454,1.8139028078691561,34.2171238727062,0.21008337742185573,70.0,"[7.150040257146715e-06, 5.586373603273624e-06, 6.108913899579104e-06]",0.2888993783496731,COMPLETE,4,5,2L2A_COUPLED_FREEC,legacy_price_return_abs_time
74,6.2839588009791065e-06,0.010054910079152414,20.60997201586222,1.7288577110748946,13.373450967238368,0.04331562066525304,0.010054910079152414,20.60997201586222,1.7288577110748946,13.373450967238368,0.04331562066525304,70.0,"[7.163987407532472e-06, 5.619501015874956e-06, 6.068387979529892e-06]",0.28843739941356045,COMPLETE,4,5,2L2A_COUPLED_FREEC,legacy_price_return_abs_time
25,6.284418747010475e-06,0.22824415514236496,0.4144258694287549,0.5216675584911605,22.6958753167955,0.27141016641501486,0.22824415514236496,0.4144258694287549,0.5216675584911605,22.6958753167955,0.27141016641501486,70.0,"[7.162263171153461e-06, 5.60872514137611e-06, 6.082267928501855e-06]",0.28846816535387826,COMPLETE,4,5,2L2A_COUPLED_FREEC,legacy_price_return_abs_time
80,6.285919134484173e-06,0.04111779192628688,6.367788818661067,-0.34895275809499027,18.490709173018136,0.0646043923822392,0.04111779192628688,6.367788818661067,-0.34895275809499027,18.490709173018136,0.0646043923822392,70.0,"[7.484547262668401e-06, 5.581043019045268e-06, 5.79216712173885e-06]",0.28952348332116834,COMPLETE,4,5,2L2A_COUPLED_FREEC,legacy_price_return_abs_time
102,6.287907164132851e-06,0.023017922446989685,1.3408532010593326,1.2998391987760682,12.938089083764984,0.12900579160549686,0.023017922446989685,1.3408532010593326,1.2998391987760682,12.938089083764984,0.12900579160549686,70.0,"[7.166520406387691e-06, 5.6285428295022116e-06, 6.068658256508653e-06]",0.2879399749686127,COMPLETE,4,5,2L2A_COUPLED_FREEC,legacy_price_return_abs_time
17,6.288340042378062e-06,0.08986759995284131,29.08765925061425,1.2403554747070116,14.325215913762191,0.1512107035859274,0.08986759995284131,29.08765925061425,1.2403554747070116,14.325215913762191,0.1512107035859274,70.0,"[7.166408367995409e-06, 5.630087999935659e-06, 6.068523759203118e-06]",0.28787978727075886,COMPLETE,4,5,2L2A_COUPLED_FREEC,legacy_price_return_abs_time
115,6.291045434701467e-06,0.0105592179324081,0.08930828437859262,0.48255846352941545,62.89125061298251,0.2508111697367458,0.0105592179324081,0.08930828437859262,0.48255846352941545,62.89125061298251,0.2508111697367458,70.0,"[7.166817798395539e-06, 5.635941859765399e-06, 6.070376645943463e-06]",0.2875375923875362,COMPLETE,4,5,2L2A_COUPLED_FREEC,legacy_price_return_abs_time
112,6.291778041148456e-06,0.030713532296013167,0.8351290074096916,0.5183645282249965,75.38645430477402,0.2491280343692287,0.030713532296013167,0.8351290074096916,0.5183645282249965,75.38645430477402,0.2491280343692287,70.0,"[7.166774516283504e-06, 5.63763259037776e-06, 6.070927016784103e-06]",0.2874436034245767,COMPLETE,4,5,2L2A_COUPLED_FREEC,legacy_price_return_abs_time
24,6.292046063755864e-06,0.03164030551958657,0.3662429106856878,0.571108414457877,23.28761011083476,0.23945316676634795,0.03164030551958657,0.3662429106856878,0.571108414457877,23.28761011083476,0.23945316676634795,70.0,"[7.167561532941798e-06, 5.6371307964955195e-06, 6.071445861830273e-06]",0.2874206964869092,COMPLETE,4,5,2L2A_COUPLED_FREEC,legacy_price_return_abs_time
75,6.292991476285983e-06,0.010007058188223302,20.887197779667037,1.729275542743942,13.333928407129878,0.024434506475130312,0.010007058188223302,20.887197779667037,1.729275542743942,13.333928407129878,0.024434506475130312,70.0,"[7.168657273933857e-06, 5.6380947615651525e-06, 6.072222393358939e-06]",0.28731274697625414,COMPLETE,4,5,2L2A_COUPLED_FREEC,legacy_price_return_abs_time
23,6.296115954373976e-06,0.031540413459090505,5.5629321973833274,0.7202713900959561,21.86230402295735,0.2218992603777455,0.031540413459090505,5.5629321973833274,0.7202713900959561,21.86230402295735,0.2218992603777455,70.0,"[7.167865605442847e-06, 5.644811958973541e-06, 6.07567029870554e-06]",0.28691397860580226,COMPLETE,4,5,2L2A_COUPLED_FREEC,legacy_price_return_abs_time
101,6.297750088024876e-06,0.024346072924043796,0.3311814019956036,1.2866984752966752,16.53826775178968,0.14349843140683802,0.024346072924043796,0.3311814019956036,1.2866984752966752,16.53826775178968,0.14349843140683802,70.0,"[7.169601680362571e-06, 5.646494533140698e-06, 6.0771540505713584e-06]",0.28672676908038114,COMPLETE,4,5,2L2A_COUPLED_FREEC,legacy_price_return_abs_time
12,6.298242929829328e-06,1.3145984707678757,0.06726072131082603,1.180061929224002,56.10340948825612,0.06868531708070222,1.3145984707678757,0.06726072131082603,1.180061929224002,56.10340948825612,0.06868531708070222,33.6667,"[7.3357349824342805e-06, 5.552495716544483e-06, 6.00649809050922e-06]",0.28794156195547466,COMPLETE,4,5,2L2A_COUPLED_FREEC,legacy_price_return_abs_time
59,6.299321024214994e-06,0.022165375529936103,11.116174020062466,1.9697839552031777,61.09344851551556,0.440869042512753,0.022165375529936103,11.116174020062466,1.9697839552031777,61.09344851551556,0.440869042512753,66.66666667,"[7.083199542591204e-06, 5.445627741064531e-06, 6.369135788989247e-06]",0.28789969357290673,COMPLETE,4,5,2L2A_COUPLED_FREEC,legacy_price_return_abs_time
145,6.301396806471037e-06,0.014333092182578182,2.2442016297673755,-0.15164986590814444,64.39331043356708,0.5057731697819262,0.014333092182578182,2.2442016297673755,-0.15164986590814444,64.39331043356708,0.5057731697819262,66.66666667,"[7.083349839771607e-06, 5.445185776558368e-06, 6.375654803083136e-06]",0.2876762332044251,COMPLETE,4,5,2L2A_COUPLED_FREEC,legacy_price_return_abs_time
130,6.306495084969585e-06,2.2803919713323406,6.709487961083052,1.125867001892899,52.44441205529791,0.20720822293117738,2.2803919713323406,6.709487961083052,1.125867001892899,52.44441205529791,0.20720822293117738,70.0,"[7.169533039555057e-06, 5.661541403902833e-06, 6.0884108114508625e-06]",0.285647448700272,COMPLETE,4,5,2L2A_COUPLED_FREEC,legacy_price_return_abs_time
127,6.313044932082287e-06,2.3206434640355895,18.051294413038516,0.7699515908174319,59.39044030712515,0.2102504505482901,2.3206434640355895,18.051294413038516,0.7699515908174319,59.39044030712515,0.2102504505482901,70.0,"[7.167115816489426e-06, 5.674112860729266e-06, 6.097906119028167e-06]",0.28482128541032986,COMPLETE,4,5,2L2A_COUPLED_FREEC,legacy_price_return_abs_time
49,6.317249725628178e-06,0.02459643281007115,0.11548083055418425,-1.43165922349422,52.62098765887572,0.17487856458727552,0.02459643281007115,0.11548083055418425,-1.43165922349422,52.62098765887572,0.17487856458727552,70.0,"[7.166325069871373e-06, 5.682451646066294e-06, 6.10297246094687e-06]",0.2842911164400907,COMPLETE,4,5,2L2A_COUPLED_FREEC,legacy_price_return_abs_time
39,6.325989917800794e-06,0.016563965241740072,15.600476300857961,1.5641699197625387,77.03868469027245,0.1626326570202252,0.016563965241740072,15.600476300857961,1.5641699197625387,77.03868469027245,0.1626326570202252,40.0,"[7.160117401589923e-06, 5.703982018493933e-06, 6.113870333318526e-06]",0.28314127377120396,COMPLETE,4,5,2L2A_COUPLED_FREEC,legacy_price_return_abs_time
119,6.3261809893553965e-06,0.016196056404656656,11.275930376034564,1.3829397716090097,13.977332626245783,0.05592557975010917,0.016196056404656656,11.275930376034564,1.3829397716090097,13.977332626245783,0.05592557975010917,40.0,"[7.162319640392395e-06, 5.704453534936031e-06, 6.1117697927377625e-06]",0.28312336632294344,COMPLETE,4,5,2L2A_COUPLED_FREEC,legacy_price_return_abs_time
93,6.327700954788374e-06,0.35402062838236464,5.496288721957434,1.6181030878958653,29.96088715525068,0.10365442891794653,0.35402062838236464,5.496288721957434,1.6181030878958653,29.96088715525068,0.10365442891794653,40.0,"[7.160473852594497e-06, 5.7090751438086524e-06, 6.113553867961973e-06]",0.2829139877826346,COMPLETE,4,5,2L2A_COUPLED_FREEC,legacy_price_return_abs_time
90,6.3287783130650156e-06,0.06832356475001387,0.7377136788371704,1.8724429750304785,11.647071946780866,0.19841107902342647,0.06832356475001387,0.7377136788371704,1.8724429750304785,11.647071946780866,0.19841107902342647,66.66666667,"[7.088846782512229e-06, 5.439955236255824e-06, 6.457532920426994e-06]",0.28473464805322274,COMPLETE,4,5,2L2A_COUPLED_FREEC,legacy_price_return_abs_time
48,6.329946149215599e-06,2.022693349803486,0.10487192374279426,1.3860068712831108,52.413170299314686,0.16294005907393957,2.022693349803486,0.10487192374279426,1.3860068712831108,52.413170299314686,0.16294005907393957,37.0,"[7.224334621027176e-06, 5.63901684135137e-06, 6.126486985268252e-06]",0.2834280150422733,COMPLETE,4,5,2L2A_COUPLED_FREEC,legacy_price_return_abs_time
47,6.3311846433212465e-06,0.03837008604055368,0.10366834478729497,0.9222901953578095,53.81703524886524,0.1702319937500445,0.03837008604055368,0.10366834478729497,0.9222901953578095,53.81703524886524,0.1702319937500445,40.0,"[7.159984488940332e-06, 5.720596767566633e-06, 6.1129726734567736e-06]",0.2824382226377846,COMPLETE,4,5,2L2A_COUPLED_FREEC,legacy_price_return_abs_time
110,6.3315899437876535e-06,0.013796640005977115,11.735384740962823,1.6395166241852184,49.330501296274235,0.06088132721830455,0.013796640005977115,11.735384740962823,1.6395166241852184,49.330501296274235,0.06088132721830455,70.0,"[7.171069342312239e-06, 5.8319591727670035e-06, 5.991741316283719e-06]",0.28153413163514146,COMPLETE,4,5,2L2A_COUPLED_FREEC,legacy_price_return_abs_time
121,6.33199864556629e-06,0.017092924540630255,0.1263653158559955,1.9122520607386877,56.95565074709424,0.07654354492788691,0.017092924540630255,0.1263653158559955,1.9122520607386877,56.95565074709424,0.07654354492788691,36.699999999999996,"[7.109134358589485e-06, 5.819402558646575e-06, 6.0674590194628125e-06]",0.28139844798311126,COMPLETE,4,5,2L2A_COUPLED_FREEC,legacy_price_return_abs_time
63,6.332360086769629e-06,0.027470326532822432,4.520039543532006,1.2981124420572636,70.99206412797133,0.11720807569294177,0.027470326532822432,4.520039543532006,1.2981124420572636,70.99206412797133,0.11720807569294177,36.699999999999996,"[7.111273523060156e-06, 5.817033722082067e-06, 6.068773015166666e-06]",0.281384476981795,COMPLETE,4,5,2L2A_COUPLED_FREEC,legacy_price_return_abs_time
13,6.334437360267983e-06,0.09512710479117108,2.195941653538089,1.8518592009300787,20.46271175801199,0.01168059575278375,0.09512710479117108,2.195941653538089,1.8518592009300787,20.46271175801199,0.01168059575278375,40.0,"[7.158122373036607e-06, 5.733401779477184e-06, 6.111787928290158e-06]",0.28197321686758425,COMPLETE,4,5,2L2A_COUPLED_FREEC,legacy_price_return_abs_time
97,6.335726868903348e-06,0.016610452780655427,0.17849199074365596,1.4895878735471118,10.483696552697362,0.2910739919021053,0.016610452780655427,0.17849199074365596,1.4895878735471118,10.483696552697362,0.2910739919021053,66.66666667,"[7.089049025523119e-06, 5.439763845411157e-06, 6.478367735775766e-06]",0.28397535656205825,COMPLETE,4,5,2L2A_COUPLED_FREEC,legacy_price_return_abs_time
122,6.336463021880879e-06,0.010275179263671285,0.13598005926674903,-1.737927600037094,56.13172417005197,0.09255728410384206,0.010275179263671285,0.13598005926674903,-1.737927600037094,56.13172417005197,0.09255728410384206,36.699999999999996,"[7.123514861243842e-06, 5.806498662769834e-06, 6.0793755416289625e-06]",0.2810573200045075,COMPLETE,4,5,2L2A_COUPLED_FREEC,legacy_price_return_abs_time
81,6.3378456426509015e-06,0.01854129442238758,1.9077934892157948,1.0519382762236966,12.443651754601824,0.08493866571664968,0.01854129442238758,1.9077934892157948,1.0519382762236966,12.443651754601824,0.08493866571664968,70.0,"[7.156838171754579e-06, 5.747883505306727e-06, 6.108815250891398e-06]",0.2814794920848361,COMPLETE,4,5,2L2A_COUPLED_FREEC,legacy_price_return_abs_time
61,6.3390101644010775e-06,0.023588188391262938,4.365962841874339,1.3655455967831478,73.1513409358902,0.12309580444605657,0.023588188391262938,4.365962841874339,1.3655455967831478,73.1513409358902,0.12309580444605657,36.699999999999996,"[7.1320457714113325e-06, 5.801675949885239e-06, 6.08330877190666e-06]",0.280843312393304,COMPLETE,4,5,2L2A_COUPLED_FREEC,legacy_price_return_abs_time
62,6.342624360786512e-06,0.027679660316945645,4.352711658137712,1.7769496957176902,72.82586606802349,0.11640450417014105,0.027679660316945645,4.352711658137712,1.7769496957176902,72.82586606802349,0.11640450417014105,70.0,"[7.151477232462418e-06, 5.777239140724774e-06, 6.099156709172343e-06]",0.28070356726749474,COMPLETE,4,5,2L2A_COUPLED_FREEC,legacy_price_return_abs_time
5,6.3426424100718965e-06,0.5555962042993002,11.686601296062493,-1.7384449516419433,33.509442564481795,0.06062868162629806,0.5555962042993002,11.686601296062493,-1.7384449516419433,33.509442564481795,0.06062868162629806,36.699999999999996,"[7.144404372411262e-06, 5.795801066969643e-06, 6.087721790834785e-06]",0.28053068805772274,COMPLETE,4,5,2L2A_COUPLED_FREEC,legacy_price_return_abs_time
142,6.343156768610741e-06,0.05609414894323899,2.5786135615909798,0.26744978768379113,12.991946217564815,0.1539012437792758,0.05609414894323899,2.5786135615909798,0.26744978768379113,12.991946217564815,0.1539012437792758,70.0,"[7.1523999271015565e-06, 5.779636983884379e-06, 6.097433394846285e-06]",0.28062883029907654,COMPLETE,4,5,2L2A_COUPLED_FREEC,legacy_price_return_abs_time
107,6.343239058128239e-06,0.021592118173256732,3.872091178250327,1.6432885042463257,67.21939708049109,0.4866935049878684,0.021592118173256732,3.872091178250327,1.6432885042463257,67.21939708049109,0.4866935049878684,36.66666667,"[7.085989361314038e-06, 5.437468454761757e-06, 6.5062593583089206e-06]",0.2831610938603814,COMPLETE,4,5,2L2A_COUPLED_FREEC,legacy_price_return_abs_time
45,6.3500346341468444e-06,0.037710678316560275,0.6248176736905295,0.9389220533172682,54.69899531287472,0.5140686864459342,0.037710678316560275,0.6248176736905295,0.9389220533172682,54.69899531287472,0.5140686864459342,36.66666667,"[7.0845783814131794e-06, 5.436376868005869e-06, 6.529148653021485e-06]",0.28242079995454134,COMPLETE,4,5,2L2A_COUPLED_FREEC,legacy_price_return_abs_time
65,6.364375442219098e-06,0.029189935527143225,4.796232304732852,1.8133867824824694,11.887231603701501,0.2446557787736682,0.029189935527143225,4.796232304732852,1.8133867824824694,11.887231603701501,0.2446557787736682,36.66666667,"[7.081931070552252e-06, 5.433912785084423e-06, 6.577282471020619e-06]",0.28086085709708924,COMPLETE,4,5,2L2A_COUPLED_FREEC,legacy_price_return_abs_time
77,6.368548535197944e-06,9.75502775363617,2.8470652760061874,1.8933946863717632,10.760760055177442,0.08248852172285098,9.75502775363617,2.8470652760061874,1.8933946863717632,10.760760055177442,0.08248852172285098,66.66666667,"[7.104993432039349e-06, 5.488367328373433e-06, 6.512284845181048e-06]",0.280037786530058,COMPLETE,4,5,2L2A_COUPLED_FREEC,legacy_price_return_abs_time
99,6.374712981872147e-06,0.01605860100606781,0.19258736737014806,1.99683242499536,16.94437794759028,0.2983081114119885,0.01605860100606781,0.19258736737014806,1.99683242499536,16.94437794759028,0.2983081114119885,36.66666667,"[7.079952879609951e-06, 5.432280926257588e-06, 6.611905139748902e-06]",0.27973500049566297,COMPLETE,4,5,2L2A_COUPLED_FREEC,legacy_price_return_abs_time
106,6.375255130495624e-06,0.020596771077378926,26.19299207388949,1.780298967388867,67.98990989447583,0.4937052031820704,0.020596771077378926,26.19299207388949,1.780298967388867,67.98990989447583,0.4937052031820704,36.66666667,"[7.080950271673377e-06, 5.433620770446964e-06, 6.611194349366531e-06]",0.2796679205981165,COMPLETE,4,5,2L2A_COUPLED_FREEC,legacy_price_return_abs_time
79,6.378331303189477e-06,9.302460264585036,3.4082181956516937,1.9567156730826014,10.942783520321258,0.08379237934888575,9.302460264585036,3.4082181956516937,1.9567156730826014,10.942783520321258,0.08379237934888575,66.66666667,"[7.101330601165726e-06, 5.4738657162348856e-06, 6.559797592167818e-06]",0.2790708247972643,COMPLETE,4,5,2L2A_COUPLED_FREEC,legacy_price_return_abs_time
108,6.380672415325989e-06,0.014339271239007119,8.554924938140207,0.8388061654213864,79.41415203897941,0.04477185390104907,0.014339271239007119,8.554924938140207,0.8388061654213864,79.41415203897941,0.04477185390104907,70.0,"[7.804009050133356e-06, 5.52025740608096e-06, 5.817750789763654e-06]",0.2806167412070702,COMPLETE,4,5,2L2A_COUPLED_FREEC,legacy_price_return_abs_time
53,6.4092462590279264e-06,0.06014570596509962,0.017224693409342882,-1.9371635639686504,15.352006332600139,0.08444359262591397,0.06014570596509962,0.017224693409342882,-1.9371635639686504,15.352006332600139,0.08444359262591397,70.0,"[7.144862384917803e-06, 5.582792628581969e-06, 6.500083763584008e-06]",0.27494332810937827,COMPLETE,4,5,2L2A_COUPLED_FREEC,legacy_price_return_abs_time
131,6.410952000549764e-06,28.56908333168865,0.2837811288576921,1.146109407659981,51.02568244476319,0.417499939541066,28.56908333168865,0.2837811288576921,1.146109407659981,51.02568244476319,0.417499939541066,70.0,"[6.984686234966114e-06, 5.490881994736926e-06, 6.757287771946251e-06]",0.2749984706239395,COMPLETE,4,5,2L2A_COUPLED_FREEC,legacy_price_return_abs_time
82,6.41931470888471e-06,0.01867061319058829,2.2362527613961896,-0.30900005917910583,18.34474289162663,0.022520293256198184,0.01867061319058829,2.2362527613961896,-0.30900005917910583,18.34474289162663,0.022520293256198184,40.0,"[7.946833174431716e-06, 5.4498022650118195e-06, 5.861308687210594e-06]",0.2773897992250988,COMPLETE,4,5,2L2A_COUPLED_FREEC,legacy_price_return_abs_time
133,6.4204271878285075e-06,0.03800678397247254,6.811214263756434,1.0163920531912132,74.52423046430347,0.5431245039476711,0.03800678397247254,6.811214263756434,1.0163920531912132,74.52423046430347,0.5431245039476711,36.66666667,"[7.077192721048036e-06, 5.430099652987491e-06, 6.753989189449994e-06]",0.2747344004913401,COMPLETE,4,5,2L2A_COUPLED_FREEC,legacy_price_return_abs_time
3,6.4233506658226395e-06,0.04194072735205809,17.24768282568963,0.33430028633297537,71.68890530321868,0.027091402289960227,0.04194072735205809,17.24768282568963,0.33430028633297537,71.68890530321868,0.027091402289960227,40.0,"[7.937602495236483e-06, 5.4616052317230514e-06, 5.870844270508383e-06]",0.2768241999346069,COMPLETE,4,5,2L2A_COUPLED_FREEC,legacy_price_return_abs_time
51,6.4350831704049175e-06,0.13750595021279943,1.6463616483025685,-0.670225818433617,15.463914831645967,0.016642547755052618,0.13750595021279943,1.6463616483025685,-0.670225818433617,15.463914831645967,0.016642547755052618,70.0,"[7.92097146249099e-06, 5.519691511549302e-06, 5.8645865371744595e-06]",0.275020724180596,COMPLETE,4,5,2L2A_COUPLED_FREEC,legacy_price_return_abs_time
123,6.4422270808638956e-06,0.9363394982831992,0.21148783658746131,0.2614515167280069,11.110714325456195,0.07705555568549462,0.9363394982831992,0.21148783658746131,0.2614515167280069,11.110714325456195,0.07705555568549462,67.0,"[7.435040325372412e-06, 5.897799104648729e-06, 5.993841812570548e-06]",0.2696985001947513,COMPLETE,4,5,2L2A_COUPLED_FREEC,legacy_price_return_abs_time
8,6.4457475385477875e-06,0.6715570155762296,0.02911211046109106,-0.503785748467545,47.03306261911411,0.5174337961089879,0.6715570155762296,0.02911211046109106,-0.503785748467545,47.03306261911411,0.5174337961089879,70.0,"[6.9919453570560634e-06, 5.483790481304527e-06, 6.861506777282772e-06]",0.2712648162258356,COMPLETE,4,5,2L2A_COUPLED_FREEC,legacy_price_return_abs_time
10,6.4598594708090676e-06,3.945503408858781,1.0715135293341846,-0.5746352391468452,32.24632518446555,0.5345707157736072,3.945503408858781,1.0715135293341846,-0.5746352391468452,32.24632518446555,0.5345707157736072,70.0,"[7.069846438147424e-06, 5.435970177007529e-06, 6.873761797272251e-06]",0.27034336956247695,COMPLETE,4,5,2L2A_COUPLED_FREEC,legacy_price_return_abs_time
89,6.462718928485465e-06,0.013377937148197438,14.481509001306087,0.156891598992428,11.410665646358593,0.037197389732170134,0.013377937148197438,14.481509001306087,0.156891598992428,11.410665646358593,0.037197389732170134,70.0,"[7.968233196905402e-06, 5.517804215775233e-06, 5.902119372775758e-06]",0.2721537061011508,COMPLETE,4,5,2L2A_COUPLED_FREEC,legacy_price_return_abs_time
30,6.46673886636828e-06,0.04799774330302449,1.1517506608738428,-0.0007441352854893335,13.350905235359221,0.03788619521458108,0.04799774330302449,1.1517506608738428,-0.0007441352854893335,13.350905235359221,0.03788619521458108,70.0,"[7.973368215750216e-06, 5.5163285473308675e-06, 5.910519836023754e-06]",0.2717409231147077,COMPLETE,4,5,2L2A_COUPLED_FREEC,legacy_price_return_abs_time
87,6.466767924866713e-06,0.03324586415238556,13.80609373904843,0.10619688631047615,11.554616581431787,0.03457461419580975,0.03324586415238556,13.80609373904843,0.10619688631047615,11.554616581431787,0.03457461419580975,70.0,"[7.976988746154471e-06, 5.510294801547673e-06, 5.913020226897991e-06]",0.27179738196983055,COMPLETE,4,5,2L2A_COUPLED_FREEC,legacy_price_return_abs_time
91,6.467189283503625e-06,0.06352654490549867,0.4734079363814576,1.8763015427370928,10.105229944707137,0.18232260599211556,0.06352654490549867,0.4734079363814576,1.8763015427370928,10.105229944707137,0.18232260599211556,70.0,"[7.076715099807368e-06, 5.429020502257913e-06, 6.8958322484455954e-06]",0.2696171852738491,COMPLETE,4,5,2L2A_COUPLED_FREEC,legacy_price_return_abs_time
88,6.474275851355471e-06,0.06675780171559036,13.37892898845688,1.8549445442005403,10.056448837786776,0.19836309523535073,0.06675780171559036,13.37892898845688,1.8549445442005403,10.056448837786776,0.19836309523535073,36.66666667,"[7.076128719868941e-06, 5.427958356291388e-06, 6.918740477906084e-06]",0.26884731908529663,COMPLETE,4,5,2L2A_COUPLED_FREEC,legacy_price_return_abs_time
52,6.477290718362385e-06,0.14459231982511112,0.25700398240529065,-0.6594893883882798,19.420691981116956,0.014279205854121289,0.14459231982511112,0.25700398240529065,-0.6594893883882798,19.420691981116956,0.014279205854121289,100.0,"[7.981011223688009e-06, 5.521757348658674e-06, 5.929103582740472e-06]",0.270564679165701,COMPLETE,4,5,2L2A_COUPLED_FREEC,legacy_price_return_abs_time
66,6.490078776223623e-06,0.020325967793139044,9.69034506039293,1.8245187135879992,11.482842107077156,0.27569087880937887,0.020325967793139044,9.69034506039293,1.8245187135879992,11.482842107077156,0.27569087880937887,70.0,"[7.076600212486185e-06, 5.426256159999488e-06, 6.967379956185197e-06]",0.2671306878287106,COMPLETE,4,5,2L2A_COUPLED_FREEC,legacy_price_return_abs_time
98,6.4911396864390025e-06,0.016983638143478273,0.3189169160757791,1.998959086624184,16.378319715138666,0.3283765813490673,0.016983638143478273,0.3189169160757791,1.998959086624184,16.378319715138666,0.3283765813490673,70.0,"[7.076580877261687e-06, 5.426432126580975e-06, 6.970406055474345e-06]",0.26701295607794895,COMPLETE,4,5,2L2A_COUPLED_FREEC,legacy_price_return_abs_time
44,6.498787476674547e-06,0.03498697295511729,0.051390696866594004,0.939696159327432,58.635454847878414,0.5769812808174403,0.03498697295511729,0.051390696866594004,0.939696159327432,58.635454847878414,0.5769812808174403,70.0,"[7.078387678635836e-06, 5.4260601055094785e-06, 6.9919146458783245e-06]",0.2661834557212475,COMPLETE,4,5,2L2A_COUPLED_FREEC,legacy_price_return_abs_time
67,6.501144342161184e-06,0.02120478988362117,8.711948014769742,1.987107689284597,11.425588232201957,0.23298271683311786,0.02120478988362117,8.711948014769742,1.987107689284597,11.425588232201957,0.23298271683311786,70.0,"[7.079825878369228e-06, 5.425976026720229e-06, 6.997631121394095e-06]",0.26593030622174985,COMPLETE,4,5,2L2A_COUPLED_FREEC,legacy_price_return_abs_time
46,6.502685527616426e-06,1.1770991733103546,0.09291660793333457,0.9362837242105861,54.4582227963294,0.5958378792470606,1.1770991733103546,0.09291660793333457,0.9362837242105861,54.4582227963294,0.5958378792470606,70.0,"[7.082927510742389e-06, 5.455298658265294e-06, 6.969830413841594e-06]",0.26553562249934626,COMPLETE,4,5,2L2A_COUPLED_FREEC,legacy_price_return_abs_time
113,6.507773526444349e-06,0.04609794167714761,0.8622819326368616,1.0631748670325316,42.14195419660029,0.5760501776809885,0.04609794167714761,0.8622819326368616,1.0631748670325316,42.14195419660029,0.5760501776809885,70.0,"[7.0804727889748004e-06, 5.426663118083289e-06, 7.016184672274959e-06]",0.26520033700005,COMPLETE,4,5,2L2A_COUPLED_FREEC,legacy_price_return_abs_time
137,6.515098678025453e-06,0.018382208235556717,3.137170476564252,0.6181364681489371,70.31049245759597,0.6079187705438578,0.018382208235556717,3.137170476564252,0.6181364681489371,70.31049245759597,0.6079187705438578,70.0,"[7.08364491405306e-06, 5.42728024497428e-06, 7.034370875049017e-06]",0.2644024780988276,COMPLETE,4,5,2L2A_COUPLED_FREEC,legacy_price_return_abs_time
28,6.5193102004514424e-06,0.1997118759078783,1.0275837348273629,1.164515322299084,45.961883357490024,0.5905004641171652,0.1997118759078783,1.0275837348273629,1.164515322299084,45.961883357490024,0.5905004641171652,70.0,"[7.086940751216802e-06, 5.427725480143613e-06, 7.043264369993911e-06]",0.26394758743863883,COMPLETE,4,5,2L2A_COUPLED_FREEC,legacy_price_return_abs_time
100,6.521461195007387e-06,0.02571364680701342,0.533888157924583,1.9980077063568258,15.1473987116314,0.3505685619441427,0.02571364680701342,0.533888157924583,1.9980077063568258,15.1473987116314,0.3505685619441427,70.0,"[7.090113067783472e-06, 5.428265868427096e-06, 7.046004648811595e-06]",0.2637173524826076,COMPLETE,4,5,2L2A_COUPLED_FREEC,legacy_price_return_abs_time
103,6.522553108598616e-06,0.02466287187325025,0.5545150235103821,1.7316058699929127,12.294127980498532,0.3708999395005891,0.02466287187325025,0.5545150235103821,1.7316058699929127,12.294127980498532,0.3708999395005891,70.0,"[7.091772730593465e-06, 5.428653520098339e-06, 7.0472330751040435e-06]",0.2635997206224964,COMPLETE,4,5,2L2A_COUPLED_FREEC,legacy_price_return_abs_time
136,6.524534944057831e-06,0.03481522987368699,4.761517729507639,0.6386805008777998,69.25479183836589,0.6208639757643738,0.03481522987368699,4.761517729507639,0.6386805008777998,69.25479183836589,0.6208639757643738,70.0,"[7.089343409037599e-06, 5.428613145465589e-06, 7.0556482776703024e-06]",0.2633753472465213,COMPLETE,4,5,2L2A_COUPLED_FREEC,legacy_price_return_abs_time
104,6.529837512507051e-06,0.02362001797721187,2.5377167112498946,1.758076572512139,12.115584347375112,0.36832449756250213,0.02362001797721187,2.5377167112498946,1.758076572512139,12.115584347375112,0.36832449756250213,70.0,"[7.096872955472678e-06, 5.4302374904019844e-06, 7.062402091646492e-06]",0.26280453322249436,COMPLETE,4,5,2L2A_COUPLED_FREEC,legacy_price_return_abs_time
135,6.5405177894010205e-06,0.01914626042695831,5.041932276613902,0.5699631401776952,68.1825752398751,0.6443259696887421,0.01914626042695831,5.041932276613902,0.5699631401776952,68.1825752398751,0.6443259696887421,70.0,"[7.101975757444915e-06, 5.4323815098789504e-06, 7.087196100879198e-06]",0.26163272290285006,COMPLETE,4,5,2L2A_COUPLED_FREEC,legacy_price_return_abs_time
43,6.542783606931516e-06,0.3665320578940762,0.04040571452999517,0.33482234005617983,36.96427996108162,0.049075384204393196,0.3665320578940762,0.04040571452999517,0.33482234005617983,36.96427996108162,0.049075384204393196,70.0,"[7.89881096003838e-06, 5.665909171798211e-06, 6.06363068895796e-06]",0.26197604438999994,COMPLETE,4,5,2L2A_COUPLED_FREEC,legacy_price_return_abs_time
118,6.552201011241618e-06,0.01675026727077569,7.28552127191982,1.9238281456113226,14.19784628333818,0.39396487615432224,0.01675026727077569,7.28552127191982,1.9238281456113226,14.19784628333818,0.39396487615432224,70.0,"[7.117064048556131e-06, 5.437181908098276e-06, 7.102357077070444e-06]",0.26036058717738486,COMPLETE,4,5,2L2A_COUPLED_FREEC,legacy_price_return_abs_time
111,6.5607137223201795e-06,0.013670300261528863,8.871174362191718,1.5794664706045225,61.96028267334504,0.6361075271031934,0.013670300261528863,8.871174362191718,1.5794664706045225,61.96028267334504,0.6361075271031934,70.0,"[7.122579070802228e-06, 5.439493999951381e-06, 7.1200680962069294e-06]",0.259426235075446,COMPLETE,4,5,2L2A_COUPLED_FREEC,legacy_price_return_abs_time
138,6.5691429362482436e-06,0.11015676684886867,3.4414236286102735,0.6151198956483254,70.01950702163852,0.6827239549597903,0.11015676684886867,3.4414236286102735,0.6151198956483254,70.01950702163852,0.6827239549597903,70.0,"[7.132419390919268e-06, 5.443123817395827e-06, 7.131885600429637e-06]",0.25850384202586796,COMPLETE,4,5,2L2A_COUPLED_FREEC,legacy_price_return_abs_time
71,6.593920967799479e-06,0.015097687851199136,18.683371752000543,0.6526369859403749,25.11552063765394,0.7035472559995294,0.015097687851199136,18.683371752000543,0.6526369859403749,25.11552063765394,0.7035472559995294,70.0,"[7.164564589079261e-06, 5.45563456034425e-06, 7.161563753974923e-06]",0.25578761536606726,COMPLETE,4,5,2L2A_COUPLED_FREEC,legacy_price_return_abs_time
105,6.620657503331979e-06,0.02141097344350566,3.8146299538107047,1.7260990226576152,11.902774360752721,0.4895010827363549,0.02141097344350566,3.8146299538107047,1.7260990226576152,11.902774360752721,0.4895010827363549,70.0,"[7.208266568161884e-06, 5.474068488595357e-06, 7.179637453238696e-06]",0.25284498723280546,COMPLETE,4,5,2L2A_COUPLED_FREEC,legacy_price_return_abs_time
120,6.649389352174661e-06,0.017345959585111523,0.12513674828802088,0.4580888992922688,14.009515790176854,0.7762646346195223,0.017345959585111523,0.12513674828802088,0.4580888992922688,14.009515790176854,0.7762646346195223,70.0,"[7.250408713499942e-06, 5.492684362536052e-06, 7.20507498048799e-06]",0.2496774152191762,COMPLETE,4,5,2L2A_COUPLED_FREEC,legacy_price_return_abs_time
26,6.669309783720205e-06,0.20705889541522676,0.37008781944015556,1.1353819147642552,41.17997782849687,0.7843389389568086,0.20705889541522676,0.37008781944015556,1.1353819147642552,41.17997782849687,0.7843389389568086,70.0,"[7.280927062640237e-06, 5.506892300003314e-06, 7.220109988517067e-06]",0.24747484622944413,COMPLETE,4,5,2L2A_COUPLED_FREEC,legacy_price_return_abs_time
96,6.674277151934372e-06,0.011973520611436451,0.1557065736512712,1.0710589377783843,10.92517164442951,0.7085202307591814,0.011973520611436451,0.1557065736512712,1.0710589377783843,10.92517164442951,0.7085202307591814,70.0,"[7.289384820306514e-06, 5.510963081263483e-06, 7.2224835542331206e-06]",0.24692399859928096,COMPLETE,4,5,2L2A_COUPLED_FREEC,legacy_price_return_abs_time
117,6.717039471042077e-06,0.011061242904978216,0.39406219949066457,1.3908523451027923,57.574958540084154,0.8394183970909349,0.011061242904978216,0.39406219949066457,1.3908523451027923,57.574958540084154,0.8394183970909349,70.0,"[7.348873178137217e-06, 5.538002415219426e-06, 7.26424281976959e-06]",0.2422049725285994,COMPLETE,4,5,2L2A_COUPLED_FREEC,legacy_price_return_abs_time
41,6.754190675601731e-06,0.018398729160863193,0.06084295782532017,0.324420962446207,77.49251788304234,0.938056395998133,0.018398729160863193,0.06084295782532017,0.324420962446207,77.49251788304234,0.938056395998133,37.0,"[7.431437973094745e-06, 5.580002081186646e-06, 7.251131972523802e-06]",0.2380521649838021,COMPLETE,4,5,2L2A_COUPLED_FREEC,legacy_price_return_abs_time
31,6.76578882266267e-06,27.65175178775537,1.0717060486199015,0.04240540089534872,12.7671004345651,0.03186670294797426,27.65175178775537,1.0717060486199015,0.04240540089534872,12.7671004345651,0.03186670294797426,100.0,"[8.047990952456329e-06, 5.958320215608332e-06, 6.291055299923349e-06]",0.23565247359094613,COMPLETE,4,5,2L2A_COUPLED_FREEC,legacy_price_return_abs_time
29,6.767574192997415e-06,0.014847910291587916,0.8763348394878991,1.1559431761864116,12.42579348633114,0.8630327615869192,0.014847910291587916,0.8763348394878991,1.1559431761864116,12.42579348633114,0.8630327615869192,37.0,"[7.480922513334899e-06, 5.607489295045966e-06, 7.214310770611383e-06]",0.2365180410533172,COMPLETE,4,5,2L2A_COUPLED_FREEC,legacy_price_return_abs_time
42,6.78203086219486e-06,0.018762964714514666,0.6571547141476479,0.3040562869200007,38.46746481846565,0.9981004867349722,0.018762964714514666,0.6571547141476479,0.3040562869200007,38.46746481846565,0.9981004867349722,37.0,"[7.502254543944988e-06, 5.617652330092951e-06, 7.2261857125466405e-06]",0.23491825404507463,COMPLETE,4,5,2L2A_COUPLED_FREEC,legacy_price_return_abs_time
40,6.8123269709260715e-06,0.016912208625608223,0.07367499845340103,1.5317526103230583,36.79460623415606,0.9933007801179353,0.016912208625608223,0.07367499845340103,1.5317526103230583,36.79460623415606,0.9933007801179353,37.0,"[7.566738216957652e-06, 5.656970495411643e-06, 7.213272200408918e-06]",0.23148222141777208,COMPLETE,4,5,2L2A_COUPLED_FREEC,legacy_price_return_abs_time
38,6.813258036630624e-06,0.015101613820397907,15.111623605982274,1.605158408405587,69.24871097824686,1.016782853060353,0.015101613820397907,15.111623605982274,1.605158408405587,69.24871097824686,1.016782853060353,37.0,"[7.561132942786194e-06, 5.6514608033521195e-06, 7.227180363753558e-06]",0.2314070722100812,COMPLETE,4,5,2L2A_COUPLED_FREEC,legacy_price_return_abs_time
6,6.819494151916436e-06,3.483083234891962,0.14413997096743353,-1.5842567023631067,14.150337064496622,0.308355639910873,3.483083234891962,0.14413997096743353,-1.5842567023631067,14.150337064496622,0.308355639910873,3.33667,"[7.555956995988345e-06, 5.891193312171278e-06, 7.0113321475896865e-06]",0.22878316658559905,COMPLETE,4,5,2L2A_COUPLED_FREEC,legacy_price_return_abs_time
4,7.01030629667184e-06,11.334887794790056,9.597873146661824,-1.7681353122174746,77.29406757610052,1.2800892717098475,11.334887794790056,9.597873146661824,-1.7681353122174746,77.29406757610052,1.2800892717098475,67.0,"[7.763315504167177e-06, 5.828756787532682e-06, 7.438846598315661e-06]",0.2090161418181664,COMPLETE,4,5,2L2A_COUPLED_FREEC,legacy_price_return_abs_time
94,7.030968074628204e-06,0.011835833976526,5.434549788630076,1.477131670572266,30.74864244328574,1.2673745618635937,0.011835833976526,5.434549788630076,1.477131670572266,30.74864244328574,1.2673745618635937,67.0,"[7.775636636187103e-06, 5.833070815610218e-06, 7.48419677208729e-06]",0.20675543537962826,COMPLETE,4,5,2L2A_COUPLED_FREEC,legacy_price_return_abs_time
95,7.121869557501103e-06,0.011995673238866935,7.520975245117038,1.460622369708756,12.955080625961505,1.2616948890540207,0.011995673238866935,7.520975245117038,1.460622369708756,12.955080625961505,1.2616948890540207,67.0,"[7.838152827416973e-06, 5.908210385058244e-06, 7.6192454600280935e-06]",0.1963843406320895,COMPLETE,4,5,2L2A_COUPLED_FREEC,legacy_price_return_abs_time
22,7.264020575343783e-06,0.02721362218579714,7.331326894840275,0.689732767042689,22.583784010509078,1.5967984793303087,0.02721362218579714,7.331326894840275,0.689732767042689,22.583784010509078,1.5967984793303087,37.0,"[7.918456558529316e-06, 6.017094350560773e-06, 7.856510816941259e-06]",0.18018125665186002,COMPLETE,4,5,2L2A_COUPLED_FREEC,legacy_price_return_abs_time
18,7.497049228558367e-06,0.012408186475202277,25.35490973311849,-1.089219052019296,10.40817985192706,1.8493632202733905,0.012408186475202277,25.35490973311849,-1.089219052019296,10.40817985192706,1.8493632202733905,70.0,"[8.018947369170754e-06, 6.251305357496545e-06, 8.220894959007802e-06]",0.1530757862468052,COMPLETE,4,5,2L2A_COUPLED_FREEC,legacy_price_return_abs_time
19,7.515262028830944e-06,0.010301592107687552,26.76461291884022,-1.061251891485439,10.025229757902682,1.8906325475704624,0.010301592107687552,26.76461291884022,-1.061251891485439,10.025229757902682,1.8906325475704624,70.0,"[8.027348291813318e-06, 6.2778010144376085e-06, 8.240636780241908e-06]",0.15089324841681817,COMPLETE,4,5,2L2A_COUPLED_FREEC,legacy_price_return_abs_time
21,7.524775172280204e-06,0.023944724613077034,6.767695864452896,-1.2017468982635116,10.479630988284248,1.881349018026393,0.023944724613077034,6.767695864452896,-1.2017468982635116,10.479630988284248,1.881349018026393,70.0,"[8.03172188100127e-06, 6.291819518059392e-06, 8.250784117779952e-06]",0.14975175584150777,COMPLETE,4,5,2L2A_COUPLED_FREEC,legacy_price_return_abs_time
20,7.596847084405502e-06,0.022747260563070002,6.325262523119645,-1.0483269889473052,10.567635600949329,2.263548097378023,0.022747260563070002,6.325262523119645,-1.0483269889473052,10.567635600949329,2.263548097378023,36.67,"[8.105767358562693e-06, 6.324807920417606e-06, 8.359965974236209e-06]",0.141818152049202,COMPLETE,4,5,2L2A_COUPLED_FREEC,legacy_price_return_abs_time
33,7.793916981859593e-06,0.051655065206010466,0.18622161959736042,-0.21249180029575881,57.86502901277594,3.855809476125643,0.051655065206010466,0.18622161959736042,-0.21249180029575881,57.86502901277594,3.855809476125643,33.333337,"[8.407792952097829e-06, 6.437696824486954e-06, 8.536261168993998e-06]",0.12025091985598313,COMPLETE,4,5,2L2A_COUPLED_FREEC,legacy_price_return_abs_time
32,7.964794579169495e-06,0.050021976180242594,0.1429261389484643,-0.05440358586624838,27.429742993241423,5.555414275327819,0.050021976180242594,0.1429261389484643,-0.05440358586624838,27.429742993241423,5.555414275327819,3.3337,"[8.53111346634707e-06, 6.6788489446566165e-06, 8.684421326504794e-06]",0.09997118047523605,COMPLETE,4,5,2L2A_COUPLED_FREEC,legacy_price_return_abs_time
0,8.003149521573318e-06,0.19054110224206028,0.48051116122643367,-0.471648591488524,27.37258859567155,7.473785003768376,0.19054110224206028,0.48051116122643367,-0.471648591488524,27.37258859567155,7.473785003768376,0.33333367,"[8.569892903564086e-06, 6.66863888182988e-06, 8.770916779325985e-06]",0.0959700650637827,COMPLETE,4,5,2L2A_COUPLED_FREEC,legacy_price_return_abs_time
9,8.025877112462044e-06,0.01906539455878729,2.952843508311093,-1.982020086961104,10.0147620570672,8.257154133165795,0.01906539455878729,2.952843508311093,-1.982020086961104,10.0147620570672,8.257154133165795,0.03333334,"[8.561565391193114e-06, 6.707661366452146e-06, 8.80840457974087e-06]",0.09314043768240503,COMPLETE,4,5,2L2A_COUPLED_FREEC,legacy_price_return_abs_time
50,8.450917943201221e-06,0.06372401458419905,0.0196602016457648,1.3906423054924142,49.760589382521665,18.039969817056615,0.06372401458419905,0.0196602016457648,1.3906423054924142,49.760589382521665,18.039969817056615,1.0000000000000002e-08,"[9.155496147142e-06, 7.080130419366308e-06, 9.117127263095355e-06]",0.04541077989594463,COMPLETE,4,5,2L2A_COUPLED_FREEC,legacy_price_return_abs_time
11,9.399893118857232e-06,6.205412129261153,0.018196246806861296,-0.056482887895103584,32.07319073376474,32.59878220809141,0.018196246806861296,6.205412129261153,-0.056482887895103584,32.59878220809141,32.07319073376474,66.66666667,"[9.790305322219023e-06, 8.242320837675832e-06, 1.0167053196676843e-05]",-0.06594708426828415,COMPLETE,4,5,2L2A_COUPLED_FREEC,legacy_price_return_abs_time
