p,q,depth_past,vsig_mode,input_transform,vsig_best_lambda1,vsig_best_lambda2,vsig_best_alpha1,vsig_best_alpha2,vsig_best_c,sig_train_mse,sig_train_r2,sig_val_mse,sig_val_r2,sig_best_ridge_alpha,sig_test_mse,sig_test_r2,sig_test_rmse,sig_test_mae,har_train_mse,har_train_r2,har_val_mse,har_val_r2,har_best_ridge_alpha,har_test_mse,har_test_r2,har_test_rmse,har_test_mae,vsig_train_mse,vsig_train_r2,vsig_val_mse,vsig_val_r2,vsig_best_ridge_alpha,vsig_test_mse,vsig_test_r2,vsig_test_rmse,vsig_test_mae
10,1,1,2L2A_COUPLED_FREEC,legacy_price_return_abs_time,33.199352353269205,0.019930870803821523,8.592266388169996,0.12240053517696882,1.8367992012387795,6.010850564319458e-06,0.6830778043504644,3.083614741513175e-06,-0.017314746216259946,1e-08,4.035409228392791e-06,0.4262277827449631,0.0020088328024982045,0.0013902026544380791,4.871343901553371e-06,0.7431583120351519,1.6632277153453661e-06,0.45128486436469717,10.0,3.039479369491358e-06,0.5678334665878286,0.0017434102699856273,0.0011243605612930318,5.3167848959924105e-06,0.7196724282189875,2.9147412578908926e-06,0.038398272281489954,1e-08,3.244264351831418e-06,0.5387162378936305,0.0018011841526705196,0.0013003706791993787
20,1,1,2L2A_COUPLED_FREEC,legacy_price_return_abs_time,33.199352353269205,0.019930870803821523,8.592266388169996,0.12240053517696882,1.8367992012387795,6.40238322844763e-06,0.6627861615067783,3.0041345188055485e-06,-0.010416514455068082,1e-08,4.453475742141276e-06,0.37167211588427496,0.0021103259800659413,0.0014395170923601213,4.857070626167526e-06,0.7441778520215576,1.6611319694217863e-06,0.4412916052572792,1e-08,3.004693503621586e-06,0.5760765701085689,0.00173340517583789,0.0011109166901682708,4.941623412021799e-06,0.7397244526457554,2.61420136643434e-06,0.1207343691764835,1e-08,3.0937743944582884e-06,0.563508407420507,0.0017589128444747593,0.0012603761825905231
30,1,1,2L2A_COUPLED_FREEC,legacy_price_return_abs_time,33.199352353269205,0.019930870803821523,8.592266388169996,0.12240053517696882,1.8367992012387795,7.030015676166176e-06,0.6305621692613418,2.9988461852270007e-06,-0.026080475564767225,1e-08,4.6222553476297306e-06,0.3524051698455838,0.0021499431033470935,0.0014933748250773836,4.8578824854477946e-06,0.7447110148713227,1.6308808660396595e-06,0.4419803780336995,1e-08,3.0293826389076264e-06,0.5755724450571237,0.0017405121771787828,0.00111411885165749,4.8793334302944926e-06,0.743583735659368,2.45744452380363e-06,0.15916466203564505,1e-08,2.9943035819309833e-06,0.5804871488621428,0.0017304056119681833,0.0012373629639031967
40,1,1,2L2A_COUPLED_FREEC,legacy_price_return_abs_time,33.199352353269205,0.019930870803821523,8.592266388169996,0.12240053517696882,1.8367992012387795,7.540457204370777e-06,0.6038854868793364,3.0454324510978837e-06,-0.050786926435686386,1e-08,4.897151577652601e-06,0.31684436500599467,0.002212950875562447,0.0015727081763500302,4.8553004550507224e-06,0.7449418617889442,1.6341187772041815e-06,0.43616853274476575,1e-08,3.0333462181318267e-06,0.576846350588596,0.0017416504293720444,0.00111139698843105,4.858540641522108e-06,0.7447716486504372,2.412133572454729e-06,0.16772462911193597,1e-08,2.969683255503335e-06,0.5857273727441148,0.0017232768946119294,0.0012269119622330845
50,1,1,2L2A_COUPLED_FREEC,legacy_price_return_abs_time,33.199352353269205,0.019930870803821523,8.592266388169996,0.12240053517696882,1.8367992012387795,7.926736576777878e-06,0.5840004039394175,3.0965032565160517e-06,-0.10339115945082411,1e-08,5.269824265480757e-06,0.2644906140644955,0.0022956097807512402,0.0016443769720067727,4.848931532734298e-06,0.7455253445847652,1.6174572031828992e-06,0.42364408142426413,1e-08,3.025018742295737e-06,0.5777981265592823,0.0017392581011154546,0.001104240623651159,4.846575027877009e-06,0.7456490152857216,2.4056986748767843e-06,0.14276639477906972,1e-08,2.9313949558676337e-06,0.5908651986656059,0.0017121316993349647,0.0012118802899249218
60,1,1,2L2A_COUPLED_FREEC,legacy_price_return_abs_time,33.199352353269205,0.019930870803821523,8.592266388169996,0.12240053517696882,1.8367992012387795,8.417675300359588e-06,0.5586524853711599,2.98996501950165e-06,-0.07756892547575789,1e-08,5.670360786249438e-06,0.20617090706279229,0.0023812519367445014,0.001727397368936544,4.844544508014913e-06,0.7459954676524714,1.6052116849689379e-06,0.4214894758797513,1e-08,2.990074572833836e-06,0.5814008534124908,0.001729183209736272,0.0010967799310795355,4.833666668521488e-06,0.7465658041472456,2.3610743899232866e-06,0.14908021440932362,1e-08,2.928317981718473e-06,0.5900465429119818,0.001711232883542878,0.0012086916575386642
70,1,1,2L2A_COUPLED_FREEC,legacy_price_return_abs_time,33.199352353269205,0.019930870803821523,8.592266388169996,0.12240053517696882,1.8367992012387795,8.588387736264489e-06,0.5462856766919337,3.1299447669914735e-06,-0.14756335182863634,1e-08,6.005012982605862e-06,0.16024785143725973,0.0024505127999269586,0.0017918497890233307,4.7455112745350755e-06,0.7493002758148677,1.607633841839259e-06,0.41057692151305825,0.1,2.9959717138675824e-06,0.5810377611104282,0.001730887550902017,0.0010929360185838672,4.637564179269667e-06,0.7550029926443151,2.320142776961581e-06,0.14934255392300178,1e-08,2.930099206545438e-06,0.5902494946595838,0.0017117532551584173,0.0012044059596215816
80,1,1,2L2A_COUPLED_FREEC,legacy_price_return_abs_time,33.199352353269205,0.019930870803821523,8.592266388169996,0.12240053517696882,1.8367992012387795,8.526344772777667e-06,0.544591766795948,3.1303536591346933e-06,-0.14669422380853248,1e-08,6.205497675419796e-06,0.13412068107875197,0.002491083634770177,0.001831264637174413,4.645491449500793e-06,0.7518754976767754,1.5967132557516983e-06,0.41510063500138017,10.0,3.0025012069848117e-06,0.5810483161629161,0.0017327726933977267,0.0010880976619945923,4.527776992607633e-06,0.7581628499085834,2.1861684868949434e-06,0.19917458243755415,1e-08,2.919617427727834e-06,0.5926134402007388,0.0017086888036526235,0.0011944384121091985
90,1,1,2L2A_COUPLED_FREEC,legacy_price_return_abs_time,33.199352353269205,0.019930870803821523,8.592266388169996,0.12240053517696882,1.8367992012387795,8.7227715206823e-06,0.5348655936751356,3.1852583834335946e-06,-0.1799015598522502,1e-08,6.489799052614547e-06,0.10158852229955295,0.002547508400891849,0.00187543980743022,4.643502833858487e-06,0.7523891427428278,1.593547199835979e-06,0.40970916627559806,10.0,3.029854240260507e-06,0.5805639276130172,0.0017406476496581687,0.0010928339342419992,4.521392255871241e-06,0.7589005859307425,2.17911109557554e-06,0.192801251498683,1e-08,2.938400020723635e-06,0.593224338181964,0.0017141761930220694,0.001197271340105197
100,1,1,2L2A_COUPLED_FREEC,legacy_price_return_abs_time,33.199352353269205,0.019930870803821523,8.592266388169996,0.12240053517696882,1.8367992012387795,9.004310472944643e-06,0.5198944921369033,3.5044334857014154e-06,-0.31008052253079166,1e-08,6.557155612787311e-06,0.10030419702026072,0.0025606943614549767,0.0018906571990548915,4.622692613768808e-06,0.7535202510289869,1.596627234181352e-06,0.40312457069661267,10.0,3.040309258311281e-06,0.5828445074372177,0.0017436482610639341,0.0010906483454126443,4.5136572953915286e-06,0.7593339618135972,2.1797007184838827e-06,0.18515118980477385,1e-08,2.9472070611106445e-06,0.5956188963668101,0.0017167431552537627,0.0011952801799704003
110,1,1,2L2A_COUPLED_FREEC,legacy_price_return_abs_time,33.199352353269205,0.019930870803821523,8.592266388169996,0.12240053517696882,1.8367992012387795,9.216000723194616e-06,0.5096600946119556,3.6889400344258027e-06,-0.3812118915828413,1e-08,6.503462015501725e-06,0.11602345458425578,0.0025501886235142933,0.0019000339464788692,4.619535825547368e-06,0.7542162997085363,1.5972266425855602e-06,0.4019668490936852,10.0,3.05279540327301e-06,0.5850518496127253,0.0017472250579913882,0.0010894816271076503,4.515944179882499e-06,0.7597279222940754,2.182668484027947e-06,0.18276587925296905,1e-08,2.9428394206152393e-06,0.5999975061670229,0.0017154706119940496,0.0011908784221040822
120,1,1,2L2A_COUPLED_FREEC,legacy_price_return_abs_time,33.199352353269205,0.019930870803821523,8.592266388169996,0.12240053517696882,1.8367992012387795,9.332911640127012e-06,0.5047601991468821,3.755297530992285e-06,-0.4298548131314106,1e-08,6.35989039277699e-06,0.1443327200820721,0.0025218823114445668,0.0018749044008246262,4.629165643861035e-06,0.7543588582018725,1.5748788820000608e-06,0.4003542646241981,10.0,3.0759588367507427e-06,0.5861568095621246,0.0017538411663405391,0.0010912963622753194,4.524361914020464e-06,0.7599201428573223,2.161603692501062e-06,0.17695484357837876,1e-08,2.945453547359639e-06,0.6037151476924503,0.0017162323698612723,0.0011881172848466058
130,1,1,2L2A_COUPLED_FREEC,legacy_price_return_abs_time,33.199352353269205,0.019930870803821523,8.592266388169996,0.12240053517696882,1.8367992012387795,9.625723163728822e-06,0.4905153103520774,3.694333353689662e-06,-0.409294631245922,1e-08,6.460544847581869e-06,0.13982907283068424,0.00254176018687481,0.0019027760834591863,4.637411982997052e-06,0.7545441142718727,1.5740134883337074e-06,0.39955370935816714,10.0,3.1027370890965653e-06,0.5868948669724414,0.0017614587957419173,0.0010948972795477216,4.530904422385777e-06,0.7601815059296411,2.1587105953597347e-06,0.1765065679804586,1e-08,2.9648791857101172e-06,0.6052495666720995,0.0017218824540920663,0.0011903970828361025
140,1,1,2L2A_COUPLED_FREEC,legacy_price_return_abs_time,33.199352353269205,0.019930870803821523,8.592266388169996,0.12240053517696882,1.8367992012387795,9.974904461305555e-06,0.4733755992501013,3.592486747944923e-06,-0.4007852591297847,1e-08,6.659146139257958e-06,0.12186741281951918,0.0025805321426515806,0.00193827527350451,4.646303830165823e-06,0.754698706162567,1.569401398562847e-06,0.3880577719536217,10.0,3.1159488969541835e-06,0.5891040368864101,0.00176520505804685,0.0010927924027042523,4.539768937820332e-06,0.7603232085383076,2.1602767477715165e-06,0.15766319092193193,1e-08,2.970535182231814e-06,0.6082795466064758,0.0017235240590812227,0.0011863763411388182
150,1,1,2L2A_COUPLED_FREEC,legacy_price_return_abs_time,33.199352353269205,0.019930870803821523,8.592266388169996,0.12240053517696882,1.8367992012387795,1.0404886368183783e-05,0.45192153824937564,3.6615744684559197e-06,-0.42809597887625483,1e-08,6.9213603609253925e-06,0.0954968936716295,0.0026308478407018132,0.0019818259540998755,4.6480173047012614e-06,0.755165209459599,1.562829742316316e-06,0.39046142857465327,1.0,3.146927420295489e-06,0.5887505521144938,0.0017739581224751303,0.001096062934899092,4.540011652660928e-06,0.7608544183116677,2.134546461437968e-06,0.16747911463628373,1e-08,2.9895033298689377e-06,0.6093231811030957,0.0017290180247380123,0.001187979286285332
160,1,1,2L2A_COUPLED_FREEC,legacy_price_return_abs_time,33.199352353269205,0.019930870803821523,8.592266388169996,0.12240053517696882,1.8367992012387795,1.0705236371857397e-05,0.4374970994517382,3.657992720215453e-06,-0.428827195582701,1e-08,6.962844646676251e-06,0.10062300694177517,0.0026387202668483544,0.001998460483076963,4.659631816067259e-06,0.7551612761288301,1.5561447952294616e-06,0.39216336013993813,1.0,3.1835938485111285e-06,0.588781423701678,0.0017842628305580791,0.0011040141011942864,4.552056811918479e-06,0.7608137670929023,2.1100619132904355e-06,0.1758010262264642,1e-08,3.013386592139843e-06,0.6107667613330398,0.0017359108825454844,0.001191390165606802
170,1,1,2L2A_COUPLED_FREEC,legacy_price_return_abs_time,33.199352353269205,0.019930870803821523,8.592266388169996,0.12240053517696882,1.8367992012387795,1.0945810691699084e-05,0.42609156752924415,3.668787812007157e-06,-0.4356848264497726,1e-08,7.044645550462486e-06,0.09880989231991566,0.002654175116766504,0.0020209016297371915,4.671230388653804e-06,0.7550790356629196,1.549423479644081e-06,0.3936733620326158,10.0,3.2163083952365234e-06,0.5885520019037334,0.0017934069240516841,0.001109877952744345,4.5625633458964985e-06,0.7607766430788211,2.096677369869942e-06,0.1795197650757402,1e-08,3.0260478550116005e-06,0.6128911848341383,0.0017395539241459577,0.0011890817851985711
180,1,1,2L2A_COUPLED_FREEC,legacy_price_return_abs_time,33.199352353269205,0.019930870803821523,8.592266388169996,0.12240053517696882,1.8367992012387795,1.112495373317049e-05,0.4182832618916219,3.5835966994637593e-06,-0.3996402218237063,1e-08,7.159020420217039e-06,0.09160136731582891,0.0026756345827143586,0.0020370166641729246,4.683113236736773e-06,0.7551229945214069,1.5443446083928621e-06,0.3968275418417826,10.0,3.2288560217278213e-06,0.5902947298503888,0.001796901784107251,0.0011103974708812775,4.572874120377239e-06,0.7608873276340393,2.0692928836200005e-06,0.19179924708561524,1e-08,3.032421583634804e-06,0.6152200358981079,0.0017413849613554162,0.0011866486752810565
190,1,1,2L2A_COUPLED_FREEC,legacy_price_return_abs_time,33.199352353269205,0.019930870803821523,8.592266388169996,0.12240053517696882,1.8367992012387795,1.1219676514377682e-05,0.41464628648874613,3.507062892473211e-06,-0.3669272847683016,1e-08,7.233929687674461e-06,0.09001302002446265,0.0026895965659694135,0.002044441790911961,4.689584033504181e-06,0.7553347081516087,1.543586209669575e-06,0.398365478156151,10.0,3.2507523927979677e-06,0.5910739417870333,0.0018029843018723063,0.0011112377853146835,4.573147456414946e-06,0.7614094450391101,2.0479624359664272e-06,0.20177772177649966,1e-08,3.015758427327666e-06,0.6206348385863414,0.0017365939154931028,0.0011751867598804792
200,1,1,2L2A_COUPLED_FREEC,legacy_price_return_abs_time,33.199352353269205,0.019930870803821523,8.592266388169996,0.12240053517696882,1.8367992012387795,1.1316555315824459e-05,0.408475674504295,3.4820103192462144e-06,-0.35493485718379403,1e-08,7.422892451151949e-06,0.07818945585093229,0.0027244985687557167,0.0020773588632736167,4.66683669648999e-06,0.7560611553562023,1.5427820887750327e-06,0.39966598675312437,10.0,3.292221105296857e-06,0.5911561229663548,0.0018144478789143702,0.0011189015552912857,4.529301174745282e-06,0.7632502340520821,2.0181359646488364e-06,0.2146942385768399,1e-08,3.0392210314825943e-06,0.6225748909529887,0.0017433361785618386,0.001175713791648433
210,1,1,2L2A_COUPLED_FREEC,legacy_price_return_abs_time,33.199352353269205,0.019930870803821523,8.592266388169996,0.12240053517696882,1.8367992012387795,1.150451468128412e-05,0.39880835808381365,3.384512016370035e-06,-0.3134593981623628,1e-08,7.68785380229611e-06,0.05491935828628336,0.0027726979284256894,0.002113012521218072,4.65663116125238e-06,0.7566583370799858,1.547264719587996e-06,0.39953843344082407,10.0,3.300234201308182e-06,0.5942967261101724,0.0018166546731033341,0.0011144685270079815,4.523826611282473e-06,0.7635983069667848,2.016655487693015e-06,0.21737754501844375,1e-08,3.0537965251541353e-06,0.6245917191097197,0.0017475115236112566,0.0011740646329110444
220,1,1,2L2A_COUPLED_FREEC,legacy_price_return_abs_time,33.199352353269205,0.019930870803821523,8.592266388169996,0.12240053517696882,1.8367992012387795,1.1602793869666424e-05,0.3943663009086734,3.2600312414087055e-06,-0.2617098295533151,1e-08,6.8912389917645835e-06,0.009532636088451563,0.002625116948207181,0.002068046109005418,4.6476519430089026e-06,0.757405443037971,1.5505954867206537e-06,0.39988257093785795,10.0,2.7009026824259653e-06,0.611803339973982,0.0016434423270763002,0.0010612215042506271,4.518523308123074e-06,0.7641456000797133,2.0150192214816013e-06,0.22013951087670836,1e-08,2.6478734121548196e-06,0.6194251568342568,0.00162722875225176,0.0011325552382876547
230,1,1,2L2A_COUPLED_FREEC,legacy_price_return_abs_time,33.199352353269205,0.019930870803821523,8.592266388169996,0.12240053517696882,1.8367992012387795,1.1692320555524503e-05,0.3905437503224446,3.274674677954435e-06,-0.26377836163937385,1e-08,7.052217902517521e-06,-0.010426462572742157,0.002655601231833861,0.00210428689281345,4.644634803826533e-06,0.7579007781030697,1.5548684309976925e-06,0.39993762082085227,10.0,2.7135694125730726e-06,0.611205668855892,0.0016472915384269636,0.0010600904837613958,4.511024161504958e-06,0.764865164736127,2.021549111486262e-06,0.219833945250549,1e-08,2.4558230852897688e-06,0.6481350027644508,0.001567106596658239,0.0010931589959640093
240,1,1,2L2A_COUPLED_FREEC,legacy_price_return_abs_time,33.199352353269205,0.019930870803821523,8.592266388169996,0.12240053517696882,1.8367992012387795,1.1765719192403302e-05,0.38750490417303973,3.246276035319987e-06,-0.24927040614105045,1e-08,7.210239077444842e-06,-0.05104002703750132,0.002685188834597083,0.002138365547606269,4.649574026773422e-06,0.7579543381485868,1.5595290055400298e-06,0.3998435706199276,10.0,2.7119336884817145e-06,0.6046801185577557,0.0016467949746345823,0.0010551757568010138,4.512286999260917e-06,0.7651011712233012,2.02586721328597e-06,0.2203817762896635,1e-08,2.465266312199939e-06,0.6406369409393433,0.0015701166556023596,0.0010928203982074206
10,3,1,2L2A_COUPLED_FREEC,legacy_price_return_abs_time,36.98861810697482,0.024559995478603026,13.7785003034926,0.014519862429160882,1.4255825272707003,7.704909947551068e-06,0.5939532857788483,3.687446798491338e-06,-0.21652486398231496,1e-08,5.722949910648844e-06,0.1878418127277114,0.0023922687789311725,0.0016343497177203684,6.734568601709362e-06,0.6450900177892185,2.16436807491044e-06,0.28595374473867874,1e-08,4.757250207690012e-06,0.32488668162391876,0.0021811121492692695,0.001436695408294485,7.626492105008903e-06,0.5980858853182729,3.6265666918454483e-06,-0.19643991970951302,1e-08,5.292449144102674e-06,0.24893525712897968,0.0023005323610205256,0.00158737265817102
20,3,1,2L2A_COUPLED_FREEC,legacy_price_return_abs_time,36.98861810697482,0.024559995478603026,13.7785003034926,0.014519862429160882,1.4255825272707003,7.840314770472783e-06,0.5872699226833712,3.4771421865343953e-06,-0.16950884402462751,1e-08,5.357467123421715e-06,0.24524667463278138,0.002314620297893742,0.0015854941490901866,6.704246473913076e-06,0.6470748628679073,2.1492839194033454e-06,0.27710561799965006,1e-08,4.6507230957013245e-06,0.3448118969322145,0.002156553522568203,0.0014023970284937333,7.150148986790548e-06,0.6236016498651976,3.2464993495537086e-06,-0.09193397846277729,1e-08,4.853131755722346e-06,0.3162968158846581,0.002202982468319334,0.0014988595540881995
30,3,1,2L2A_COUPLED_FREEC,legacy_price_return_abs_time,36.98861810697482,0.024559995478603026,13.7785003034926,0.014519862429160882,1.4255825272707003,8.196828978631248e-06,0.569437117487237,3.443818943964074e-06,-0.17833165208309265,1e-08,5.511081470599144e-06,0.2288444109020462,0.002347569268541217,0.0016246192922012577,6.711864620985252e-06,0.6474392980772656,2.126386647456932e-06,0.27243890226666523,1e-08,4.708102046704695e-06,0.3412038586747427,0.0021698161320039757,0.0014099160196106649,7.0465616241215985e-06,0.6298583400245295,3.0856268000144487e-06,-0.05577319369401246,1e-08,4.7272224320922346e-06,0.3385283779844336,0.002174217659778394,0.001477897276330665
40,3,1,2L2A_COUPLED_FREEC,legacy_price_return_abs_time,36.98861810697482,0.024559995478603026,13.7785003034926,0.014519862429160882,1.4255825272707003,8.613527833382105e-06,0.5477003900167083,3.486310146862962e-06,-0.20290605115967275,1e-08,5.520751189273226e-06,0.22622196557576224,0.0023496278831494203,0.001657620816928687,6.7100099447217625e-06,0.6476548355460536,2.1250928816372827e-06,0.2667642926438941,1e-08,4.673720062407104e-06,0.34494024465997075,0.0021618788269482415,0.0013983480604784968,7.015725394906958e-06,0.6316016014288155,2.9897902024949866e-06,-0.031588290994492896,1e-08,4.619300347358214e-06,0.3525676088900912,0.0021492557659241523,0.0014546247320190648
50,3,1,2L2A_COUPLED_FREEC,legacy_price_return_abs_time,36.98861810697482,0.024559995478603026,13.7785003034926,0.014519862429160882,1.4255825272707003,8.914369185230712e-06,0.5318646996143737,3.4062645952906724e-06,-0.21376983320946952,1e-08,6.080925950508977e-06,0.1524545534429611,0.0024659533552987122,0.0017593556511073102,6.705773967619115e-06,0.6478483843982459,2.1092352721409447e-06,0.24840655420440783,1e-08,4.617284805365826e-06,0.3564534835492842,0.0021487868217591587,0.0013837227679517124,6.976886280075126e-06,0.6336110063861133,2.9586131375462118e-06,-0.05425614306523574,1e-08,4.592219830566908e-06,0.35994698197892916,0.0021429465300298344,0.00144004528287933
60,3,1,2L2A_COUPLED_FREEC,legacy_price_return_abs_time,36.98861810697482,0.024559995478603026,13.7785003034926,0.014519862429160882,1.4255825272707003,9.367827680214988e-06,0.508660175971586,3.4291855648603164e-06,-0.2358618847652616,1e-08,6.240228626151899e-06,0.12492968394974979,0.0024980449607947207,0.0018022243267520664,6.7057967996219544e-06,0.64828291766561,2.1095969931534977e-06,0.23971145138072736,1e-08,4.576583365635553e-06,0.35822347350971306,0.0021392950627801563,0.001378043536178486,6.956502182430919e-06,0.6351334936072988,2.940558007272502e-06,-0.059762877334230025,1e-08,4.571335222253841e-06,0.35895942322611685,0.002138068105148627,0.0014315182404929963
70,3,1,2L2A_COUPLED_FREEC,legacy_price_return_abs_time,36.98861810697482,0.024559995478603026,13.7785003034926,0.014519862429160882,1.4255825272707003,9.3048000057787e-06,0.5053508384139311,3.502844849162997e-06,-0.2842834859047574,1e-08,6.601437857032223e-06,0.07131883927897431,0.002569326343038623,0.0018582854326346496,6.532872721712331e-06,0.6527082782502999,2.111446907448775e-06,0.22585883435599774,1e-08,4.556051314550185e-06,0.35906099326621777,0.0021344908794722417,0.0013680918946399243,6.664314004473587e-06,0.6457207749965734,2.9004413646306282e-06,-0.0634181948767325,1e-08,4.566059387825595e-06,0.3576530713396199,0.002136833963560481,0.0014214616484151392
80,3,1,2L2A_COUPLED_FREEC,legacy_price_return_abs_time,36.98861810697482,0.024559995478603026,13.7785003034926,0.014519862429160882,1.4255825272707003,9.298697474360422e-06,0.5035351966832848,3.486387415048383e-06,-0.2771145838837381,1e-08,6.73499936235881e-06,0.061594884426465546,0.002595187731621512,0.0018904270141202957,6.43852962777053e-06,0.656241817296051,2.0892535474703504e-06,0.23467593894231864,1e-08,4.551254653191615e-06,0.36586175899249795,0.002133366975743183,0.0013582744279291988,6.5587389943856806e-06,0.649823744257545,2.811822301169572e-06,-0.030011539341033844,1e-08,4.541180634558493e-06,0.36726539841561934,0.0021310046068834516,0.0014075013043435072
90,3,1,2L2A_COUPLED_FREEC,legacy_price_return_abs_time,36.98861810697482,0.024559995478603026,13.7785003034926,0.014519862429160882,1.4255825272707003,9.506680281530425e-06,0.4933385544414425,3.6095483052786896e-06,-0.3370694502872378,1e-08,7.045887791928783e-06,0.026439868242511544,0.0026544091229365498,0.001930861459809835,6.438127120634292e-06,0.6568780376502572,2.0947083290434783e-06,0.22406620520070386,1e-08,4.588014012562018e-06,0.36605468913487504,0.002141964988640575,0.0013623921759137484,6.554093830142282e-06,0.650697556248128,2.775378554392952e-06,-0.028071538101956728,1e-08,4.56780921964765e-06,0.36884647087093647,0.0021372433693072133,0.0014067510820266165
100,3,1,2L2A_COUPLED_FREEC,legacy_price_return_abs_time,36.98861810697482,0.024559995478603026,13.7785003034926,0.014519862429160882,1.4255825272707003,9.726362007935396e-06,0.48151342011346354,3.89161927665214e-06,-0.4548241923407206,1e-08,7.024500316338473e-06,0.03789395124583517,0.0026503773913045805,0.0019406068545930965,6.397180595242327e-06,0.6589832575594443,2.0987228128654492e-06,0.21542357971854997,1e-08,4.621960957267497e-06,0.3669561685761934,0.0021498746375701763,0.0013649614701778765,6.540571604417301e-06,0.6513394629039548,2.7653056592243734e-06,-0.0337685385599269,1e-08,4.598407971607469e-06,0.3701820877091211,0.0021443898833018843,0.0014092350216069914
110,3,1,2L2A_COUPLED_FREEC,legacy_price_return_abs_time,36.98861810697482,0.024559995478603026,13.7785003034926,0.014519862429160882,1.4255825272707003,9.862350309772817e-06,0.47555684353507544,4.029322071610893e-06,-0.5086576383431076,1e-08,6.96196008369399e-06,0.05570809712587288,0.0026385526494072447,0.001943949949076659,6.403096634076601e-06,0.6595071048533441,2.1031057367162107e-06,0.2125557407547639,1e-08,4.6568919279207895e-06,0.36835815097603863,0.0021579833011218575,0.0013689449382060979,6.545903067398128e-06,0.6519131891737899,2.753544230547224e-06,-0.030981257417793007,1e-08,4.611382584006877e-06,0.3745308529804172,0.0021474129980064097,0.0014058960954822254
120,3,1,2L2A_COUPLED_FREEC,legacy_price_return_abs_time,36.98861810697482,0.024559995478603026,13.7785003034926,0.014519862429160882,1.4255825272707003,1.0001265048178681e-05,0.46958072329464917,4.064417505980921e-06,-0.5475543244017655,1e-08,6.764583088924341e-06,0.09164822377240345,0.0026008812139204553,0.0019161061333369488,6.4178160152621e-06,0.6596297255952372,2.0878886599735437e-06,0.2050223384146027,1e-08,4.696035479020047e-06,0.36941388515430784,0.0021670337973875827,0.0013737609689668218,6.5581152197504816e-06,0.6521889266354481,2.74071898601905e-06,-0.043547202653868355,1e-08,4.623579721225324e-06,0.37914328243209605,0.002150251083298256,0.001403047550225688
130,3,1,2L2A_COUPLED_FREEC,legacy_price_return_abs_time,36.98861810697482,0.024559995478603026,13.7785003034926,0.014519862429160882,1.4255825272707003,1.0331644460134775e-05,0.45345503883286453,3.9328719305268855e-06,-0.5002910583404063,1e-08,6.948246358350667e-06,0.07713964846222854,0.002635952647213274,0.0019610774292345874,6.431645224864342e-06,0.6597653642430492,2.093881389831345e-06,0.20123726836726852,1e-08,4.746140002825653e-06,0.3696215986655278,0.00217856374770757,0.0013827336797527863,6.5704075388706176e-06,0.6524248248146306,2.7498909903172124e-06,-0.04901378358156916,1e-08,4.663782805457694e-06,0.38056021370517956,0.002159579312148015,0.0014089171221048095
140,3,1,2L2A_COUPLED_FREEC,legacy_price_return_abs_time,36.98861810697482,0.024559995478603026,13.7785003034926,0.014519862429160882,1.4255825272707003,1.065800003412998e-05,0.4376137206287205,3.9017153135183395e-06,-0.521359904702209,1e-08,7.138648265863748e-06,0.06083368289749291,0.002671824894311704,0.0019914868057731,6.446692899928423e-06,0.6598300222715336,2.091556179960483e-06,0.18445876878837542,1e-08,4.778801123624327e-06,0.37129707413921154,0.002186046917068416,0.0013846146787196455,6.5855930237432e-06,0.6525007368909506,2.7507737554104126e-06,-0.07258386686721341,1e-08,4.691726173320088e-06,0.3827527247530915,0.002166039282496993,0.0014102718717745003
150,3,1,2L2A_COUPLED_FREEC,legacy_price_return_abs_time,36.98861810697482,0.024559995478603026,13.7785003034926,0.014519862429160882,1.4255825272707003,1.1023923540521606e-05,0.4196220611856486,3.968187403507105e-06,-0.5476818847182012,1e-08,7.362235828806307e-06,0.03986219937061275,0.002713344030676226,0.002020750011192759,6.450484345883468e-06,0.6604005102850206,2.0912649141207896e-06,0.1843598866144841,1e-08,4.819531106252922e-06,0.3714662089039771,0.0021953430497881014,0.0013881154063268158,6.5918834045171855e-06,0.6529562556239216,2.7244846481771787e-06,-0.06260997942032076,1e-08,4.715889358195938e-06,0.38498253225285195,0.002171609854047439,0.0014095891760789656
160,3,1,2L2A_COUPLED_FREEC,legacy_price_return_abs_time,36.98861810697482,0.024559995478603026,13.7785003034926,0.014519862429160882,1.4255825272707003,1.1304162892522539e-05,0.40627528202413066,3.974838677146641e-06,-0.5525885463289215,1e-08,7.3518098309292925e-06,0.052141784449660444,0.0027114221048979616,0.002050339730226663,6.465153862547525e-06,0.660432913944408,2.0859029651449526e-06,0.18523761201740163,1e-08,4.877973992976579e-06,0.3710898634738893,0.0022086135906890956,0.001399570603661077,6.606998835387073e-06,0.6529828384902437,2.6988209645962097e-06,-0.05417071196267376,1e-08,4.760137842315609e-06,0.38628230806391883,0.0021817740126593333,0.0014159117103082416
170,3,1,2L2A_COUPLED_FREEC,legacy_price_return_abs_time,36.98861810697482,0.024559995478603026,13.7785003034926,0.014519862429160882,1.4255825272707003,1.1514051752180132e-05,0.39659567783810545,3.965712867131158e-06,-0.5518787351950893,1e-08,7.520021436573879e-06,0.040272482131036624,0.0027422657487147155,0.0020689906255993693,6.482008023873936e-06,0.6603044921043513,2.07803380161988e-06,0.18681544130969807,1e-08,4.935752885927292e-06,0.3700845262239386,0.0022216554381648142,0.0014108610513593352,6.6242809592446954e-06,0.6528485499236918,2.666374695887243e-06,-0.04341648758930017,1e-08,4.796407838712544e-06,0.38786815588758927,0.00219007028168334,0.0014171421512267138
180,3,1,2L2A_COUPLED_FREEC,legacy_price_return_abs_time,36.98861810697482,0.024559995478603026,13.7785003034926,0.014519862429160882,1.4255825272707003,1.1662950889201122e-05,0.39035513532788546,3.85527510172522e-06,-0.5057492656407299,1e-08,7.5795671781202376e-06,0.04056443929436471,0.002753101374472113,0.002082267857058148,6.4926259016730305e-06,0.6606179622296904,2.052814177968455e-06,0.19823531151132145,1e-08,4.948342281283284e-06,0.3736297285006902,0.0022244869703559257,0.001405777681986137,6.635779786513254e-06,0.653135033459793,2.606220522307046e-06,-0.01790781047129908,1e-08,4.817744187654961e-06,0.39016107550808643,0.002194936032702311,0.001416212243713444
190,3,1,2L2A_COUPLED_FREEC,legacy_price_return_abs_time,36.98861810697482,0.024559995478603026,13.7785003034926,0.014519862429160882,1.4255825272707003,1.1771304433608496e-05,0.38607585139946266,3.801614308820482e-06,-0.4817328585823184,1e-08,7.665762258458976e-06,0.038227563643406404,0.002768711299225504,0.002097440033441343,6.505065016866164e-06,0.660732884397379,2.0527946207493718e-06,0.19989430952317933,1e-08,4.961737439271956e-06,0.377483654640546,0.002227495777610354,0.0014024258803517471,6.641468050875616e-06,0.6536188795737765,2.5834987649529854e-06,-0.00695512463109349,1e-08,4.7990532637532815e-06,0.39789456102791854,0.002190674157366467,0.001404697159128
200,3,1,2L2A_COUPLED_FREEC,legacy_price_return_abs_time,36.98861810697482,0.024559995478603026,13.7785003034926,0.014519862429160882,1.4255825272707003,1.1869223005086478e-05,0.3793805926005541,3.7241231197726916e-06,-0.44914683323409066,1e-08,7.863614771906367e-06,0.026073763238743997,0.0028042137528915957,0.0021261765153121203,6.4568500145294076e-06,0.662383424090434,2.04802519684771e-06,0.2030636117700011,1e-08,5.019384333984949e-06,0.37833804973240703,0.0022403982534328465,0.0014125222949393057,6.582045325763441e-06,0.6558371960994395,2.5386234038279015e-06,0.012159923795511896,1e-08,4.838544782016203e-06,0.40073543177809634,0.0021996692437764825,0.0014073336396683712
210,3,1,2L2A_COUPLED_FREEC,legacy_price_return_abs_time,36.98861810697482,0.024559995478603026,13.7785003034926,0.014519862429160882,1.4255825272707003,1.1983530370285418e-05,0.3740577286105077,3.6037353618920474e-06,-0.39853546291845876,1e-08,8.066276824980011e-06,-0.00035251357658561133,0.0028401191568277573,0.0021574345354959637,6.4453817609531976e-06,0.6633348625353915,2.0539844194046053e-06,0.2028909555358822,1e-08,4.958170054455047e-06,0.38510443116033855,0.002226694872328727,0.0013995427993876745,6.5764554561743e-06,0.6564884187937752,2.529762301737618e-06,0.01825135964568425,1e-08,4.7812165207245036e-06,0.4070496130694713,0.002186599305022414,0.0013947333066132352
220,3,1,2L2A_COUPLED_FREEC,legacy_price_return_abs_time,36.98861810697482,0.024559995478603026,13.7785003034926,0.014519862429160882,1.4255825272707003,1.2060194239054126e-05,0.3707624399361936,3.478125919341002e-06,-0.34611767062711296,1e-08,7.168213184300223e-06,-0.033042206313967926,0.0026773518977340695,0.002105560527498485,6.4296509186702196e-06,0.6645346023512,2.0574651619374193e-06,0.20371191974890113,1e-08,4.130259364267959e-06,0.404770458605044,0.0020323039546947595,0.0013440303989855423,6.564762004237104e-06,0.6574852159039759,2.5176792873167403e-06,0.025598078901332588,1e-08,4.042559814236845e-06,0.4174092200826338,0.0020106118009792055,0.0013457326582895044
230,3,1,2L2A_COUPLED_FREEC,legacy_price_return_abs_time,36.98861810697482,0.024559995478603026,13.7785003034926,0.014519862429160882,1.4255825272707003,1.2143939628236052e-05,0.3666421735016173,3.511001669822174e-06,-0.35498282252961944,1e-08,7.382315261839794e-06,-0.060218204772021444,0.0027170416378553704,0.0021517355060920148,6.418920964258129e-06,0.6652261164956108,2.06152736087667e-06,0.2044053450125003,1e-08,4.1179479716742175e-06,0.4085969982288501,0.0020292727691649088,0.001333433480206579,6.5562723062219924e-06,0.6580626629479169,2.5162582046243225e-06,0.028913408495228166,1e-08,3.867992063651347e-06,0.4444946529180275,0.0019667211453714903,0.0013126972784315526
240,3,1,2L2A_COUPLED_FREEC,legacy_price_return_abs_time,36.98861810697482,0.024559995478603026,13.7785003034926,0.014519862429160882,1.4255825272707003,1.2246117632353256e-05,0.3627658261419382,3.464658223825979e-06,-0.3333108273376908,1e-08,7.521646965110971e-06,-0.10420977001824516,0.0027425621169102025,0.0021789521329933473,6.432797101811446e-06,0.665265493127422,2.068223073998314e-06,0.20408189213352534,1e-08,4.137056007642885e-06,0.39266257989222797,0.00203397541962603,0.0013316207242449675,6.5709525216920135e-06,0.6580764918868149,2.5222492222285378e-06,0.02935817042071065,1e-08,3.873075786724504e-06,0.43141599924063934,0.001968013157152285,0.0013102481672514158
10,5,1,2L2A_COUPLED_FREEC,legacy_price_return_abs_time,75.54300801113794,0.047617076210108585,14.24113751527213,0.013888124321818362,0.9925753717382167,8.631543207076999e-06,0.5453593822063404,4.163419774370657e-06,-0.3735530168977004,1e-08,6.625055924985587e-06,0.061583976540057206,0.002573918399053394,0.001768576221684686,7.559770168682553e-06,0.6018118084550701,2.443965930323474e-06,0.19371167004210277,1e-08,5.74519866830645e-06,0.1862126826784143,0.00239691440571132,0.0015913210311905661,8.783826723935468e-06,0.5373383052652483,4.2278167640927076e-06,-0.39479821538965965,1e-08,6.443284181853273e-06,0.0873313088341584,0.0025383625000880536,0.0017743120328552785
20,5,1,2L2A_COUPLED_FREEC,legacy_price_return_abs_time,75.54300801113794,0.047617076210108585,14.24113751527213,0.013888124321818362,0.9925753717382167,8.735849538113746e-06,0.5402259019446114,3.883502116837529e-06,-0.30618474246420524,1e-08,5.8638640148784435e-06,0.1752636679660411,0.002421541660776961,0.001678515661460716,7.4951037693692005e-06,0.6055272517734613,2.4130320167659335e-06,0.18839606402893727,1e-08,5.619424060958472e-06,0.20964347460667743,0.0023705324425028385,0.0015574207234119012,8.368333516320843e-06,0.5595685367626123,3.77029930558866e-06,-0.2681098862110718,1e-08,5.734195942448875e-06,0.1935011254115293,0.0023946181203792966,0.0016517548644464878
30,5,1,2L2A_COUPLED_FREEC,legacy_price_return_abs_time,75.54300801113794,0.047617076210108585,14.24113751527213,0.013888124321818362,0.9925753717382167,9.03570350687448e-06,0.5254746542885173,3.821366807705313e-06,-0.307512832993426,1e-08,6.056376276370208e-06,0.1536531241966249,0.002460970596405046,0.0017278675326354031,7.49665284644575e-06,0.606300518721961,2.391470643572111e-06,0.1817381807230285,1e-08,5.684961801019601e-06,0.2055563525458275,0.0023843157930567003,0.0015658102077746531,8.289583040193966e-06,0.5646584402687252,3.5847978334328716e-06,-0.22656876629833422,1e-08,5.626391318479438e-06,0.2137412708286579,0.0023720015426806616,0.0016313328345979432
40,5,1,2L2A_COUPLED_FREEC,legacy_price_return_abs_time,75.54300801113794,0.047617076210108585,14.24113751527213,0.013888124321818362,0.9925753717382167,9.356241585320437e-06,0.5089629082781592,3.824183590340049e-06,-0.3194848960023944,1e-08,5.9686978372338105e-06,0.1650671607000056,0.0024430918601710027,0.0017326024729021052,7.48922075308153e-06,0.6069484584893753,2.3923996455908983e-06,0.17453356435798817,1e-08,5.63602143712104e-06,0.21160368489486847,0.0023740306310410233,0.0015526568675492387,8.263436799807414e-06,0.5663158185044128,3.5174774312859793e-06,-0.2136599179848595,1e-08,5.464819785284439e-06,0.23555227220131336,0.0023376954004498615,0.001602872604936348
50,5,1,2L2A_COUPLED_FREEC,legacy_price_return_abs_time,75.54300801113794,0.047617076210108585,14.24113751527213,0.013888124321818362,0.9925753717382167,9.664726274294258e-06,0.4927117304669113,3.6968621056649837e-06,-0.3173197723967438,1e-08,6.548997945497629e-06,0.08262064240698586,0.0025591010033794346,0.0018292244683117064,7.482593566112817e-06,0.6072488931353646,2.3857584174531198e-06,0.1498717978533748,1e-08,5.490205239759352e-06,0.23093563353965507,0.0023431186994600493,0.001525202542144569,8.23401482217573e-06,0.5678078186693036,3.443484038597135e-06,-0.22703240757221654,1e-08,5.417090741831819e-06,0.24117746468660317,0.00232746444480508,0.0015837948393361441
60,5,1,2L2A_COUPLED_FREEC,legacy_price_return_abs_time,75.54300801113794,0.047617076210108585,14.24113751527213,0.013888124321818362,0.9925753717382167,9.922687650434491e-06,0.4761263404954754,3.7709031773687763e-06,-0.359015258843282,1e-08,6.6634133675487845e-06,0.0671825394225557,0.002581358821928634,0.0018687137001226692,7.376455238345873e-06,0.6105560573889108,2.3855996737916248e-06,0.14024142077373858,1e-08,5.512694111477882e-06,0.228272802787155,0.0023479127137689512,0.0015237997697215794,8.088953073666943e-06,0.5729393489397281,3.4196302130390313e-06,-0.2324181822043796,1e-08,5.41183276918309e-06,0.24239247629383864,0.002326334621068751,0.00157629652585146
70,5,1,2L2A_COUPLED_FREEC,legacy_price_return_abs_time,75.54300801113794,0.047617076210108585,14.24113751527213,0.013888124321818362,0.9925753717382167,9.815241187040788e-06,0.475889292869238,3.8009486594347192e-06,-0.39358030523397747,1e-08,6.977823948824926e-06,0.020014844679498656,0.002641557106864231,0.0019150226849397934,7.260906642777093e-06,0.6122847271465083,2.3893834587071995e-06,0.12395614146458722,1e-08,5.486497587449973e-06,0.22946089929538005,0.0023423273869060176,0.0015137651306761915,7.826932855127059e-06,0.5820602637068352,3.377718762658693e-06,-0.23840724145968384,1e-08,5.385321982527162e-06,0.24367028486201137,0.0023206296521692473,0.0015595529410251017
80,5,1,2L2A_COUPLED_FREEC,legacy_price_return_abs_time,75.54300801113794,0.047617076210108585,14.24113751527213,0.013888124321818362,0.9925753717382167,9.902973664001922e-06,0.4714064999150228,3.80364041482691e-06,-0.3933289870935428,1e-08,7.042011998092649e-06,0.020439607798909187,0.0026536789553547446,0.0019352888564150303,7.231205545371768e-06,0.6140181344764588,2.372089519291163e-06,0.13106899529051097,1e-08,5.472405711842625e-06,0.238775525115837,0.0023393173602234106,0.0014997774441517944,7.826365758384654e-06,0.5822501190518203,3.317707317209996e-06,-0.2153246026468567,1e-08,5.343532072849759e-06,0.2567021506868282,0.002311608114030092,0.0015413859865800823
90,5,1,2L2A_COUPLED_FREEC,legacy_price_return_abs_time,75.54300801113794,0.047617076210108585,14.24113751527213,0.013888124321818362,0.9925753717382167,1.0103231244121963e-05,0.46182092729069346,3.972525730935445e-06,-0.4715256165282611,1e-08,7.400053525349868e-06,-0.0205694815123052,0.0027203039398842675,0.001987363403739305,7.231516075588019e-06,0.6147914937504104,2.3746589820642415e-06,0.12036528916236733,1e-08,5.518775584766431e-06,0.23888470295063768,0.0023492074375768587,0.0015046314148836684,7.826121845880188e-06,0.5831180247036022,3.306101237434075e-06,-0.2246648583883224,1e-08,5.37270864210184e-06,0.2590293496657764,0.0023179104042438396,0.0015397876191731177
100,5,1,2L2A_COUPLED_FREEC,legacy_price_return_abs_time,75.54300801113794,0.047617076210108585,14.24113751527213,0.013888124321818362,0.9925753717382167,1.0274920047914521e-05,0.45250457971953206,4.1961934756696125e-06,-0.5686847428194934,1e-08,7.2582649005022674e-06,0.008273672296227996,0.0026941167199106774,0.0019807659821131926,7.199810408613919e-06,0.6163606911565374,2.377098160937457e-06,0.11135708139581957,1e-08,5.567577619810395e-06,0.23927916894874068,0.0023595714907182607,0.001509333982438631,7.811727939405304e-06,0.58375488555072,3.2674719532425507e-06,-0.22149596541762628,1e-08,5.405082975454097e-06,0.261481474751585,0.0023248834326593873,0.0015419217419229195
110,5,1,2L2A_COUPLED_FREEC,legacy_price_return_abs_time,75.54300801113794,0.047617076210108585,14.24113751527213,0.013888124321818362,0.9925753717382167,1.0404625363622354e-05,0.4470087256735431,4.295437115711342e-06,-0.6082963584118779,1e-08,7.220445149740972e-06,0.022728879841693916,0.00268708860102174,0.001983109452972467,7.209945401464827e-06,0.6168014939470986,2.381169735605861e-06,0.10844309638990524,1e-08,5.6155250437972886e-06,0.23995123070415247,0.002369709907097763,0.0015145919039661632,7.814998508691613e-06,0.5846437682138546,3.2415783846811974e-06,-0.2137108683352389,1e-08,5.439684212100846e-06,0.26375089443648003,0.002332313060483272,0.0015428331679946737
120,5,1,2L2A_COUPLED_FREEC,legacy_price_return_abs_time,75.54300801113794,0.047617076210108585,14.24113751527213,0.013888124321818362,0.9925753717382167,1.0545715451690467e-05,0.4410056699039583,4.3093254018167605e-06,-0.6408046543009867,1e-08,7.041226718890347e-06,0.05669073087936349,0.0026535309907537064,0.0019622064325796195,7.227359480474721e-06,0.6169010068915118,2.370904461830379e-06,0.0972621667803959,1e-08,5.6639525351728335e-06,0.24120339543194502,0.0023799059929276267,0.0015190461810861713,7.831974085637797e-06,0.584852338621666,3.2275949689416823e-06,-0.22892851048224205,1e-08,5.459953937709125e-06,0.2685329752846801,0.002336654432668452,0.0015395847610383772
130,5,1,2L2A_COUPLED_FREEC,legacy_price_return_abs_time,75.54300801113794,0.047617076210108585,14.24113751527213,0.013888124321818362,0.9925753717382167,1.089652982334823e-05,0.4238684285443345,4.179692280651896e-06,-0.5944467722437043,1e-08,7.2807344070243e-06,0.035011703161155094,0.0026982836038904993,0.002011043828293717,7.241762275788285e-06,0.6171067351076871,2.3762380893216042e-06,0.09352533698714005,1e-08,5.724407039771254e-06,0.24128728080072093,0.0023925733091738808,0.0015294286061144843,7.84505330704138e-06,0.5852089643939138,3.2289925803197872e-06,-0.23177890896952902,1e-08,5.507037537614141e-06,0.27009742740748766,0.002346707808316609,0.0015456519165815076
140,5,1,2L2A_COUPLED_FREEC,legacy_price_return_abs_time,75.54300801113794,0.047617076210108585,14.24113751527213,0.013888124321818362,0.9925753717382167,1.1231815096691507e-05,0.4074710760020116,4.17640859588937e-06,-0.6284685254778959,1e-08,7.4505070862266175e-06,0.021327983233449976,0.002729561702220087,0.002034401817678728,7.2484162959570755e-06,0.6176133357289639,2.366260929993191e-06,0.0773456765330246,1e-08,5.767004916857269e-06,0.24246681905489254,0.0024014589142555133,0.001530509012948549,7.8549991403124e-06,0.5856133538037476,3.2278182333110146e-06,-0.258593425002589,1e-08,5.537145590916702e-06,0.2726603196431574,0.0023531140199566833,0.0015437075385738663
150,5,1,2L2A_COUPLED_FREEC,legacy_price_return_abs_time,75.54300801113794,0.047617076210108585,14.24113751527213,0.013888124321818362,0.9925753717382167,1.155177530710059e-05,0.3921624651791976,4.228462634124932e-06,-0.6491950489180691,1e-08,7.613452326767645e-06,0.00960287938615867,0.0027592485076135577,0.002059074211938968,7.263333624894629e-06,0.6178139993405821,2.3649319557673504e-06,0.07762361644073479,1e-08,5.8245642790439185e-06,0.24231065708341382,0.002413413408234055,0.0015375833327313257,7.871865834275307e-06,0.5857939237958607,3.2127073544007363e-06,-0.25302775995721816,1e-08,5.576274467610334e-06,0.2746094755126056,0.0023614136587244376,0.0015467681510556949
160,5,1,2L2A_COUPLED_FREEC,legacy_price_return_abs_time,75.54300801113794,0.047617076210108585,14.24113751527213,0.013888124321818362,0.9925753717382167,1.179223714801506e-05,0.38089173391541753,4.23753116605179e-06,-0.6551973268627651,1e-08,7.609009717350798e-06,0.021348898293731988,0.0027584433503972487,0.0020908556242504165,7.278807190045194e-06,0.6178528601460995,2.3594986855863147e-06,0.07836998382304183,1e-08,5.89502612144903e-06,0.24179702449480456,0.0024279674877248727,0.0015512630299245036,7.889270175887242e-06,0.5858027346330533,3.1840524116451024e-06,-0.2437041366367858,1e-08,5.631696102681039e-06,0.27566584876400946,0.002373119487653548,0.001553900467175433
170,5,1,2L2A_COUPLED_FREEC,legacy_price_return_abs_time,75.54300801113794,0.047617076210108585,14.24113751527213,0.013888124321818362,0.9925753717382167,1.1998197842853373e-05,0.3715649192392899,4.200336459178067e-06,-0.643692584425199,1e-08,7.779642424668417e-06,0.00944656603033256,0.002789201036976076,0.0021029873776920727,7.297311854330249e-06,0.6177853687215483,2.351716752523739e-06,0.07971672641953254,1e-08,5.958527110319906e-06,0.2413225225090848,0.0024410094449468863,0.0015607581279014728,7.908937189610163e-06,0.5857499895749314,3.151333558125331e-06,-0.23319254323604466,1e-08,5.6735999323120685e-06,0.2776012586258002,0.0023819319747448854,0.0015554732013607988
180,5,1,2L2A_COUPLED_FREEC,legacy_price_return_abs_time,75.54300801113794,0.047617076210108585,14.24113751527213,0.013888124321818362,0.9925753717382167,1.2069009636738077e-05,0.36946649851931246,4.024857004400325e-06,-0.5719826260836023,1e-08,7.85045369600269e-06,0.007615944729981505,0.0028018661095781665,0.0021281579339881397,7.308027678976594e-06,0.6181993038338232,2.3137719130741783e-06,0.09631342328527148,1e-08,5.9693814644831125e-06,0.24540425119712694,0.0024432317664280466,0.0015555789525917775,7.918383133847701e-06,0.586311885255895,3.0625331731307394e-06,-0.19612918786999112,1e-08,5.711427140538705e-06,0.2780125268437602,0.0023898592302766925,0.0015562412145052286
190,5,1,2L2A_COUPLED_FREEC,legacy_price_return_abs_time,75.54300801113794,0.047617076210108585,14.24113751527213,0.013888124321818362,0.9925753717382167,1.2242711677110092e-05,0.36167370801217846,4.0462676513981e-06,-0.5770899535454126,1e-08,7.941740294005465e-06,0.0062595204462980725,0.0028181093474181347,0.0021376974383734643,7.3202531449517875e-06,0.618327199915545,2.302342443029568e-06,0.10262952198218511,1e-08,6.001292167857324e-06,0.24906547733247886,0.002449753491243012,0.0015546421766391683,7.920092212298715e-06,0.5870520169538418,3.018232240564609e-06,-0.17639863552194424,1e-08,5.720171609164434e-06,0.2842417571484711,0.0023916880250493444,0.0015494441681445628
200,5,1,2L2A_COUPLED_FREEC,legacy_price_return_abs_time,75.54300801113794,0.047617076210108585,14.24113751527213,0.013888124321818362,0.9925753717382167,1.2299930190178634e-05,0.3571989783547247,3.917341783818982e-06,-0.5243329122436091,1e-08,8.159414357717535e-06,-0.008523622958427568,0.0028564688616747663,0.0021707400815007215,7.272302947732182e-06,0.6199455043859641,2.2901875383899625e-06,0.10883235810620517,1e-08,6.072216892935214e-06,0.24945910187045928,0.0024641868624224127,0.0015638191049876344,7.848300828375526e-06,0.5898435427960764,2.963158745443913e-06,-0.15303709738577131,1e-08,5.765848585650423e-06,0.28732697592078893,0.002401218146202136,0.001550223654537104
210,5,1,2L2A_COUPLED_FREEC,legacy_price_return_abs_time,75.54300801113794,0.047617076210108585,14.24113751527213,0.013888124321818362,0.9925753717382167,1.2415824299435345e-05,0.35183123737151534,3.781618989186424e-06,-0.4675684345607334,1e-08,7.620757473005617e-06,-0.039412194774817166,0.0027605719467178567,0.0021557611856619606,7.265018562861866e-06,0.6207293226131345,2.296564683719767e-06,0.10875055171034476,1e-08,5.284999155511353e-06,0.27916711808877936,0.002298912602843212,0.0015189263627457498,7.852739074364365e-06,0.5900473423011805,2.9450338775827143e-06,-0.14290698502712784,1e-08,4.985520648334185e-06,0.3200136630071202,0.0022328279486637983,0.0015021282898921215
220,5,1,2L2A_COUPLED_FREEC,legacy_price_return_abs_time,75.54300801113794,0.047617076210108585,14.24113751527213,0.013888124321818362,0.9925753717382167,1.2461137859224822e-05,0.3499866961305286,3.670922411499814e-06,-0.42073451054275113,1e-08,7.409466607819461e-06,-0.06751909311290905,0.002722033542743267,0.002151311492577968,7.257887972903573e-06,0.6214050599810128,2.3001955664756524e-06,0.10976946501187101,1e-08,5.028775220969165e-06,0.27547908000660803,0.002242493081587804,0.0014869097195012741,7.844110437095046e-06,0.5908257978737796,2.915181668728888e-06,-0.12824482159855277,1e-08,4.772030312232348e-06,0.31246960937168244,0.0021844977253896026,0.0014792160646645229
230,5,1,2L2A_COUPLED_FREEC,legacy_price_return_abs_time,75.54300801113794,0.047617076210108585,14.24113751527213,0.013888124321818362,0.9925753717382167,1.2559969692651853e-05,0.3452485604880785,3.718813350057128e-06,-0.435182515813628,1e-08,7.6049877272916225e-06,-0.09271731154659024,0.002757714221468864,0.0021891645365209817,7.25167443778696e-06,0.6219700848648835,2.304417748109546e-06,0.1106679066948526,1e-08,5.024411432398477e-06,0.2780709779699181,0.0022415198933755814,0.001478522612811066,7.847373829356166e-06,0.590916265174976,2.9043996493328128e-06,-0.12088002362195782,1e-08,4.649619444066597e-06,0.33192270115015576,0.0021562976241851673,0.0014566514535014007
240,5,1,2L2A_COUPLED_FREEC,legacy_price_return_abs_time,75.54300801113794,0.047617076210108585,14.24113751527213,0.013888124321818362,0.9925753717382167,1.2638332944807275e-05,0.34265242197805157,3.6500459980508906e-06,-0.4046539471093007,1e-08,7.78628262059909e-06,-0.14462720516319516,0.002790391123229697,0.0022146027890192653,7.267051957592515e-06,0.6220245957639673,2.3113220352708246e-06,0.11052966959387878,1e-08,5.0366849118708706e-06,0.25957907580821793,0.0022442559818057453,0.0014747527949013535,7.86555864227154e-06,0.5908949427217636,2.903051567998775e-06,-0.1171867000659288,1e-08,4.65015725966362e-06,0.31640080805484894,0.002156422328687871,0.0014539380324886946
10,1,2,2L2A_COUPLED_FREEC,legacy_price_return_abs_time,76.7197507494648,0.05018389463221305,0.2589894912899296,0.09698715063931071,-1.7795326327825458,4.831039836624835e-06,0.7452833445266556,2.7134910233709535e-06,0.10479269843997563,1e-06,3.1382774672036832e-06,0.5537859188977129,0.0017715184072438206,0.0012975360874230449,4.871343901553371e-06,0.7431583120351519,1.6632277153453661e-06,0.45128486436469717,10.0,3.039479369491358e-06,0.5678334665878286,0.0017434102699856273,0.0011243605612930318,4.796780070051447e-06,0.747089691287184,2.7088948662111224e-06,0.10630901576447038,0.1,3.1384514256257053e-06,0.5537611847248286,0.0017715675052409675,0.0013049768678404725
20,1,2,2L2A_COUPLED_FREEC,legacy_price_return_abs_time,76.7197507494648,0.05018389463221305,0.2589894912899296,0.09698715063931071,-1.7795326327825458,4.730660518278043e-06,0.7508358786008398,2.484837237258361e-06,0.1642449548973517,1e-08,3.059937422929216e-06,0.5682823668977228,0.001749267681896975,0.0012260582985254263,4.857070626167526e-06,0.7441778520215576,1.6611319694217863e-06,0.4412916052572792,1e-08,3.004693503621586e-06,0.5760765701085689,0.00173340517583789,0.0011109166901682708,4.526972487871115e-06,0.7615641371473527,2.443840231795819e-06,0.17803396837302898,1e-08,2.8891092905822933e-06,0.5923840091115355,0.0016997380064534338,0.0012171015753488724
30,1,2,2L2A_COUPLED_FREEC,legacy_price_return_abs_time,76.7197507494648,0.05018389463221305,0.2589894912899296,0.09698715063931071,-1.7795326327825458,4.8618443056039835e-06,0.744502815300838,2.4506227975959956e-06,0.16149877310335636,100.0,3.233367151468504e-06,0.546993470978218,0.001798156598149478,0.0012457201115694063,4.8578824854477946e-06,0.7447110148713227,1.6308808660396595e-06,0.4419803780336995,1e-08,3.0293826389076264e-06,0.5755724450571237,0.0017405121771787828,0.00111411885165749,4.4650515410225685e-06,0.7653548681201137,2.310661169042297e-06,0.2093878229301409,1e-08,2.7905695068896414e-06,0.6090310357312925,0.0016704997775784471,0.0011861182179327757
40,1,2,2L2A_COUPLED_FREEC,legacy_price_return_abs_time,76.7197507494648,0.05018389463221305,0.2589894912899296,0.09698715063931071,-1.7795326327825458,4.988305665755086e-06,0.7379548459021448,2.422959211314238e-06,0.16398938297972077,100.0,3.313770894527541e-06,0.5377269370206518,0.001820376580416135,0.0012385400090044346,4.8553004550507224e-06,0.7449418617889442,1.6341187772041815e-06,0.43616853274476575,1e-08,3.0333462181318267e-06,0.576846350588596,0.0017416504293720444,0.00111139698843105,4.411908850902205e-06,0.768234063394077,2.2519381051373778e-06,0.22299799518861407,1e-08,2.763922946304902e-06,0.6144310615023862,0.0016625050214374999,0.0011701170520250674
50,1,2,2L2A_COUPLED_FREEC,legacy_price_return_abs_time,76.7197507494648,0.05018389463221305,0.2589894912899296,0.09698715063931071,-1.7795326327825458,5.146572566990186e-06,0.7299049756192767,2.3892370732867143e-06,0.14863223251932156,10.0,3.372879853809038e-06,0.5292471503538834,0.0018365401857321387,0.001220940484901355,4.848931532734298e-06,0.7455253445847652,1.6174572031828992e-06,0.42364408142426413,1e-08,3.025018742295737e-06,0.5777981265592823,0.0017392581011154546,0.001104240623651159,4.35880102704005e-06,0.7712476693284817,2.2135532343205794e-06,0.2112344579055524,1e-08,2.76751961976983e-06,0.6137372797353291,0.001663586372801193,0.0011631991418207448
60,1,2,2L2A_COUPLED_FREEC,legacy_price_return_abs_time,76.7197507494648,0.05018389463221305,0.2589894912899296,0.09698715063931071,-1.7795326327825458,5.40591091706498e-06,0.7165624400540108,2.4933045072848655e-06,0.1014251199344729,10.0,3.543855325927859e-06,0.5038736396273018,0.0018825130347298684,0.0012452518791766863,4.844544508014913e-06,0.7459954676524714,1.6052116849689379e-06,0.4214894758797513,1e-08,2.990074572833836e-06,0.5814008534124908,0.001729183209736272,0.0010967799310795355,4.346068023957341e-06,0.772131110747464,2.173640485234864e-06,0.21663048672203877,1e-08,2.7880989532216515e-06,0.6096766772896909,0.001669760148411038,0.0011677919985434708
70,1,2,2L2A_COUPLED_FREEC,legacy_price_return_abs_time,76.7197507494648,0.05018389463221305,0.2589894912899296,0.09698715063931071,-1.7795326327825458,5.363205134637672e-06,0.7166682428473046,2.395722032714502e-06,0.12163216587551451,1e-08,3.6639748755009116e-06,0.48762296053411613,0.0019141512154218412,0.001266545246735792,4.7455112745350755e-06,0.7493002758148677,1.607633841839259e-06,0.41057692151305825,0.1,2.9959717138675824e-06,0.5810377611104282,0.001730887550902017,0.0010929360185838672,4.172520855496974e-06,0.7795706790871998,2.1463164424269214e-06,0.21307426356796733,1e-08,2.8269191875135576e-06,0.6046783798129955,0.0016813444583170807,0.0011737368003282651
80,1,2,2L2A_COUPLED_FREEC,legacy_price_return_abs_time,76.7197507494648,0.05018389463221305,0.2589894912899296,0.09698715063931071,-1.7795326327825458,5.298477606578438e-06,0.7169982695061677,2.2386236489225886e-06,0.17995949115529053,1e-08,3.80399385415629e-06,0.4692126594996042,0.0019503830019143137,0.0012850422971186328,4.645491449500793e-06,0.7518754976767754,1.5967132557516983e-06,0.41510063500138017,10.0,3.0025012069848117e-06,0.5810483161629161,0.0017327726933977267,0.0010880976619945923,4.052374824258147e-06,0.7835549806890143,2.0337281792175273e-06,0.2550156915656545,0.001,2.843287037525812e-06,0.6032641421650496,0.0016862049215696803,0.0011714350774766032
90,1,2,2L2A_COUPLED_FREEC,legacy_price_return_abs_time,76.7197507494648,0.05018389463221305,0.2589894912899296,0.09698715063931071,-1.7795326327825458,5.410794851263635e-06,0.7114739455320179,2.23414020068378e-06,0.1724170568310922,1e-08,3.903978698275132e-06,0.459555027390962,0.0019758488551190174,0.0013134083422455002,4.643502833858487e-06,0.7523891427428278,1.593547199835979e-06,0.40970916627559806,10.0,3.029854240260507e-06,0.5805639276130172,0.0017406476496581687,0.0010928339342419992,4.050174617091865e-06,0.7840278675686667,2.0297070830269926e-06,0.2481443371243428,0.001,2.860596710522103e-06,0.6039949932240465,0.0016913298644918747,0.0011712601181477743
100,1,2,2L2A_COUPLED_FREEC,legacy_price_return_abs_time,76.7197507494648,0.05018389463221305,0.2589894912899296,0.09698715063931071,-1.7795326327825458,5.4556574267453116e-06,0.7091069674391117,2.2059183753279866e-06,0.17535010734223078,1e-05,4.009421405592952e-06,0.44987433210301153,0.0020023539661091273,0.0013327448413146597,4.622692613768808e-06,0.7535202510289869,1.596627234181352e-06,0.40312457069661267,10.0,3.040309258311281e-06,0.5828445074372177,0.0017436482610639341,0.0010906483454126443,4.043101234126101e-06,0.7844237848989641,2.0333074154600287e-06,0.23987815657501432,0.001,2.8691068915529964e-06,0.6063348834368734,0.0016938438214761703,0.0011685599844464883
110,1,2,2L2A_COUPLED_FREEC,legacy_price_return_abs_time,76.7197507494648,0.05018389463221305,0.2589894912899296,0.09698715063931071,-1.7795326327825458,5.516285891657958e-06,0.7065044607254152,2.1781058595864256e-06,0.18447421581486623,1e-06,4.14272303556587e-06,0.4369045304078364,0.002035368034426666,0.001380083128584859,4.619535825547368e-06,0.7542162997085363,1.5972266425855602e-06,0.4019668490936852,10.0,3.05279540327301e-06,0.5850518496127253,0.0017472250579913882,0.0010894816271076503,4.047703465089755e-06,0.7846408009587287,2.0336907022959953e-06,0.2385460984458878,0.001,2.86282686504519e-06,0.6108731324556222,0.0016919890262780046,0.0011618851960209253
120,1,2,2L2A_COUPLED_FREEC,legacy_price_return_abs_time,76.7197507494648,0.05018389463221305,0.2589894912899296,0.09698715063931071,-1.7795326327825458,5.640728156577424e-06,0.7006815025528346,2.177494589054146e-06,0.170904277748673,10.0,4.282081890263088e-06,0.42388356761800006,0.0020693191852063537,0.0014150995202675866,4.629165643861035e-06,0.7543588582018725,1.5748788820000608e-06,0.4003542646241981,10.0,3.0759588367507427e-06,0.5861568095621246,0.0017538411663405391,0.0010912963622753194,4.0586878441829804e-06,0.7846305807679548,2.012761219350342e-06,0.23362761714066527,0.001,2.869717406166916e-06,0.6139047789476456,0.0016940240276238456,0.0011602926962530383
130,1,2,2L2A_COUPLED_FREEC,legacy_price_return_abs_time,76.7197507494648,0.05018389463221305,0.2589894912899296,0.09698715063931071,-1.7795326327825458,5.804466416999244e-06,0.692772509583472,2.186231274755848e-06,0.166008125634305,1e-08,4.437181493251589e-06,0.4092240501205836,0.002106461842344074,0.001446942746582302,4.637411982997052e-06,0.7545441142718727,1.5740134883337074e-06,0.39955370935816714,10.0,3.1027370890965653e-06,0.5868948669724414,0.0017614587957419173,0.0010948972795477216,4.067951445418469e-06,0.7846853743434508,2.012054450533985e-06,0.23245217379205463,0.001,2.8880274362153896e-06,0.6154817749729531,0.0016994197351494391,0.0011606424511482207
140,1,2,2L2A_COUPLED_FREEC,legacy_price_return_abs_time,76.7197507494648,0.05018389463221305,0.2589894912899296,0.09698715063931071,-1.7795326327825458,5.943826614498395e-06,0.686196079254294,2.317046663384817e-06,0.0965353420880416,1e-08,4.560989164048687e-06,0.39854853295432946,0.0021356472471006738,0.0014657555313361047,4.646303830165823e-06,0.754698706162567,1.569401398562847e-06,0.3880577719536217,10.0,3.1159488969541835e-06,0.5891040368864101,0.00176520505804685,0.0010927924027042523,4.083426458828497e-06,0.7844157785942963,2.0160674232356612e-06,0.2138934042009223,0.001,2.8940724942392956e-06,0.618362577767754,0.00170119737074782,0.0011553672812752104
150,1,2,2L2A_COUPLED_FREEC,legacy_price_return_abs_time,76.7197507494648,0.05018389463221305,0.2589894912899296,0.09698715063931071,-1.7795326327825458,6.154656728124319e-06,0.6758028225595778,2.414325401198191e-06,0.05835906743038155,100.0,4.658316510334301e-06,0.391237916516347,0.0021583133485048693,0.0014557934514395643,4.6480173047012614e-06,0.755165209459599,1.562829742316316e-06,0.39046142857465327,1.0,3.146927420295489e-06,0.5887505521144938,0.0017739581224751303,0.001096062934899092,4.090872045715375e-06,0.784512893394944,1.9943381267805524e-06,0.22216350263771867,0.001,2.911986190500748e-06,0.6194533418946142,0.0017064542743656357,0.0011544481172461735
160,1,2,2L2A_COUPLED_FREEC,legacy_price_return_abs_time,76.7197507494648,0.05018389463221305,0.2589894912899296,0.09698715063931071,-1.7795326327825458,6.21446601367147e-06,0.6734630570849987,2.44323274593184e-06,0.0456631110189859,100.0,4.7945625046335766e-06,0.38069576053151355,0.00218964894552382,0.001468928500479127,4.659631816067259e-06,0.7551612761288301,1.5561447952294616e-06,0.39216336013993813,1.0,3.1835938485111285e-06,0.588781423701678,0.0017842628305580791,0.0011040141011942864,4.076170980982895e-06,0.7858190216181361,1.9771699112395144e-06,0.22770919585087068,0.0001,2.9478147074318297e-06,0.6192365531337236,0.0017169201226125313,0.0011682276437557544
170,1,2,2L2A_COUPLED_FREEC,legacy_price_return_abs_time,76.7197507494648,0.05018389463221305,0.2589894912899296,0.09698715063931071,-1.7795326327825458,6.298692315975392e-06,0.6697482959011503,2.4816963387661912e-06,0.028852591103291414,100.0,4.892333033377634e-06,0.3741456398942633,0.0022118618929258746,0.0014694003813353373,4.671230388653804e-06,0.7550790356629196,1.549423479644081e-06,0.3936733620326158,10.0,3.2163083952365234e-06,0.5885520019037334,0.0017934069240516841,0.001109877952744345,4.0870293266594065e-06,0.7857097422574726,1.964074390417664e-06,0.23141049719129259,0.0001,2.962226840747601e-06,0.6210555227422463,0.001721112094184339,0.0011666721622114477
180,1,2,2L2A_COUPLED_FREEC,legacy_price_return_abs_time,76.7197507494648,0.05018389463221305,0.2589894912899296,0.09698715063931071,-1.7795326327825458,6.447064471302777e-06,0.6628871090548029,2.4988209334684695e-06,0.024039092864194256,100.0,5.038881241584718e-06,0.36062302362105747,0.0022447452509326573,0.0014934618917972395,4.683113236736773e-06,0.7551229945214069,1.5443446083928621e-06,0.3968275418417826,10.0,3.2288560217278213e-06,0.5902947298503888,0.001796901784107251,0.0011103974708812775,4.097511608731418e-06,0.7857437303055501,1.929501121099902e-06,0.24639751522556386,0.0001,2.96531874342765e-06,0.6237346265425574,0.0017220100880737169,0.0011643782293798374
190,1,2,2L2A_COUPLED_FREEC,legacy_price_return_abs_time,76.7197507494648,0.05018389463221305,0.2589894912899296,0.09698715063931071,-1.7795326327825458,6.561135858024619e-06,0.6576919811881419,2.4867566187955965e-06,0.030751492907299727,100.0,5.081475628125903e-06,0.36077942967342846,0.0022542128622039894,0.0014910624381473411,4.689584033504181e-06,0.7553347081516087,1.543586209669575e-06,0.398365478156151,10.0,3.2507523927979677e-06,0.5910739417870333,0.0018029843018723063,0.0011112377853146835,4.095586419451704e-06,0.7863247914001655,1.9084392253736543e-06,0.2561588632801354,0.0001,2.9598117855355458e-06,0.6276726061348605,0.0017204103538213044,0.0011542627343131895
200,1,2,2L2A_COUPLED_FREEC,legacy_price_return_abs_time,76.7197507494648,0.05018389463221305,0.2589894912899296,0.09698715063931071,-1.7795326327825458,6.59521169361397e-06,0.6552636345875389,2.3960372650226725e-06,0.06764365644001313,100.0,5.145111835148083e-06,0.3610552258870958,0.002268283896505921,0.001500328391808305,4.66683669648999e-06,0.7560611553562023,1.5427820887750327e-06,0.39966598675312437,10.0,3.292221105296857e-06,0.5911561229663548,0.0018144478789143702,0.0011189015552912857,4.045201058599433e-06,0.7885544884549337,1.8759749576595287e-06,0.27001254209750847,0.0001,2.988820021642181e-06,0.6288339311603466,0.001728820413357669,0.0011549938792020124
210,1,2,2L2A_COUPLED_FREEC,legacy_price_return_abs_time,76.7197507494648,0.05018389463221305,0.2589894912899296,0.09698715063931071,-1.7795326327825458,6.662300219584988e-06,0.6518480510553968,2.4308237605529455e-06,0.05664736950794447,100.0,5.185207924575248e-06,0.36257377432008087,0.0022771051632665645,0.0014995475717616748,4.65663116125238e-06,0.7566583370799858,1.547264719587996e-06,0.39953843344082407,10.0,3.300234201308182e-06,0.5942967261101724,0.0018166546731033341,0.0011144685270079815,4.034575368174161e-06,0.7891651184579576,1.8694343631080959e-06,0.27451103095639195,0.0001,3.000340361512511e-06,0.631163174126579,0.0017321490586876497,0.0011522367761930235
220,1,2,2L2A_COUPLED_FREEC,legacy_price_return_abs_time,76.7197507494648,0.05018389463221305,0.2589894912899296,0.09698715063931071,-1.7795326327825458,6.698659481759135e-06,0.6503485310122459,2.451467173348774e-06,0.051223745909599994,100.0,4.7407012705616505e-06,0.3186261721358491,0.0021773151518697633,0.0014857023389976784,4.6476519430089026e-06,0.757405443037971,1.5505954867206537e-06,0.39988257093785795,10.0,2.7009026824259653e-06,0.611803339973982,0.0016434423270763002,0.0010612215042506271,4.026524375829189e-06,0.789826581458959,1.8640953620081353e-06,0.27855064344288316,0.0001,2.5746956753066303e-06,0.629942882340462,0.00160458582671873,0.001110330621101453
230,1,2,2L2A_COUPLED_FREEC,legacy_price_return_abs_time,76.7197507494648,0.05018389463221305,0.2589894912899296,0.09698715063931071,-1.7795326327825458,6.712114291140288e-06,0.650134463568684,2.407442194858589e-06,0.07090821166382144,100.0,4.77628196100122e-06,0.31566469544543785,0.002185470649768882,0.0014907061314021453,4.644634803826533e-06,0.7579007781030697,1.5548684309976925e-06,0.39993762082085227,10.0,2.7135694125730726e-06,0.611205668855892,0.0016472915384269636,0.0010600904837613958,4.022227435912e-06,0.7903434449303693,1.8658722685852754e-06,0.2799135088148589,0.0001,2.4803341101800843e-06,0.6446231163598755,0.0015749076513180333,0.0010838157135359147
240,1,2,2L2A_COUPLED_FREEC,legacy_price_return_abs_time,76.7197507494648,0.05018389463221305,0.2589894912899296,0.09698715063931071,-1.7795326327825458,6.702979872907065e-06,0.6510589592998957,2.3722184574991123e-06,0.08709478688459893,100.0,4.87723299146854e-06,0.28904339507173527,0.0022084458316808542,0.001520080983842797,4.649574026773422e-06,0.7579543381485868,1.5595290055400298e-06,0.3998435706199276,10.0,2.7119336884817145e-06,0.6046801185577557,0.0016467949746345823,0.0010551757568010138,4.025640792608306e-06,0.7904348044762493,1.8705303896456605e-06,0.28016033321039746,0.0001,2.4899232463135397e-06,0.6370426877642316,0.0015779490632823164,0.0010812203118413437
10,3,2,2L2A_COUPLED_FREEC,legacy_price_return_abs_time,22.320320809113543,0.01447935433188695,0.14433041674433894,0.07585664847488638,1.1902764687007124,7.161371350131138e-06,0.6225976259511671,3.4338521706815424e-06,-0.1328615091024079,1e-08,5.207123574702755e-06,0.26104402286234196,0.0022819122627092295,0.0015792049275564746,6.734568601709362e-06,0.6450900177892185,2.16436807491044e-06,0.28595374473867874,1e-08,4.757250207690012e-06,0.32488668162391876,0.0021811121492692695,0.001436695408294485,7.128212707872839e-06,0.624345077618827,3.423893855910723e-06,-0.12957616339192324,10.0,5.231569326406813e-06,0.2575748648755608,0.002287262408733815,0.0015851268375754693
20,3,2,2L2A_COUPLED_FREEC,legacy_price_return_abs_time,22.320320809113543,0.01447935433188695,0.14433041674433894,0.07585664847488638,1.1902764687007124,6.851943445378655e-06,0.6392997946165666,3.1752528760503346e-06,-0.06797079939278117,1e-08,4.709237016427768e-06,0.3365685283344897,0.002170077652165417,0.0014698990097565014,6.704246473913076e-06,0.6470748628679073,2.1492839194033454e-06,0.27710561799965006,1e-08,4.6507230957013245e-06,0.3448118969322145,0.002156553522568203,0.0014023970284937333,6.829146460840922e-06,0.6404998741371337,3.1434900726935748e-06,-0.05728763562093375,1.0,4.714832106989053e-06,0.335780298913837,0.002171366414723469,0.001473817843975315
30,3,2,2L2A_COUPLED_FREEC,legacy_price_return_abs_time,22.320320809113543,0.01447935433188695,0.14433041674433894,0.07585664847488638,1.1902764687007124,6.796928091500486e-06,0.6429710856554793,3.063192416523128e-06,-0.04809708046247163,100.0,4.6473209486575505e-06,0.34970884698250393,0.002155764585630247,0.0014656808695524025,6.711864620985252e-06,0.6474392980772656,2.126386647456932e-06,0.27243890226666523,1e-08,4.708102046704695e-06,0.3412038586747427,0.0021698161320039757,0.0014099160196106649,6.7336976422904105e-06,0.6462924535338919,3.016089465784223e-06,-0.03198040921311884,10.0,4.600954271192373e-06,0.356196851681024,0.002144983513035094,0.0014472751701216592
40,3,2,2L2A_COUPLED_FREEC,legacy_price_return_abs_time,22.320320809113543,0.01447935433188695,0.14433041674433894,0.07585664847488638,1.1902764687007124,6.849401625186141e-06,0.6403353255928133,3.0417990650473607e-06,-0.04953327375355032,100.0,4.600165364763659e-06,0.3552495318228843,0.0021447996094655693,0.0014375554380923643,6.7100099447217625e-06,0.6476548355460536,2.1250928816372827e-06,0.2667642926438941,1e-08,4.673720062407104e-06,0.34494024465997075,0.0021618788269482415,0.0013983480604784968,6.679473445599793e-06,0.6492583186844716,2.9385812307659016e-06,-0.013919300178512506,1e-08,4.472166686709782e-06,0.37318958420305115,0.002114749792932909,0.0014087363415830473
50,3,2,2L2A_COUPLED_FREEC,legacy_price_return_abs_time,22.320320809113543,0.01447935433188695,0.14433041674433894,0.07585664847488638,1.1902764687007124,6.910310297069889e-06,0.6371072232417335,3.026335100791033e-06,-0.07838781978404641,100.0,4.643380418488606e-06,0.3528163371249844,0.002154850439935126,0.0014292800408147197,6.705773967619115e-06,0.6478483843982459,2.1092352721409447e-06,0.24840655420440783,1e-08,4.617284805365826e-06,0.3564534835492842,0.0021487868217591587,0.0013837227679517124,6.6152582355458e-06,0.6526017896637548,2.867826629534285e-06,-0.02190577168197483,1e-08,4.4617412331998786e-06,0.37813278821495455,0.002112283416873758,0.0013977778672937026
60,3,2,2L2A_COUPLED_FREEC,legacy_price_return_abs_time,22.320320809113543,0.01447935433188695,0.14433041674433894,0.07585664847488638,1.1902764687007124,7.046071306669296e-06,0.6304356192180621,3.116724052436423e-06,-0.12325226759614027,100.0,4.751485047150843e-06,0.3336969250624511,0.0021797901383277343,0.0014422219861521424,6.7057967996219544e-06,0.64828291766561,2.1095969931534977e-06,0.23971145138072736,1e-08,4.576583365635553e-06,0.35822347350971306,0.0021392950627801563,0.001378043536178486,6.614836982332576e-06,0.6530537334989339,2.8613909585850286e-06,-0.03123145605309885,1e-08,4.446481130677733e-06,0.37646777362818307,0.002108668094005724,0.0013920281572769929
70,3,2,2L2A_COUPLED_FREEC,legacy_price_return_abs_time,22.320320809113543,0.01447935433188695,0.14433041674433894,0.07585664847488638,1.1902764687007124,6.8657154955762214e-06,0.635014142005619,2.9782272946125e-06,-0.09193763824726386,100.0,4.836591561018667e-06,0.31959497883698573,0.002199225218348195,0.0014547001767399746,6.532872721712331e-06,0.6527082782502999,2.111446907448775e-06,0.22585883435599774,1e-08,4.556051314550185e-06,0.35906099326621777,0.0021344908794722417,0.0013680918946399243,6.332004885845356e-06,0.663386541785196,2.8096370671917065e-06,-0.030125695587802648,1e-08,4.4700667643694825e-06,0.371157181035497,0.002114253240359225,0.0013935182787954577
80,3,2,2L2A_COUPLED_FREEC,legacy_price_return_abs_time,22.320320809113543,0.01447935433188695,0.14433041674433894,0.07585664847488638,1.1902764687007124,6.840046418618365e-06,0.634804518669413,2.829296928631688e-06,-0.03641275037210745,1.0,4.897401140800935e-06,0.31763226152204327,0.0022130072618048355,0.0014364120894065858,6.43852962777053e-06,0.656241817296051,2.0892535474703504e-06,0.23467593894231864,1e-08,4.551254653191615e-06,0.36586175899249795,0.002133366975743183,0.0013582744279291988,6.22179184774346e-06,0.6678136185756536,2.7136702344316694e-06,0.0059429949508946756,1e-08,4.473183702390127e-06,0.3767395892146149,0.0021149902369491276,0.00138713200550869
90,3,2,2L2A_COUPLED_FREEC,legacy_price_return_abs_time,22.320320809113543,0.01447935433188695,0.14433041674433894,0.07585664847488638,1.1902764687007124,6.902227085947389e-06,0.6321436874516876,2.7880421753545943e-06,-0.03276246873531785,1e-08,4.9569209965972745e-06,0.31508125007513876,0.0022264143811512884,0.0014576095277502809,6.438127120634292e-06,0.6568780376502572,2.0947083290434783e-06,0.22406620520070386,1e-08,4.588014012562018e-06,0.36605468913487504,0.002141964988640575,0.0013623921759137484,6.221541185906087e-06,0.6684210515654552,2.6773022149218026e-06,0.008258458399572177,1e-08,4.500722422924025e-06,0.37811613746032746,0.002121490613442356,0.001385525936345706
100,3,2,2L2A_COUPLED_FREEC,legacy_price_return_abs_time,22.320320809113543,0.01447935433188695,0.14433041674433894,0.07585664847488638,1.1902764687007124,6.912269157582831e-06,0.6315252514921489,2.7267699598999575e-06,-0.019362538470895085,10.0,5.0532600275193976e-06,0.30788357613196715,0.0022479457350032712,0.0014696063638028885,6.397180595242327e-06,0.6589832575594443,2.0987228128654492e-06,0.21542357971854997,1e-08,4.621960957267497e-06,0.3669561685761934,0.0021498746375701763,0.0013649614701778765,6.201359486022485e-06,0.6694219618875525,2.6669691939710843e-06,0.002993091617532362,1e-08,4.522537977897535e-06,0.3805735713136541,0.0021266259609761034,0.0013856429899139447
110,3,2,2L2A_COUPLED_FREEC,legacy_price_return_abs_time,22.320320809113543,0.01447935433188695,0.14433041674433894,0.07585664847488638,1.1902764687007124,6.949781531156786e-06,0.6304364326493429,2.7087468313464506e-06,-0.014208227791215444,10.0,5.193376234823089e-06,0.29559160521352956,0.0022788980308085503,0.0015090281776049413,6.403096634076601e-06,0.6595071048533441,2.1031057367162107e-06,0.2125557407547639,1e-08,4.6568919279207895e-06,0.36835815097603863,0.0021579833011218575,0.0013689449382060979,6.206706066798713e-06,0.6699504257421884,2.653929605062441e-06,0.00631642267761412,1e-08,4.5365193160185355e-06,0.38468500165898556,0.0021299106356883935,0.0013809252153932766
120,3,2,2L2A_COUPLED_FREEC,legacy_price_return_abs_time,22.320320809113543,0.01447935433188695,0.14433041674433894,0.07585664847488638,1.1902764687007124,7.0458840335604755e-06,0.626320001037117,2.68535871862272e-06,-0.02246840819361484,10.0,5.330924752560565e-06,0.28416061946929994,0.0023088795448356686,0.0015390903974777962,6.4178160152621e-06,0.6596297255952372,2.0878886599735437e-06,0.2050223384146027,1e-08,4.696035479020047e-06,0.36941388515430784,0.0021670337973875827,0.0013737609689668218,6.217646820254152e-06,0.6702457425814228,2.6386199097160407e-06,-0.004672292087313679,1e-08,4.554667166481697e-06,0.3883968965399994,0.0021341666210682093,0.0013790844348819191
130,3,2,2L2A_COUPLED_FREEC,legacy_price_return_abs_time,22.320320809113543,0.01447935433188695,0.14433041674433894,0.07585664847488638,1.1902764687007124,7.188370953892749e-06,0.6197345021879482,2.7256700439451014e-06,-0.039774105832451,1e-05,5.495094289652416e-06,0.2701461079043257,0.002344161745625164,0.0015660129649171675,6.431645224864342e-06,0.6597653642430492,2.093881389831345e-06,0.20123726836726852,1e-08,4.746140002825653e-06,0.3696215986655278,0.00217856374770757,0.0013827336797527863,6.227726616743894e-06,0.6705526777425105,2.647194267507163e-06,-0.009837584184672288,1e-08,4.5974256421932504e-06,0.3893737174094164,0.0021441608247035134,0.0013848578873325195
140,3,2,2L2A_COUPLED_FREEC,legacy_price_return_abs_time,22.320320809113543,0.01447935433188695,0.14433041674433894,0.07585664847488638,1.1902764687007124,7.299893028823551e-06,0.6148095639761798,2.8435332996727527e-06,-0.10875274134409563,1e-06,5.608070028853765e-06,0.26219778886748857,0.002368136404190807,0.0015810454079168046,6.446692899928423e-06,0.6598300222715336,2.091556179960483e-06,0.18445876878837542,1e-08,4.778801123624327e-06,0.37129707413921154,0.002186046917068416,0.0013846146787196455,6.242218458712576e-06,0.6706194405351533,2.651880220753164e-06,-0.034023222029662126,1e-05,4.628035613929595e-06,0.39113190605874604,0.0021512869668943737,0.0013861979220336875
150,3,2,2L2A_COUPLED_FREEC,legacy_price_return_abs_time,22.320320809113543,0.01447935433188695,0.14433041674433894,0.07585664847488638,1.1902764687007124,7.454565221451849e-06,0.6075385336191598,2.943582644493442e-06,-0.1480631008069373,100.0,5.649935065225603e-06,0.26316999979826594,0.0023769592056292433,0.0015749725942468295,6.450484345883468e-06,0.6604005102850206,2.0912649141207896e-06,0.1843598866144841,1e-08,4.819531106252922e-06,0.3714662089039771,0.0021953430497881014,0.0013881154063268158,6.249732853229084e-06,0.6709695002723316,2.6293020991307307e-06,-0.025486655363021082,0.0001,4.650397993510557e-06,0.39352351576810474,0.002156478145845804,0.0013851451713769558
160,3,2,2L2A_COUPLED_FREEC,legacy_price_return_abs_time,22.320320809113543,0.01447935433188695,0.14433041674433894,0.07585664847488638,1.1902764687007124,7.501588661201148e-06,0.605996600138452,2.95316978335758e-06,-0.15352042017892664,100.0,5.784421911203192e-06,0.2542228435130378,0.0024050825165060742,0.0015825169613097807,6.465153862547525e-06,0.660432913944408,2.0859029651449526e-06,0.18523761201740163,1e-08,4.877973992976579e-06,0.3710898634738893,0.0022086135906890956,0.001399570603661077,6.263728792693163e-06,0.671012294649516,2.60212553743803e-06,-0.016401075285005673,0.0001,4.69838679152322e-06,0.39424378179059083,0.0021675762481451998,0.0013929244096403664
170,3,2,2L2A_COUPLED_FREEC,legacy_price_return_abs_time,22.320320809113543,0.01447935433188695,0.14433041674433894,0.07585664847488638,1.1902764687007124,7.583066314641805e-06,0.6026025340185956,2.968148648438621e-06,-0.16150788640987113,100.0,5.859212120424229e-06,0.25222991018966534,0.0024205809468853196,0.0015832348359287591,6.482008023873936e-06,0.6603044921043513,2.07803380161988e-06,0.18681544130969807,1e-08,4.935752885927292e-06,0.3700845262239386,0.0022216554381648142,0.0014108610513593352,6.280366573078503e-06,0.6708716951668112,2.5741541898275067e-06,-0.007328387644090162,0.0001,4.738597774194269e-06,0.39524604838376354,0.0021768320500659367,0.0013959741743627685
180,3,2,2L2A_COUPLED_FREEC,legacy_price_return_abs_time,22.320320809113543,0.01447935433188695,0.14433041674433894,0.07585664847488638,1.1902764687007124,7.716569128038217e-06,0.5966400967913095,2.9660834398974077e-06,-0.1584589539293979,100.0,6.022775021446962e-06,0.23762605516757984,0.002454134271275099,0.0016106723313665415,6.4926259016730305e-06,0.6606179622296904,2.052814177968455e-06,0.19823531151132145,1e-08,4.948342281283284e-06,0.3736297285006902,0.0022244869703559257,0.001405777681986137,6.2907746900901026e-06,0.6711691131123815,2.5075262167575214e-06,0.02063908285872973,0.0001,4.7619172553395015e-06,0.3972277513287291,0.0021821817649635656,0.001393906783099674
190,3,2,2L2A_COUPLED_FREEC,legacy_price_return_abs_time,22.320320809113543,0.01447935433188695,0.14433041674433894,0.07585664847488638,1.1902764687007124,7.809193816484012e-06,0.5927169591032446,2.9171586011067883e-06,-0.13700375730568903,100.0,6.035922945032741e-06,0.24271271130291971,0.002456811540397989,0.0016027425874316197,6.505065016866164e-06,0.660732884397379,2.0527946207493718e-06,0.19989430952317933,1e-08,4.961737439271956e-06,0.377483654640546,0.002227495777610354,0.0014024258803517471,6.293619956001009e-06,0.6717606536390615,2.4808806554417015e-06,0.03304173259760457,0.0001,4.759023910378398e-06,0.4029167789656922,0.002181518716485925,0.0013847451405476095
200,3,2,2L2A_COUPLED_FREEC,legacy_price_return_abs_time,22.320320809113543,0.01447935433188695,0.14433041674433894,0.07585664847488638,1.1902764687007124,7.817461653666534e-06,0.5912395936290635,2.8525185662305234e-06,-0.10998431417238441,100.0,6.0927211398113126e-06,0.24540289123374193,0.002468343805026219,0.0016087193122195336,6.4568500145294076e-06,0.662383424090434,2.04802519684771e-06,0.2030636117700011,1e-08,5.019384333984949e-06,0.37833804973240703,0.0022403982534328465,0.0014125222949393057,6.226267026188528e-06,0.674440176037818,2.4360562821487965e-06,0.052071284079508784,0.0001,4.80323086148627e-06,0.40510913963696515,0.0021916274458689987,0.001387904282569452
210,3,2,2L2A_COUPLED_FREEC,legacy_price_return_abs_time,22.320320809113543,0.01447935433188695,0.14433041674433894,0.07585664847488638,1.1902764687007124,7.86739140935754e-06,0.5890582577489518,2.840629802699312e-06,-0.10238991411741138,100.0,6.083601034374641e-06,0.24553226744125922,0.002466495699241059,0.00160818927227196,6.4453817609531976e-06,0.6633348625353915,2.0539844194046053e-06,0.2028909555358822,1e-08,4.958170054455047e-06,0.38510443116033855,0.002226694872328727,0.0013995427993876745,6.219271717409438e-06,0.6751453916421315,2.4205094653415485e-06,0.06065013502194028,0.0001,4.733864393128346e-06,0.4129220646220043,0.002175744560633979,0.0013735452325923639
220,3,2,2L2A_COUPLED_FREEC,legacy_price_return_abs_time,22.320320809113543,0.01447935433188695,0.14433041674433894,0.07585664847488638,1.1902764687007124,7.884501998267942e-06,0.5886281181407049,2.83005837466094e-06,-0.09530007693313736,100.0,5.456862549107462e-06,0.21358793574547563,0.00233599284012333,0.001588665747165194,6.4296509186702196e-06,0.6645346023512,2.0574651619374193e-06,0.20371191974890113,1e-08,4.130259364267959e-06,0.404770458605044,0.0020323039546947595,0.0013440303989855423,6.202384500983264e-06,0.6763921697597493,2.402131994403885e-06,0.07031763661435286,1e-05,3.939932891403092e-06,0.4321992298194526,0.0019849264196445905,0.001322994110413303
230,3,2,2L2A_COUPLED_FREEC,legacy_price_return_abs_time,22.320320809113543,0.01447935433188695,0.14433041674433894,0.07585664847488638,1.1902764687007124,7.743574759079433e-06,0.5961398171533339,2.7461648707189157e-06,-0.05981328907965633,10.0,5.514689949754337e-06,0.20800257493395913,0.00234833769925757,0.00159854272643064,6.418920964258129e-06,0.6652261164956108,2.06152736087667e-06,0.2044053450125003,1e-08,4.1179479716742175e-06,0.4085969982288501,0.0020292727691649088,0.001333433480206579,6.194822173547842e-06,0.6769138164801504,2.3960307216481284e-06,0.07531218284755314,1e-05,3.8133196518902365e-06,0.4523464831626052,0.0019527722990380207,0.0012955016960210786
240,3,2,2L2A_COUPLED_FREEC,legacy_price_return_abs_time,22.320320809113543,0.01447935433188695,0.14433041674433894,0.07585664847488638,1.1902764687007124,7.907666231709347e-06,0.5885197815676804,2.742769714681525e-06,-0.05550513823566883,100.0,5.566267322805996e-06,0.18284827925515346,0.002359293818668204,0.0016174876066727792,6.432797101811446e-06,0.665265493127422,2.068223073998314e-06,0.20408189213352534,1e-08,4.137056007642885e-06,0.39266257989222797,0.00203397541962603,0.0013316207242449675,6.209691949887073e-06,0.6768749053050742,2.3967867133664998e-06,0.07764013957436089,1e-05,3.826452805562111e-06,0.43826045119985624,0.0019561321033003142,0.00129364414006829
10,5,2,2L2A_COUPLED_FREEC,legacy_price_return_abs_time,38.478489508145124,0.0612487375274,6.357683134603591,22.963951346927203,0.9963915937438909,8.314412982388254e-06,0.5620632644455348,4.013709814999293e-06,-0.32416223299932345,1e-05,6.258893241491757e-06,0.11344964126415524,0.002501778016030151,0.0017522410133315007,7.559770168682553e-06,0.6018118084550701,2.443965930323474e-06,0.19371167004210277,1e-08,5.74519866830645e-06,0.1862126826784143,0.00239691440571132,0.0015913210311905661,8.271811294109781e-06,0.5643071804421665,4.004639882034837e-06,-0.3211699731596893,0.1,6.275591490308501e-06,0.11108439266387449,0.002505113069366032,0.0017528208950094118
20,5,2,2L2A_COUPLED_FREEC,legacy_price_return_abs_time,38.478489508145124,0.0612487375274,6.357683134603591,22.963951346927203,0.9963915937438909,8.088328483341852e-06,0.5743054047600759,3.6860102363502204e-06,-0.23975993483125513,10.0,5.6483452802725885e-06,0.20557578472257498,0.0023766247664014166,0.001627005939026782,7.4951037693692005e-06,0.6055272517734613,2.4130320167659335e-06,0.18839606402893727,1e-08,5.619424060958472e-06,0.20964347460667743,0.0023705324425028385,0.0015574207234119012,8.082033672164784e-06,0.574636705238494,3.6729532358268665e-06,-0.2353683175866017,1.0,5.676690957424152e-06,0.20158904325932092,0.002382580734712709,0.0016318834598669301
30,5,2,2L2A_COUPLED_FREEC,legacy_price_return_abs_time,38.478489508145124,0.0612487375274,6.357683134603591,22.963951346927203,0.9963915937438909,7.892980110363537e-06,0.5854867180275946,3.4697738607689508e-06,-0.18721234543428422,100.0,5.4563985322873425e-06,0.23749687268320763,0.002335893519038773,0.0015959803972064896,7.49665284644575e-06,0.606300518721961,2.391470643572111e-06,0.1817381807230285,1e-08,5.684961801019601e-06,0.2055563525458275,0.0023843157930567003,0.0015658102077746531,7.951269284864563e-06,0.582425562838041,3.4875515936692195e-06,-0.1932951464524333,1e-08,5.5289224184719036e-06,0.22736203929564103,0.00235136607495981,0.0015918180781327388
40,5,2,2L2A_COUPLED_FREEC,legacy_price_return_abs_time,38.478489508145124,0.0612487375274,6.357683134603591,22.963951346927203,0.9963915937438909,8.001172965409157e-06,0.5800800281320044,3.4799681281057374e-06,-0.20071781993001614,100.0,5.4017878380791305e-06,0.2443695124238684,0.002324174657395423,0.0015633300619400268,7.48922075308153e-06,0.6069484584893753,2.3923996455908983e-06,0.17453356435798817,1e-08,5.63602143712104e-06,0.21160368489486847,0.0023740306310410233,0.0015526568675492387,7.910626190939464e-06,0.5848321312489386,3.4426838797806088e-06,-0.1878533741308972,1e-08,5.432344164007813e-06,0.2400951328754417,0.0023307389738037618,0.0015625420257609614
50,5,2,2L2A_COUPLED_FREEC,legacy_price_return_abs_time,38.478489508145124,0.0612487375274,6.357683134603591,22.963951346927203,0.9963915937438909,8.03755163859345e-06,0.5781199025915869,3.4931435712920026e-06,-0.24472781585014136,100.0,5.313162939106971e-06,0.25573560345733226,0.0023050299215209703,0.0015325143017198492,7.482593566112817e-06,0.6072488931353646,2.3857584174531198e-06,0.1498717978533748,1e-08,5.490205239759352e-06,0.23093563353965507,0.0023431186994600493,0.001525202542144569,7.858728455819193e-06,0.5875060869870239,3.3890161382680935e-06,-0.20762361167625065,1e-08,5.358956298490006e-06,0.24932089956485104,0.0023149419643891736,0.001541492983956984
60,5,2,2L2A_COUPLED_FREEC,legacy_price_return_abs_time,38.478489508145124,0.0612487375274,6.357683134603591,22.963951346927203,0.9963915937438909,8.012036051188245e-06,0.5770002247289949,3.5581059452615012e-06,-0.28232416605442023,100.0,5.451240852204096e-06,0.23687570194678909,0.002334789252203311,0.0015506743199799793,7.376455238345873e-06,0.6105560573889108,2.3855996737916248e-06,0.14024142077373858,1e-08,5.512694111477882e-06,0.228272802787155,0.0023479127137689512,0.0015237997697215794,7.734835686112552e-06,0.5916351678798897,3.37800500824101e-06,-0.21741665980717517,1e-08,5.379997477640838e-06,0.2468491284892148,0.00231948215721545,0.0015399723036989797
70,5,2,2L2A_COUPLED_FREEC,legacy_price_return_abs_time,38.478489508145124,0.0612487375274,6.357683134603591,22.963951346927203,0.9963915937438909,7.867232892232512e-06,0.5799083368675211,3.4104855647370546e-06,-0.2504208659869607,100.0,5.520854628059737e-06,0.22463570020390955,0.002349649894784271,0.0015607707528808037,7.260906642777093e-06,0.6122847271465083,2.3893834587071995e-06,0.12395614146458722,1e-08,5.486497587449973e-06,0.22946089929538005,0.0023423273869060176,0.0015137651306761915,7.477039182489103e-06,0.6007437597811836,3.3247416489630472e-06,-0.21898370568233605,1e-08,5.4015101182984135e-06,0.24139677769638412,0.002324114910734496,0.0015394054889585342
80,5,2,2L2A_COUPLED_FREEC,legacy_price_return_abs_time,38.478489508145124,0.0612487375274,6.357683134603591,22.963951346927203,0.9963915937438909,7.900768278116261e-06,0.5782787171624026,3.272059474032753e-06,-0.1986031315926462,10.0,5.5728014103817205e-06,0.22481024788215787,0.0023606781674725846,0.0015508423742503924,7.231205545371768e-06,0.6140181344764588,2.372089519291163e-06,0.13106899529051097,1e-08,5.472405711842625e-06,0.238775525115837,0.0023393173602234106,0.0014997774441517944,7.470206076138354e-06,0.6012609434178467,3.265398543441621e-06,-0.19616313552007725,1e-08,5.3874457996565785e-06,0.25059364824952035,0.002321087202079357,0.0015268425934941434
90,5,2,2L2A_COUPLED_FREEC,legacy_price_return_abs_time,38.478489508145124,0.0612487375274,6.357683134603591,22.963951346927203,0.9963915937438909,7.96338409375524e-06,0.5758063372350639,3.2200014640061506e-06,-0.19277128972246627,10.0,5.582209374039013e-06,0.2301363081982878,0.002362669967227546,0.0015513060689640716,7.231516075588019e-06,0.6147914937504104,2.3746589820642415e-06,0.12036528916236733,1e-08,5.518775584766431e-06,0.23888470295063768,0.0023492074375768587,0.0015046314148836684,7.472700836448835e-06,0.6019440603090341,3.259799029972107e-06,-0.20751333087233892,1e-08,5.414877256039437e-06,0.253213715992998,0.0023269888818040017,0.001523662667127338
100,5,2,2L2A_COUPLED_FREEC,legacy_price_return_abs_time,38.478489508145124,0.0612487375274,6.357683134603591,22.963951346927203,0.9963915937438909,7.944166107789086e-06,0.5766979653681469,3.1549506845173035e-06,-0.1794315566825595,10.0,5.65791666921657e-06,0.22693577628617256,0.0023786375657540958,0.0015579689813943168,7.199810408613919e-06,0.6163606911565374,2.377098160937457e-06,0.11135708139581957,1e-08,5.567577619810395e-06,0.23927916894874068,0.0023595714907182607,0.001509333982438631,7.453202201179892e-06,0.6028588005997648,3.2209729264294457e-06,-0.20411299336435773,1e-08,5.4431389502558e-06,0.25628173174762414,0.002333053567806749,0.0015239760758969214
110,5,2,2L2A_COUPLED_FREEC,legacy_price_return_abs_time,38.478489508145124,0.0612487375274,6.357683134603591,22.963951346927203,0.9963915937438909,7.996581933716887e-06,0.5749928633429915,3.123004776998115e-06,-0.16931457145012474,10.0,5.825162826953763e-06,0.21157722509589982,0.002413537409478826,0.0015998452225158427,7.209945401464827e-06,0.6168014939470986,2.381169735605861e-06,0.10844309638990524,1e-08,5.6155250437972886e-06,0.23995123070415247,0.002369709907097763,0.0015145919039661632,7.457965194189968e-06,0.6036195891264997,3.187914721135962e-06,-0.19361813450306187,0.001,5.455606722788416e-06,0.26159581818665456,0.0023357240253909315,0.0015189360668739764
120,5,2,2L2A_COUPLED_FREEC,legacy_price_return_abs_time,38.478489508145124,0.0612487375274,6.357683134603591,22.963951346927203,0.9963915937438909,8.092073353706731e-06,0.5710653161309958,3.099919716477103e-06,-0.18031529868008445,100.0,5.943367681638179e-06,0.2037703020071393,0.002437902311750448,0.0016396299873627418,7.227359480474721e-06,0.6169010068915118,2.370904461830379e-06,0.0972621667803959,1e-08,5.6639525351728335e-06,0.24120339543194502,0.0023799059929276267,0.0015190461810861713,7.47330895456065e-06,0.6038640192984037,3.16520965690735e-06,-0.20517488298806463,0.0001,5.494462702123378e-06,0.26390985510442344,0.002344027026747639,0.0015190599151949683
130,5,2,2L2A_COUPLED_FREEC,legacy_price_return_abs_time,38.478489508145124,0.0612487375274,6.357683134603591,22.963951346927203,0.9963915937438909,8.195785564027465e-06,0.566664718688771,3.154615578543823e-06,-0.20340596607136097,10.0,6.106217211350612e-06,0.1906821733224635,0.0024710761241513004,0.0016387312314165888,7.241762275788285e-06,0.6171067351076871,2.3762380893216042e-06,0.09352533698714005,1e-08,5.724407039771254e-06,0.24128728080072093,0.0023925733091738808,0.0015294286061144843,7.488626165508102e-06,0.6040543153900643,3.167175444888075e-06,-0.2081972370568128,0.001,5.514647834773786e-06,0.2690887588743466,0.002348328732263391,0.001519485397800354
140,5,2,2L2A_COUPLED_FREEC,legacy_price_return_abs_time,38.478489508145124,0.0612487375274,6.357683134603591,22.963951346927203,0.9963915937438909,8.268281120208043e-06,0.563810864647079,3.260969968431973e-06,-0.2715199756429161,1e-06,6.192799522645533e-06,0.18653595948353852,0.002488533608904154,0.0016492674842226945,7.2484162959570755e-06,0.6176133357289639,2.366260929993191e-06,0.0773456765330246,1e-08,5.767004916857269e-06,0.24246681905489254,0.0024014589142555133,0.001530509012948549,7.494421802120194e-06,0.6046354353086346,3.1647851199721445e-06,-0.2340155038585081,0.0001,5.570987763832483e-06,0.26821493260628326,0.002360293999448476,0.0015230564403830573
150,5,2,2L2A_COUPLED_FREEC,legacy_price_return_abs_time,38.478489508145124,0.0612487375274,6.357683134603591,22.963951346927203,0.9963915937438909,8.384177842211707e-06,0.5588368146343152,3.376210181458086e-06,-0.3167975212626508,100.0,6.250603612703692e-06,0.18688926463029765,0.002500120719626093,0.0016518887638201382,7.263333624894629e-06,0.6178139993405821,2.3649319557673504e-06,0.07762361644073479,1e-08,5.8245642790439185e-06,0.24231065708341382,0.002413413408234055,0.0015375833327313257,7.5092672097626644e-06,0.6048733335137508,3.157487374743173e-06,-0.23149073221629402,0.0001,5.610900413764687e-06,0.2701051539646486,0.002368733926333789,0.001526365159751486
160,5,2,2L2A_COUPLED_FREEC,legacy_price_return_abs_time,38.478489508145124,0.0612487375274,6.357683134603591,22.963951346927203,0.9963915937438909,8.431231544065931e-06,0.5573490359220827,3.3441647791458666e-06,-0.3062446944049677,100.0,6.3738209787796374e-06,0.18021567133272243,0.0025246427428013726,0.0016607925043094244,7.278807190045194e-06,0.6178528601460995,2.3594986855863147e-06,0.07836998382304183,1e-08,5.89502612144903e-06,0.24179702449480456,0.0024279674877248727,0.0015512630299245036,7.525499046634584e-06,0.6049012068106718,3.132194630034779e-06,-0.22344827110213417,0.0001,5.6709294427769326e-06,0.2706197582824965,0.002381371336599341,0.0015350386450962111
170,5,2,2L2A_COUPLED_FREEC,legacy_price_return_abs_time,38.478489508145124,0.0612487375274,6.357683134603591,22.963951346927203,0.9963915937438909,8.50851835425555e-06,0.5543454534469527,3.3994330082344328e-06,-0.33027981953107255,100.0,6.456178564400545e-06,0.17795838186471757,0.002540901132354532,0.0016604534777195632,7.297311854330249e-06,0.6177853687215483,2.351716752523739e-06,0.07971672641953254,1e-08,5.958527110319906e-06,0.2413225225090848,0.0024410094449468863,0.0015607581279014728,7.544767881827511e-06,0.6048242515052995,3.0958238020386863e-06,-0.2114702418609964,0.0001,5.716031710351284e-06,0.2721985754236895,0.0023908223920549357,0.0015377024881928435
180,5,2,2L2A_COUPLED_FREEC,legacy_price_return_abs_time,38.478489508145124,0.0612487375274,6.357683134603591,22.963951346927203,0.9963915937438909,8.646153582155718e-06,0.5482902361846256,3.3149350008220033e-06,-0.294709407611619,100.0,6.573321570214029e-06,0.169059551327026,0.0025638489757031377,0.0016817504766263836,7.308027678976594e-06,0.6181993038338232,2.3137719130741783e-06,0.09631342328527148,1e-08,5.9693814644831125e-06,0.24540425119712694,0.0024432317664280466,0.0015555789525917775,7.553941948812633e-06,0.6053517554192631,3.012859364019242e-06,-0.17672815950816445,0.0001,5.751106187326225e-06,0.27299665707558396,0.002398146406566168,0.0015370230786164226
190,5,2,2L2A_COUPLED_FREEC,legacy_price_return_abs_time,38.478489508145124,0.0612487375274,6.357683134603591,22.963951346927203,0.9963915937438909,8.709932274902758e-06,0.5458703170394256,3.2403480709335788e-06,-0.26297141685470193,100.0,6.606568807052259e-06,0.17332793424633197,0.002570324650127345,0.0016764773491179934,7.3202531449517875e-06,0.618327199915545,2.302342443029568e-06,0.10262952198218511,1e-08,6.001292167857324e-06,0.24906547733247886,0.002449753491243012,0.0015546421766391683,7.554713545066827e-06,0.6061026011689099,2.9622336451816163e-06,-0.15457239222816277,0.0001,5.765387159566776e-06,0.2785839893196713,0.0024011220626129724,0.0015314196809902477
200,5,2,2L2A_COUPLED_FREEC,legacy_price_return_abs_time,38.478489508145124,0.0612487375274,6.357683134603591,22.963951346927203,0.9963915937438909,8.72084477456829e-06,0.5442439230119773,3.1765375741057704e-06,-0.2360679865077735,100.0,6.654842458091722e-06,0.17744515331493926,0.002579698133133356,0.0016881811129907426,7.272302947732182e-06,0.6199455043859641,2.2901875383899625e-06,0.10883235810620517,1e-08,6.072216892935214e-06,0.24945910187045928,0.0024641868624224127,0.0015638191049876344,7.47684108873533e-06,0.6092562302218527,2.905305821723878e-06,-0.13052511845653036,0.0001,5.816969097185979e-06,0.28100835533834934,0.002411839359738948,0.0015339364571169386
210,5,2,2L2A_COUPLED_FREEC,legacy_price_return_abs_time,38.478489508145124,0.0612487375274,6.357683134603591,22.963951346927203,0.9963915937438909,8.761133974171656e-06,0.5426245386285404,3.1684842355081994e-06,-0.22962346622749608,100.0,5.998429377861731e-06,0.18186077080524254,0.0024491691198979563,0.0016527069847643563,7.265018562861866e-06,0.6207293226131345,2.296564683719767e-06,0.10875055171034476,1e-08,5.284999155511353e-06,0.27916711808877936,0.002298912602843212,0.0015189263627457498,7.48443396107838e-06,0.6092747301725745,2.8889393699181587e-06,-0.12113786205727584,0.0001,5.00695196058864e-06,0.31709059828734476,0.0022376219431773188,0.0014842844296601722
220,5,2,2L2A_COUPLED_FREEC,legacy_price_return_abs_time,38.478489508145124,0.0612487375274,6.357683134603591,22.963951346927203,0.9963915937438909,8.769246999689968e-06,0.5425676788820537,3.0957816764246194e-06,-0.1981413311880269,100.0,5.895640899458472e-06,0.15058538496316054,0.0024280940878513074,0.0016596197036298178,7.257887972903573e-06,0.6214050599810128,2.3001955664756524e-06,0.10976946501187101,1e-08,5.028775220969165e-06,0.27547908000660803,0.002242493081587804,0.0014869097195012741,7.466554466843736e-06,0.6105203399285422,2.8580068143035414e-06,-0.1061167895369437,1e-05,4.7691395995339306e-06,0.3128860888784539,0.0021838359827454834,0.0014560630425602761
230,5,2,2L2A_COUPLED_FREEC,legacy_price_return_abs_time,38.478489508145124,0.0612487375274,6.357683134603591,22.963951346927203,0.9963915937438909,8.66313430201426e-06,0.5483906574832396,3.0002037669395895e-06,-0.15785321415062104,10.0,6.0021830750712994e-06,0.13758054734716663,0.002449935320589362,0.0016720321210326387,7.25167443778696e-06,0.6219700848648835,2.304417748109546e-06,0.1106679066948526,1e-08,5.024411432398477e-06,0.2780709779699181,0.0022415198933755814,0.001478522612811066,7.470038246890702e-06,0.610586775681293,2.8445367864154043e-06,-0.09777745672268257,1e-05,4.6443019216628645e-06,0.3326867456159007,0.0021550642500080745,0.0014337161125531684
240,5,2,2L2A_COUPLED_FREEC,legacy_price_return_abs_time,38.478489508145124,0.0612487375274,6.357683134603591,22.963951346927203,0.9963915937438909,8.825616212953222e-06,0.5409602304772554,2.991080913883512e-06,-0.15106319593049444,100.0,5.989781080674329e-06,0.11946859470866189,0.0024474029256896642,0.0016899301783862362,7.267051957592515e-06,0.6220245957639673,2.3113220352708246e-06,0.11052966959387878,1e-08,5.0366849118708706e-06,0.25957907580821793,0.0022442559818057453,0.0014747527949013535,7.488538824543254e-06,0.610504575189295,2.8417770178905637e-06,-0.09360630170579687,1e-05,4.6499195183175146e-06,0.31643575736581075,0.0021563672039607525,0.001429889650702643
10,1,3,2L2A_COUPLED_FREEC,legacy_price_return_abs_time,39.35989731602813,0.03141926679585177,0.010471258096988447,20.519426597262846,-1.5049808598457566,4.646497548737866e-06,0.755013339714774,2.709682780257187e-06,0.10604907519309426,100.0,3.1061287089869515e-06,0.558356970615151,0.0017624212632021186,0.0013102241662546405,4.871343901553371e-06,0.7431583120351519,1.6632277153453661e-06,0.45128486436469717,10.0,3.039479369491358e-06,0.5678334665878286,0.0017434102699856273,0.0011243605612930318,4.612748571118099e-06,0.756792755119255,2.7066158133980675e-06,0.10706089763963234,100.0,3.1024359795537426e-06,0.5588820191132581,0.0017613733220285081,0.001310561481983236
20,1,3,2L2A_COUPLED_FREEC,legacy_price_return_abs_time,39.35989731602813,0.03141926679585177,0.010471258096988447,20.519426597262846,-1.5049808598457566,4.369736417624988e-06,0.7698457686750773,2.3929880818005584e-06,0.19513768055006797,10.0,2.8896180563957674e-06,0.5923122288289877,0.0016998876599339638,0.0012196416051586782,4.857070626167526e-06,0.7441778520215576,1.6611319694217863e-06,0.4412916052572792,1e-08,3.004693503621586e-06,0.5760765701085689,0.00173340517583789,0.0011109166901682708,4.338976707760653e-06,0.7714658841015017,2.421824226052561e-06,0.18543887505948797,10.0,2.8715599025589572e-06,0.5948600010070088,0.0016945677627521884,0.001216090944730014
30,1,3,2L2A_COUPLED_FREEC,legacy_price_return_abs_time,39.35989731602813,0.03141926679585177,0.010471258096988447,20.519426597262846,-1.5049808598457566,4.314743375293347e-06,0.7732537868775173,2.2923862544329738e-06,0.215640738856811,10.0,2.7222140093112163e-06,0.6186078902136223,0.0016499133338788484,0.0011553534936997244,4.8578824854477946e-06,0.7447110148713227,1.6308808660396595e-06,0.4419803780336995,1e-08,3.0293826389076264e-06,0.5755724450571237,0.0017405121771787828,0.00111411885165749,4.220725519655412e-06,0.7781945657089695,2.3005554085316636e-06,0.21284559398948222,10.0,2.7105108297928355e-06,0.6202475483420636,0.0016463629095047165,0.0011671100126149035
40,1,3,2L2A_COUPLED_FREEC,legacy_price_return_abs_time,39.35989731602813,0.03141926679585177,0.010471258096988447,20.519426597262846,-1.5049808598457566,4.385895712351052e-06,0.7696005828812451,2.3067602684303876e-06,0.20408231953590017,10.0,2.8082863539250013e-06,0.6082423390537064,0.0016757942457011246,0.0011663686850432343,4.8553004550507224e-06,0.7449418617889442,1.6341187772041815e-06,0.43616853274476575,1e-08,3.0333462181318267e-06,0.576846350588596,0.0017416504293720444,0.00111139698843105,4.162109168644405e-06,0.7813565143056596,2.2484519722744247e-06,0.22420084007026242,0.01,2.702367981620438e-06,0.6230180166576943,0.001643888068458567,0.0011516410008097927
50,1,3,2L2A_COUPLED_FREEC,legacy_price_return_abs_time,39.35989731602813,0.03141926679585177,0.010471258096988447,20.519426597262846,-1.5049808598457566,4.39042191819925e-06,0.7695881871668264,2.2277827032599367e-06,0.20616400619576403,10.0,2.956172453726366e-06,0.5874070032273883,0.0017193523355398584,0.0011876823244449343,4.848931532734298e-06,0.7455253445847652,1.6174572031828992e-06,0.42364408142426413,1e-08,3.025018742295737e-06,0.5777981265592823,0.0017392581011154546,0.001104240623651159,4.105275474508435e-06,0.7845528329885384,2.1618315058472604e-06,0.22966469783147003,0.0001,2.747736691586387e-06,0.6164983830714539,0.0016576298415467753,0.0011592623093355943
60,1,3,2L2A_COUPLED_FREEC,legacy_price_return_abs_time,39.35989731602813,0.03141926679585177,0.010471258096988447,20.519426597262846,-1.5049808598457566,4.404802471283437e-06,0.7690516022815858,2.2289715341514406e-06,0.1966894444230155,10.0,2.998261387161265e-06,0.5802547303285155,0.001731548840535913,0.0011908102691233506,4.844544508014913e-06,0.7459954676524714,1.6052116849689379e-06,0.4214894758797513,1e-08,2.990074572833836e-06,0.5814008534124908,0.001729183209736272,0.0010967799310795355,4.102503176575606e-06,0.7849014702834619,2.111684095042631e-06,0.23895926995874994,0.0001,2.7459407766748476e-06,0.615578662773435,0.001657088041316709,0.0011617868519796896
70,1,3,2L2A_COUPLED_FREEC,legacy_price_return_abs_time,39.35989731602813,0.03141926679585177,0.010471258096988447,20.519426597262846,-1.5049808598457566,4.371081265047891e-06,0.7690809684893931,2.2086494308019368e-06,0.19022048869516517,100.0,3.1585112450423795e-06,0.5583079317285797,0.001777220089083617,0.0012149606088973585,4.7455112745350755e-06,0.7493002758148677,1.607633841839259e-06,0.41057692151305825,0.1,2.9959717138675824e-06,0.5810377611104282,0.001730887550902017,0.0010929360185838672,3.922871237860607e-06,0.7927593718673034,2.074212979059333e-06,0.23951028664836704,0.0001,2.7469347592281914e-06,0.615863550552635,0.0016573879326301948,0.0011556373205237843
80,1,3,2L2A_COUPLED_FREEC,legacy_price_return_abs_time,39.35989731602813,0.03141926679585177,0.010471258096988447,20.519426597262846,-1.5049808598457566,4.215844865234596e-06,0.7748237359966155,2.126883864291851e-06,0.22089140478484992,10.0,3.0301339142102395e-06,0.5771926077308465,0.00174072798397976,0.0011738509004194572,4.645491449500793e-06,0.7518754976767754,1.5967132557516983e-06,0.41510063500138017,10.0,3.0025012069848117e-06,0.5810483161629161,0.0017327726933977267,0.0010880976619945923,3.778996851825201e-06,0.7981566162949407,1.9231508758036385e-06,0.2955217713624275,1e-05,2.7570449700607034e-06,0.6152978623507552,0.0016604351749046704,0.001145016578903302
90,1,3,2L2A_COUPLED_FREEC,legacy_price_return_abs_time,39.35989731602813,0.03141926679585177,0.010471258096988447,20.519426597262846,-1.5049808598457566,4.219094157493643e-06,0.7750203760901666,2.074032125103608e-06,0.2317252024762021,10.0,3.03969816929417e-06,0.579201189143334,0.0017434730193766033,0.0011583546298999665,4.643502833858487e-06,0.7523891427428278,1.593547199835979e-06,0.40970916627559806,10.0,3.029854240260507e-06,0.5805639276130172,0.0017406476496581687,0.0010928339342419992,3.7669499055557535e-06,0.7991305855229913,1.9060365949933996e-06,0.2939550639706936,1e-05,2.7467172724036543e-06,0.619759825609492,0.0016573223200100982,0.001133358808503957
100,1,3,2L2A_COUPLED_FREEC,legacy_price_return_abs_time,39.35989731602813,0.03141926679585177,0.010471258096988447,20.519426597262846,-1.5049808598457566,4.272766166471167e-06,0.7721781610598949,2.101637037655069e-06,0.21433413997008988,10.0,3.065255895764255e-06,0.5794216231348948,0.0017507872217274877,0.0011466020739143489,4.622692613768808e-06,0.7535202510289869,1.596627234181352e-06,0.40312457069661267,10.0,3.040309258311281e-06,0.5828445074372177,0.0017436482610639341,0.0010906483454126443,3.752312590143639e-06,0.7999284956727104,1.903685012854352e-06,0.28833557077055094,1e-06,2.7406202209545995e-06,0.623964313803111,0.0016554818697148573,0.0011285249209086713
110,1,3,2L2A_COUPLED_FREEC,legacy_price_return_abs_time,39.35989731602813,0.03141926679585177,0.010471258096988447,20.519426597262846,-1.5049808598457566,4.327391963133986e-06,0.769759895912359,2.0873892184137313e-06,0.21844031512330409,10.0,3.1812825005749744e-06,0.5675873699044163,0.001783615009068654,0.0011563177834604677,4.619535825547368e-06,0.7542162997085363,1.5972266425855602e-06,0.4019668490936852,10.0,3.05279540327301e-06,0.5850518496127253,0.0017472250579913882,0.0010894816271076503,3.7578524300126306e-06,0.8000624066405344,1.9144874306558546e-06,0.2831781539329512,1e-06,2.7505931808069956e-06,0.6261283833105789,0.0016584912362768143,0.0011276350817448393
120,1,3,2L2A_COUPLED_FREEC,legacy_price_return_abs_time,39.35989731602813,0.03141926679585177,0.010471258096988447,20.519426597262846,-1.5049808598457566,4.327429287820145e-06,0.7703701372793847,2.1145687149971105e-06,0.19486372787170458,10.0,3.2397738137823574e-06,0.5641169461132743,0.0017999371693985203,0.0011559070548524389,4.629165643861035e-06,0.7543588582018725,1.5748788820000608e-06,0.4003542646241981,10.0,3.0759588367507427e-06,0.5861568095621246,0.0017538411663405391,0.0010912963622753194,3.7626036688204627e-06,0.8003419336336396,1.891924608344507e-06,0.2796369701741457,1e-08,2.7501398933827097e-06,0.6299928809092168,0.0016583545740832114,0.0011252450108526736
130,1,3,2L2A_COUPLED_FREEC,legacy_price_return_abs_time,39.35989731602813,0.03141926679585177,0.010471258096988447,20.519426597262846,-1.5049808598457566,4.365889856246373e-06,0.7689156439873112,2.044968079088873e-06,0.2198964578951933,10.0,3.2628393775805576e-06,0.5655785016849609,0.0018063331302892493,0.0011558989339123533,4.637411982997052e-06,0.7545441142718727,1.5740134883337074e-06,0.39955370935816714,10.0,3.1027370890965653e-06,0.5868948669724414,0.0017614587957419173,0.0010948972795477216,3.7689105462901524e-06,0.8005134588512755,1.9001858187903675e-06,0.27512722420775426,1e-08,2.7707833478223386e-06,0.6310919067184078,0.0016645670151190484,0.00112716286873809
140,1,3,2L2A_COUPLED_FREEC,legacy_price_return_abs_time,39.35989731602813,0.03141926679585177,0.010471258096988447,20.519426597262846,-1.5049808598457566,4.401170069211859e-06,0.7676405263541013,1.9787223154353135e-06,0.22845503801551192,10.0,3.331473486934937e-06,0.5606831009521371,0.001825232447370728,0.0011680426354665336,4.646303830165823e-06,0.754698706162567,1.569401398562847e-06,0.3880577719536217,10.0,3.1159488969541835e-06,0.5891040368864101,0.00176520505804685,0.0010927924027042523,3.7778881384950275e-06,0.8005466533787035,1.9041733246931825e-06,0.2575232391367317,1e-08,2.779156031420456e-06,0.6335164561621367,0.0016670800914834463,0.0011244950934137668
150,1,3,2L2A_COUPLED_FREEC,legacy_price_return_abs_time,39.35989731602813,0.03141926679585177,0.010471258096988447,20.519426597262846,-1.5049808598457566,4.415384068621121e-06,0.7674191891448312,1.9561039853048914e-06,0.23707567339037383,1e-08,3.354220127154543e-06,0.5616609501437965,0.001831453009813395,0.0011963809700549506,4.6480173047012614e-06,0.755165209459599,1.562829742316316e-06,0.39046142857465327,1.0,3.146927420295489e-06,0.5887505521144938,0.0017739581224751303,0.001096062934899092,3.7770049818331367e-06,0.8010458733314457,1.8915865773796594e-06,0.2622389062071018,1e-08,2.791307595573853e-06,0.6352239647616087,0.0016707206814946217,0.0011240301316475631
160,1,3,2L2A_COUPLED_FREEC,legacy_price_return_abs_time,39.35989731602813,0.03141926679585177,0.010471258096988447,20.519426597262846,-1.5049808598457566,4.568877456719353e-06,0.759929932195575,1.9904386280089285e-06,0.22252637980373902,0.01,3.4846915320482297e-06,0.5498892261907565,0.0018667328496729868,0.001202944590021106,4.659631816067259e-06,0.7551612761288301,1.5561447952294616e-06,0.39216336013993813,1.0,3.1835938485111285e-06,0.588781423701678,0.0017842628305580791,0.0011040141011942864,3.7869174191174253e-06,0.8010177488476418,1.8827328303485103e-06,0.2645967130683906,1e-08,2.8187274660097736e-06,0.6359104990457252,0.0016789066281392105,0.0011282761790573947
170,1,3,2L2A_COUPLED_FREEC,legacy_price_return_abs_time,39.35989731602813,0.03141926679585177,0.010471258096988447,20.519426597262846,-1.5049808598457566,4.658671655619674e-06,0.7557375124987105,1.982725600590485e-06,0.2241118304893347,1e-06,3.5516082876540544e-06,0.5456585810795959,0.001884571115042904,0.001229798622435008,4.671230388653804e-06,0.7550790356629196,1.549423479644081e-06,0.3936733620326158,10.0,3.2163083952365234e-06,0.5885520019037334,0.0017934069240516841,0.001109877952744345,3.7964000119700716e-06,0.8009479570522796,1.8778454651175734e-06,0.2651539476163206,1e-08,2.837645501519395e-06,0.6369926582176608,0.0016845312408855452,0.0011286800140290082
180,1,3,2L2A_COUPLED_FREEC,legacy_price_return_abs_time,39.35989731602813,0.03141926679585177,0.010471258096988447,20.519426597262846,-1.5049808598457566,4.723026382103101e-06,0.7530359615964144,1.9734602590169497e-06,0.22922845779379375,0.1,3.679560972928373e-06,0.5331053746896788,0.0019182181765712608,0.0012393069518645472,4.683113236736773e-06,0.7551229945214069,1.5443446083928621e-06,0.3968275418417826,10.0,3.2288560217278213e-06,0.5902947298503888,0.001796901784107251,0.0011103974708812775,3.804947480171209e-06,0.8010417220667314,1.8456988158609902e-06,0.2791280613585816,1e-08,2.840392043997621e-06,0.6395864102066336,0.0016853462682777155,0.0011271337598437138
190,1,3,2L2A_COUPLED_FREEC,legacy_price_return_abs_time,39.35989731602813,0.03141926679585177,0.010471258096988447,20.519426597262846,-1.5049808598457566,4.805582160476746e-06,0.7492828461129191,2.005040748696653e-06,0.21850705547714844,10.0,3.7756344187428107e-06,0.5250467850057323,0.00194309917882305,0.001237374065555279,4.689584033504181e-06,0.7553347081516087,1.543586209669575e-06,0.398365478156151,10.0,3.2507523927979677e-06,0.5910739417870333,0.0018029843018723063,0.0011112377853146835,3.7983975476095406e-06,0.8018297490987324,1.8256438007712222e-06,0.28842954915404295,1e-08,2.8346381103407257e-06,0.6434187385388086,0.0016836383549743471,0.0011184734900412739
200,1,3,2L2A_COUPLED_FREEC,legacy_price_return_abs_time,39.35989731602813,0.03141926679585177,0.010471258096988447,20.519426597262846,-1.5049808598457566,4.704243125062533e-06,0.75410589495999,2.0465057917627e-06,0.2036548492228264,10.0,3.863987652330913e-06,0.5201513986872224,0.0019657028392742666,0.001252072740795624,4.66683669648999e-06,0.7560611553562023,1.5427820887750327e-06,0.39966598675312437,10.0,3.292221105296857e-06,0.5911561229663548,0.0018144478789143702,0.0011189015552912857,3.7451177550539976e-06,0.8042400543156,1.797751557839748e-06,0.3004511684500545,1e-08,2.8561403038781435e-06,0.6453107376929041,0.001690011924182236,0.0011208967991047866
210,1,3,2L2A_COUPLED_FREEC,legacy_price_return_abs_time,39.35989731602813,0.03141926679585177,0.010471258096988447,20.519426597262846,-1.5049808598457566,5.00166322805925e-06,0.7386279898203303,2.0377193323489634e-06,0.20920310078808746,100.0,4.07609556774986e-06,0.498918799196606,0.0020189342653365067,0.001296002588033056,4.65663116125238e-06,0.7566583370799858,1.547264719587996e-06,0.39953843344082407,10.0,3.300234201308182e-06,0.5942967261101724,0.0018166546731033341,0.0011144685270079815,3.727035664703985e-06,0.8052362265755766,1.786051469877373e-06,0.306870214268533,1e-08,2.8528842818384155e-06,0.6492901950074081,0.00168904833614625,0.0011165339131568807
220,1,3,2L2A_COUPLED_FREEC,legacy_price_return_abs_time,39.35989731602813,0.03141926679585177,0.010471258096988447,20.519426597262846,-1.5049808598457566,5.01985902619443e-06,0.7379772643467188,2.029977465456602e-06,0.21435031376215563,100.0,3.5467617241670304e-06,0.4902292984532577,0.0018832848229004104,0.0012581498266183253,4.6476519430089026e-06,0.757405443037971,1.5505954867206537e-06,0.39988257093785795,10.0,2.7009026824259653e-06,0.611803339973982,0.0016434423270763002,0.0010612215042506271,3.71217744320427e-06,0.8062346205693801,1.7762180630482978e-06,0.31256125367381804,1e-08,2.4277785151714475e-06,0.6510590636957112,0.0015581330222966996,0.0010741896348706557
230,1,3,2L2A_COUPLED_FREEC,legacy_price_return_abs_time,39.35989731602813,0.03141926679585177,0.010471258096988447,20.519426597262846,-1.5049808598457566,5.0460881358995826e-06,0.7369752277793407,2.0168736240683655e-06,0.2216383320705998,100.0,3.5316967655547897e-06,0.4939861588188844,0.0018792809171475108,0.0012510957340794784,4.644634803826533e-06,0.7579007781030697,1.5548684309976925e-06,0.39993762082085227,10.0,2.7135694125730726e-06,0.611205668855892,0.0016472915384269636,0.0010600904837613958,3.701223218985624e-06,0.807075626129951,1.776044023740055e-06,0.3145804614937573,1e-08,2.377116882075114e-06,0.6594118565990897,0.0015417901550065477,0.001057437997692352
240,1,3,2L2A_COUPLED_FREEC,legacy_price_return_abs_time,39.35989731602813,0.03141926679585177,0.010471258096988447,20.519426597262846,-1.5049808598457566,5.091423927143338e-06,0.7349526930606315,2.1027048174378807e-06,0.19081221907968937,100.0,3.6422651003900704e-06,0.46906526004566973,0.0019084719281116163,0.0012689383692759222,4.649574026773422e-06,0.7579543381485868,1.5595290055400298e-06,0.3998435706199276,10.0,2.7119336884817145e-06,0.6046801185577557,0.0016467949746345823,0.0010551757568010138,3.701518331080929e-06,0.8073078417199955,1.7774817961893944e-06,0.31596839539402655,1e-08,2.387866564144337e-06,0.6519195395349345,0.0015452723268551524,0.0010558765778333973
10,3,3,2L2A_COUPLED_FREEC,legacy_price_return_abs_time,24.745309789868198,0.024765578505200104,0.1731171178416652,0.010434928329321523,1.9658030277725145,6.899722151194057e-06,0.6363864694587756,3.436838575821158e-06,-0.13384675344756114,100.0,5.1083492062358325e-06,0.2750613414297809,0.0022601657475140695,0.0015850848138367316,6.734568601709362e-06,0.6450900177892185,2.16436807491044e-06,0.28595374473867874,1e-08,4.757250207690012e-06,0.32488668162391876,0.0021811121492692695,0.001436695408294485,6.822432119114167e-06,0.6404596336854467,3.446386580804779e-06,-0.1369967339350775,100.0,5.150732760427314e-06,0.26904658486546784,0.0022695225842514354,0.001593760449442843
20,3,3,2L2A_COUPLED_FREEC,legacy_price_return_abs_time,24.745309789868198,0.024765578505200104,0.1731171178416652,0.010434928329321523,1.9658030277725145,6.5499307054899845e-06,0.6551983580204617,3.1195305384591664e-06,-0.04922903873802076,10.0,4.689083362969124e-06,0.33940775004426194,0.0021654291406021865,0.0014826643389796853,6.704246473913076e-06,0.6470748628679073,2.1492839194033454e-06,0.27710561799965006,1e-08,4.6507230957013245e-06,0.3448118969322145,0.002156553522568203,0.0014023970284937333,6.341336843719327e-06,0.6661791621357009,3.2010774760704763e-06,-0.07665669617143878,1e-08,4.660069012254997e-06,0.34349525579658324,0.0021587192990880025,0.0014768189666698656
30,3,3,2L2A_COUPLED_FREEC,legacy_price_return_abs_time,24.745309789868198,0.024765578505200104,0.1731171178416652,0.010434928329321523,1.9658030277725145,6.553763509076778e-06,0.6557440303889006,2.9997599323304284e-06,-0.026393121830871058,100.0,4.486264988464182e-06,0.3722451140515428,0.002118080496219202,0.0014327253017087488,6.711864620985252e-06,0.6474392980772656,2.126386647456932e-06,0.27243890226666523,1e-08,4.708102046704695e-06,0.3412038586747427,0.0021698161320039757,0.0014099160196106649,6.250941167963361e-06,0.6716506767784937,3.067876766582828e-06,-0.04969987028231859,1e-08,4.537573048865043e-06,0.36506567064193607,0.0021301579868322072,0.0014361796881189074
40,3,3,2L2A_COUPLED_FREEC,legacy_price_return_abs_time,24.745309789868198,0.024765578505200104,0.1731171178416652,0.010434928329321523,1.9658030277725145,6.426161774855074e-06,0.662559810488796,2.893206046534781e-06,0.0017368180051247073,10.0,4.430931129988951e-06,0.3789690817630623,0.002104977702967172,0.0014078789405268792,6.7100099447217625e-06,0.6476548355460536,2.1250928816372827e-06,0.2667642926438941,1e-08,4.673720062407104e-06,0.34494024465997075,0.0021618788269482415,0.0013983480604784968,6.179772519522592e-06,0.6754978036370921,3.011223617532315e-06,-0.0389836125692582,0.001,4.4731089895584275e-06,0.37305751281981736,0.002114972574185875,0.0014109234200764766
50,3,3,2L2A_COUPLED_FREEC,legacy_price_return_abs_time,24.745309789868198,0.024765578505200104,0.1731171178416652,0.010434928329321523,1.9658030277725145,6.347014762876999e-06,0.6666885114547194,2.8432072682860357e-06,-0.01313304215376232,10.0,4.511730074778003e-06,0.3711654586662937,0.0021240833493010587,0.0014197854008967102,6.705773967619115e-06,0.6478483843982459,2.1092352721409447e-06,0.24840655420440783,1e-08,4.617284805365826e-06,0.3564534835492842,0.0021487868217591587,0.0013837227679517124,6.106258023473445e-06,0.6793317760737436,2.941105819797101e-06,-0.04801768050608457,1e-08,4.550698506548058e-06,0.3657341284420842,0.0021332366269469633,0.0014165202672186432
60,3,3,2L2A_COUPLED_FREEC,legacy_price_return_abs_time,24.745309789868198,0.024765578505200104,0.1731171178416652,0.010434928329321523,1.9658030277725145,6.264096542307503e-06,0.6714499670724375,2.8532752692076165e-06,-0.028306600870889653,10.0,4.456011346197474e-06,0.37513134683895655,0.002110926655807225,0.0014111278691263007,6.7057967996219544e-06,0.64828291766561,2.1095969931534977e-06,0.23971145138072736,1e-08,4.576583365635553e-06,0.35822347350971306,0.0021392950627801563,0.001378043536178486,6.097287919903124e-06,0.6801990305668152,2.914428266659859e-06,-0.05034584525148711,1e-08,4.504714070852424e-06,0.3683017399111418,0.002122431169873931,0.0014055577776278206
70,3,3,2L2A_COUPLED_FREEC,legacy_price_return_abs_time,24.745309789868198,0.024765578505200104,0.1731171178416652,0.010434928329321523,1.9658030277725145,6.180997356221987e-06,0.6714141993248521,2.8241099186809357e-06,-0.035432023718781736,100.0,4.559924577174052e-06,0.3585161080295146,0.002135397990346074,0.0014253344347418448,6.532872721712331e-06,0.6527082782502999,2.111446907448775e-06,0.22585883435599774,1e-08,4.556051314550185e-06,0.35906099326621777,0.0021344908794722417,0.0013680918946399243,5.746934416289503e-06,0.6944892647942705,2.857647254773786e-06,-0.047728156936208466,1e-08,4.554634189032732e-06,0.3592603525268724,0.0021341588949824546,0.0014100225385414106
80,3,3,2L2A_COUPLED_FREEC,legacy_price_return_abs_time,24.745309789868198,0.024765578505200104,0.1731171178416652,0.010434928329321523,1.9658030277725145,6.141308945640689e-06,0.6721106642933989,2.763777886242443e-06,-0.012412169083799718,100.0,4.527903840553026e-06,0.3691152889267867,0.002127887177590256,0.001397771972235241,6.43852962777053e-06,0.656241817296051,2.0892535474703504e-06,0.23467593894231864,1e-08,4.551254653191615e-06,0.36586175899249795,0.002133366975743183,0.0013582744279291988,5.630320871729928e-06,0.6993927211955397,2.7549182359998816e-06,-0.009166749918951389,1e-08,4.533999446310677e-06,0.368265972198196,0.0021293190099913816,0.0014018022164296999
90,3,3,2L2A_COUPLED_FREEC,legacy_price_return_abs_time,24.745309789868198,0.024765578505200104,0.1731171178416652,0.010434928329321523,1.9658030277725145,5.994762407681585e-06,0.6805072962054961,2.6835683884122197e-06,0.00593730671087378,10.0,4.432627168404427e-06,0.3875251469308021,0.0021053805281716718,0.0013688471576534407,6.438127120634292e-06,0.6568780376502572,2.0947083290434783e-06,0.22406620520070386,1e-08,4.588014012562018e-06,0.36605468913487504,0.002141964988640575,0.0013623921759137484,5.665237362012051e-06,0.6980694347272933,2.699606950430246e-06,-3.788818857541898e-06,0.0001,4.488331630647069e-06,0.37982822566240637,0.0021185682973761007,0.0013912120472610687
100,3,3,2L2A_COUPLED_FREEC,legacy_price_return_abs_time,24.745309789868198,0.024765578505200104,0.1731171178416652,0.010434928329321523,1.9658030277725145,6.093380685955354e-06,0.6751780255320461,2.7708991753184743e-06,-0.0358595916551685,10.0,4.420913042304384e-06,0.39449256353164963,0.0021025967379182304,0.0013427850090713856,6.397180595242327e-06,0.6589832575594443,2.0987228128654492e-06,0.21542357971854997,1e-08,4.621960957267497e-06,0.3669561685761934,0.0021498746375701763,0.0013649614701778765,5.634949053979103e-06,0.6996158008051898,2.6965085449417185e-06,-0.008049756966333144,1e-05,4.528604318948369e-06,0.3797426989161914,0.0021280517660405653,0.0013920494014101536
110,3,3,2L2A_COUPLED_FREEC,legacy_price_return_abs_time,24.745309789868198,0.024765578505200104,0.1731171178416652,0.010434928329321523,1.9658030277725145,6.237345427098131e-06,0.6683211383692212,2.774960776902771e-06,-0.0390000346890047,100.0,4.600302710442735e-06,0.3760336818914868,0.0021448316275276096,0.0013936983621268247,6.403096634076601e-06,0.6595071048533441,2.1031057367162107e-06,0.2125557407547639,1e-08,4.6568919279207895e-06,0.36835815097603863,0.0021579833011218575,0.0013689449382060979,5.639439544120879e-06,0.7001155523464673,2.694708174581385e-06,-0.008951877868255131,1e-05,4.546882534019072e-06,0.38327937698892367,0.0021323420302613444,0.001390198968136794
120,3,3,2L2A_COUPLED_FREEC,legacy_price_return_abs_time,24.745309789868198,0.024765578505200104,0.1731171178416652,0.010434928329321523,1.9658030277725145,6.2692768844125676e-06,0.6675075308496834,2.731022996249168e-06,-0.03985538928192622,100.0,4.635606084068999e-06,0.37752837610202294,0.002153045769153317,0.0013980254401592127,6.4178160152621e-06,0.6596297255952372,2.0878886599735437e-06,0.2050223384146027,1e-08,4.696035479020047e-06,0.36941388515430784,0.0021670337973875827,0.0013737609689668218,5.650831709388221e-06,0.7003069058125604,2.6799322539078905e-06,-0.02040224522603329,1e-05,4.568353442936105e-06,0.3865590961369475,0.0021373706844944104,0.0013901871668558774
130,3,3,2L2A_COUPLED_FREEC,legacy_price_return_abs_time,24.745309789868198,0.024765578505200104,0.1731171178416652,0.010434928329321523,1.9658030277725145,6.304960260879666e-06,0.666467010722332,2.6403767764788195e-06,-0.007236883981152076,100.0,4.720665844334014e-06,0.3730050553894635,0.0021727093326844283,0.0014062335015251645,6.431645224864342e-06,0.6597653642430492,2.093881389831345e-06,0.20123726836726852,1e-08,4.746140002825653e-06,0.3696215986655278,0.00217856374770757,0.0013827336797527863,5.659471821956482e-06,0.700613409695541,2.686584958258407e-06,-0.02486413530555409,1e-05,4.605391304673871e-06,0.3883157246875173,0.0021460175452856557,0.0013952421338029937
140,3,3,2L2A_COUPLED_FREEC,legacy_price_return_abs_time,24.745309789868198,0.024765578505200104,0.1731171178416652,0.010434928329321523,1.9658030277725145,6.155593333479825e-06,0.6751903526878755,2.582554254616335e-06,-0.006991586771730063,10.0,4.628509163833594e-06,0.391069605451861,0.0021513970260817953,0.0013520801072140595,6.446692899928423e-06,0.6598300222715336,2.091556179960483e-06,0.18445876878837542,1e-08,4.778801123624327e-06,0.37129707413921154,0.002186046917068416,0.0013846146787196455,5.672679163660252e-06,0.7006720849407192,2.6876806408979356e-06,-0.047982550018313974,1e-05,4.632994893560332e-06,0.3904794592350871,0.0021524392891694604,0.001397032606049164
150,3,3,2L2A_COUPLED_FREEC,legacy_price_return_abs_time,24.745309789868198,0.024765578505200104,0.1731171178416652,0.010434928329321523,1.9658030277725145,6.178486964795122e-06,0.674720391842498,2.5656368885276283e-06,-0.0006557985718054216,10.0,4.712425508189213e-06,0.3854342664005349,0.002170812177087003,0.0013637769890431414,6.450484345883468e-06,0.6604005102850206,2.0912649141207896e-06,0.1843598866144841,1e-08,4.819531106252922e-06,0.3714662089039771,0.0021953430497881014,0.0013881154063268158,5.6790166621534255e-06,0.7010160699357489,2.6807059546370855e-06,-0.045535309290389625,1e-05,4.654823435109733e-06,0.3929463767219442,0.0021575039826405265,0.001396741112414183
160,3,3,2L2A_COUPLED_FREEC,legacy_price_return_abs_time,24.745309789868198,0.024765578505200104,0.1731171178416652,0.010434928329321523,1.9658030277725145,6.4535257331469875e-06,0.6610436542455307,2.599187485270716e-06,-0.015253459868632468,100.0,4.9898882131983054e-06,0.35666092481611866,0.00223380576890613,0.0014395686863644744,6.465153862547525e-06,0.660432913944408,2.0859029651449526e-06,0.18523761201740163,1e-08,4.877973992976579e-06,0.3710898634738893,0.0022086135906890956,0.001399570603661077,5.694183860251715e-06,0.700926310185515,2.6639796636971207e-06,-0.04056155468387912,1e-05,4.701865899760321e-06,0.3937952253941166,0.002168378633855333,0.001406293460922834
170,3,3,2L2A_COUPLED_FREEC,legacy_price_return_abs_time,24.745309789868198,0.024765578505200104,0.1731171178416652,0.010434928329321523,1.9658030277725145,6.461746680577601e-06,0.6613663061712804,2.5618751656140087e-06,-0.002523310422335001,10.0,4.93588732075009e-06,0.37006736925172945,0.0022216856935106935,0.0013917459217170026,6.482008023873936e-06,0.6603044921043513,2.07803380161988e-06,0.18681544130969807,1e-08,4.935752885927292e-06,0.3700845262239386,0.0022216554381648142,0.0014108610513593352,5.696716384709642e-06,0.7014584124990215,2.645482514422051e-06,-0.03524087497337125,1e-06,4.768315996146698e-06,0.39145332044669034,0.0021836474065532415,0.0014114647603606703
180,3,3,2L2A_COUPLED_FREEC,legacy_price_return_abs_time,24.745309789868198,0.024765578505200104,0.1731171178416652,0.010434928329321523,1.9658030277725145,6.509778009651461e-06,0.659721388571215,2.5554508080607985e-06,0.0019212439868034892,10.0,5.019838823944454e-06,0.3645795645685531,0.0022404996817550443,0.0013993766279261311,6.4926259016730305e-06,0.6606179622296904,2.052814177968455e-06,0.19823531151132145,1e-08,4.948342281283284e-06,0.3736297285006902,0.0022244869703559257,0.001405777681986137,5.703225369081199e-06,0.7018814456684865,2.605714699835083e-06,-0.017710252114085723,1e-06,4.788215294529007e-06,0.3938988971366222,0.0021881990984663636,0.001410019281439394
190,3,3,2L2A_COUPLED_FREEC,legacy_price_return_abs_time,24.745309789868198,0.024765578505200104,0.1731171178416652,0.010434928329321523,1.9658030277725145,6.552683743850376e-06,0.6582493630012491,2.5438849402236513e-06,0.008484922934854144,10.0,5.00520022784653e-06,0.3720306663206836,0.0022372304816103616,0.001394831107245294,6.505065016866164e-06,0.660732884397379,2.0527946207493718e-06,0.19989430952317933,1e-08,4.961737439271956e-06,0.377483654640546,0.002227495777610354,0.0014024258803517471,5.699613063590758e-06,0.7027406675995043,2.5800861440610734e-06,-0.005625007449637565,1e-06,4.789858620187076e-06,0.3990481520793946,0.0021885745635429185,0.0014024361088383682
200,3,3,2L2A_COUPLED_FREEC,legacy_price_return_abs_time,24.745309789868198,0.024765578505200104,0.1731171178416652,0.010434928329321523,1.9658030277725145,6.645091653281475e-06,0.6525406218918283,2.5634712042687274e-06,0.002491040634674535,100.0,5.211515360853685e-06,0.35454219332399606,0.0022828743637908953,0.001453336119840834,6.4568500145294076e-06,0.662383424090434,2.04802519684771e-06,0.2030636117700011,1e-08,5.019384333984949e-06,0.37833804973240703,0.0022403982534328465,0.0014125222949393057,5.626011881584919e-06,0.7058263916285703,2.5353898264337927e-06,0.013418187362527312,1e-08,4.855122767375736e-06,0.3986822112983781,0.0022034343120174325,0.001412320970887798
210,3,3,2L2A_COUPLED_FREEC,legacy_price_return_abs_time,24.745309789868198,0.024765578505200104,0.1731171178416652,0.010434928329321523,1.9658030277725145,6.671770165762462e-06,0.6515097936329977,2.514232554411566e-06,0.024278134695626785,100.0,5.165794747783109e-06,0.3593555152282586,0.002272838478155258,0.0014465550355470987,6.4453817609531976e-06,0.6633348625353915,2.0539844194046053e-06,0.2028909555358822,1e-08,4.958170054455047e-06,0.38510443116033855,0.002226694872328727,0.0013995427993876745,5.609218560293855e-06,0.7070106306021062,2.5156464334018323e-06,0.0237294373830903,1e-08,4.7763080465839725e-06,0.4076583455182635,0.0021854766177161387,0.001396383415002587
220,3,3,2L2A_COUPLED_FREEC,legacy_price_return_abs_time,24.745309789868198,0.024765578505200104,0.1731171178416652,0.010434928329321523,1.9658030277725145,6.656052720115257e-06,0.6527221460746666,2.4980183789975228e-06,0.03320731925744169,100.0,4.3662133468201495e-06,0.370766109619143,0.002089548598817493,0.0013995949156408634,6.4296509186702196e-06,0.6645346023512,2.0574651619374193e-06,0.20371191974890113,1e-08,4.130259364267959e-06,0.404770458605044,0.0020323039546947595,0.0013440303989855423,5.582352747581901e-06,0.7087421684363009,2.4963119877743796e-06,0.03386773335162474,1e-08,3.977675848503019e-06,0.4267599290240023,0.0019944111533239627,0.0013434295909075628
230,3,3,2L2A_COUPLED_FREEC,legacy_price_return_abs_time,24.745309789868198,0.024765578505200104,0.1731171178416652,0.010434928329321523,1.9658030277725145,6.644633361777828e-06,0.6534542600896036,2.501664506133886e-06,0.034545479519768496,100.0,4.356822908674802e-06,0.374290747697811,0.0020873003877436526,0.0013952591191945217,6.418920964258129e-06,0.6652261164956108,2.06152736087667e-06,0.2044053450125003,1e-08,4.1179479716742175e-06,0.4085969982288501,0.0020292727691649088,0.001333433480206579,5.5647685212758025e-06,0.7097737798854814,2.4892899328501927e-06,0.03932113496295919,1e-08,3.936134120861851e-06,0.4347083667729965,0.0019839692842536275,0.0013292432252334854
240,3,3,2L2A_COUPLED_FREEC,legacy_price_return_abs_time,24.745309789868198,0.024765578505200104,0.1731171178416652,0.010434928329321523,1.9658030277725145,6.724360480692595e-06,0.6500938155030178,2.6038734410074732e-06,-0.0020534285423625676,100.0,4.464941548767502e-06,0.3445275876974462,0.002113040829886517,0.0014063742117227443,6.432797101811446e-06,0.665265493127422,2.068223073998314e-06,0.20408189213352534,1e-08,4.137056007642885e-06,0.39266257989222797,0.00203397541962603,0.0013316207242449675,5.575510546764803e-06,0.7098749200548189,2.4905945368578665e-06,0.04153990149318476,1e-08,3.960066439589976e-06,0.4186454013596336,0.00198999156771831,0.0013311241487685332
10,5,3,2L2A_COUPLED_FREEC,legacy_price_return_abs_time,14.139017745854696,0.12942663633406232,0.42446639948123877,0.03321660198125984,-0.693117767235067,8.044514823547004e-06,0.5762793394547348,4.003555708326995e-06,-0.3208122936202842,100.0,6.124067295570699e-06,0.13254726541451134,0.0024746852922282255,0.0017467314775570823,7.559770168682553e-06,0.6018118084550701,2.443965930323474e-06,0.19371167004210277,1e-08,5.74519866830645e-06,0.1862126826784143,0.00239691440571132,0.0015913210311905661,7.906120375108088e-06,0.5835688514258843,3.936472835214559e-06,-0.29868099585565244,0.01,6.250891351819124e-06,0.11458308097723557,0.0025001782640082133,0.001774232284098993
20,5,3,2L2A_COUPLED_FREEC,legacy_price_return_abs_time,14.139017745854696,0.12942663633406232,0.42446639948123877,0.03321660198125984,-0.693117767235067,7.720307212431618e-06,0.5936746312056227,3.6157564062141462e-06,-0.21613062338436495,10.0,5.53296848474557e-06,0.22180321341180542,0.0023522262826406754,0.001622271924993916,7.4951037693692005e-06,0.6055272517734613,2.4130320167659335e-06,0.18839606402893727,1e-08,5.619424060958472e-06,0.20964347460667743,0.0023705324425028385,0.0015574207234119012,7.670443835021933e-06,0.5962989769288989,3.60902730415562e-06,-0.21386734395901752,0.001,5.6013118714848235e-06,0.21219090419810382,0.0023667090804500718,0.0016572977844995984
30,5,3,2L2A_COUPLED_FREEC,legacy_price_return_abs_time,14.139017745854696,0.12942663633406232,0.42446639948123877,0.03321660198125984,-0.693117767235067,7.48439498710477e-06,0.6069442610644401,3.4822248506154745e-06,-0.1914725564600812,100.0,5.340175500125255e-06,0.2537384329294827,0.002310881974512168,0.0015592905260199828,7.49665284644575e-06,0.606300518721961,2.391470643572111e-06,0.1817381807230285,1e-08,5.684961801019601e-06,0.2055563525458275,0.0023843157930567003,0.0015658102077746531,7.495005080556822e-06,0.6063870539516197,3.4691394600540834e-06,-0.18699527988740283,0.001,5.503644292698546e-06,0.23089452502607988,0.002345984717064147,0.0016125986892276867
40,5,3,2L2A_COUPLED_FREEC,legacy_price_return_abs_time,14.139017745854696,0.12942663633406232,0.42446639948123877,0.03321660198125984,-0.693117767235067,7.434084264143411e-06,0.6098421483250893,3.403485174655575e-06,-0.17432836986959965,100.0,5.266572114465115e-06,0.26328419886196996,0.002294901330006394,0.0015397516586357122,7.48922075308153e-06,0.6069484584893753,2.3923996455908983e-06,0.17453356435798817,1e-08,5.63602143712104e-06,0.21160368489486847,0.0023740306310410233,0.0015526568675492387,7.398360745524033e-06,0.6117170007996613,3.4285234949334224e-06,-0.18296751719279403,0.0001,5.434573694433291e-06,0.23978325443575288,0.00233121721305272,0.0015939414196583183
50,5,3,2L2A_COUPLED_FREEC,legacy_price_return_abs_time,14.139017745854696,0.12942663633406232,0.42446639948123877,0.03321660198125984,-0.693117767235067,7.385365176354955e-06,0.6123522783932525,3.337869755940175e-06,-0.18939838747221982,100.0,5.218149450757152e-06,0.2690450308888911,0.0022843269141603075,0.00152773438142864,7.482593566112817e-06,0.6072488931353646,2.3857584174531198e-06,0.1498717978533748,1e-08,5.490205239759352e-06,0.23093563353965507,0.0023431186994600493,0.001525202542144569,7.354907681166418e-06,0.6139509506773915,3.375422555193379e-06,-0.2027797480832325,1e-08,5.405931059529956e-06,0.24274070569938488,0.00232506581832213,0.0015865440898292882
60,5,3,2L2A_COUPLED_FREEC,legacy_price_return_abs_time,14.139017745854696,0.12942663633406232,0.42446639948123877,0.03321660198125984,-0.693117767235067,7.224047708074914e-06,0.6186024953532862,3.3285116346530264e-06,-0.19957948744980003,100.0,5.230698900418611e-06,0.2677495757510505,0.0022870721240089067,0.0015387516497648989,7.376455238345873e-06,0.6105560573889108,2.3855996737916248e-06,0.14024142077373858,1e-08,5.512694111477882e-06,0.228272802787155,0.0023479127137689512,0.0015237997697215794,7.222732751671648e-06,0.6186719191875674,3.3463291213064723e-06,-0.20600082342617632,0.0001,5.394856512454939e-06,0.24476899832808396,0.002322683041754716,0.0015840808376223104
70,5,3,2L2A_COUPLED_FREEC,legacy_price_return_abs_time,14.139017745854696,0.12942663633406232,0.42446639948123877,0.03321660198125984,-0.693117767235067,6.959516453096893e-06,0.6283782517400887,3.200363627159936e-06,-0.17338173177549665,100.0,5.290049920662164e-06,0.25705056029303563,0.0023000108522922592,0.0015395043477768073,7.260906642777093e-06,0.6122847271465083,2.3893834587071995e-06,0.12395614146458722,1e-08,5.486497587449973e-06,0.22946089929538005,0.0023423273869060176,0.0015137651306761915,6.959158941067108e-06,0.6283973420384489,3.307708639439655e-06,-0.2127387208805176,0.0001,5.41236247170669e-06,0.23987264276285747,0.0023264484674513403,0.0015876042731248518
80,5,3,2L2A_COUPLED_FREEC,legacy_price_return_abs_time,14.139017745854696,0.12942663633406232,0.42446639948123877,0.03321660198125984,-0.693117767235067,7.060775881585809e-06,0.6231152012319127,3.19556259053878e-06,-0.17058120691780254,100.0,5.196679468624863e-06,0.27712969250715636,0.0022796226592629015,0.0015090128757747272,7.231205545371768e-06,0.6140181344764588,2.372089519291163e-06,0.13106899529051097,1e-08,5.472405711842625e-06,0.238775525115837,0.0023393173602234106,0.0014997774441517944,6.964719960830202e-06,0.6282424021191231,3.251561880109804e-06,-0.19109456383550794,0.0001,5.419368648197096e-06,0.2461531051142637,0.002327953747005532,0.0015827740237411181
90,5,3,2L2A_COUPLED_FREEC,legacy_price_return_abs_time,14.139017745854696,0.12942663633406232,0.42446639948123877,0.03321660198125984,-0.693117767235067,7.183871252294764e-06,0.617329438908726,3.2124726091486126e-06,-0.1899824084070565,100.0,5.209153877050879e-06,0.2815858083718009,0.002282357087979635,0.001501065203857445,7.231516075588019e-06,0.6147914937504104,2.3746589820642415e-06,0.12036528916236733,1e-08,5.518775584766431e-06,0.23888470295063768,0.0023492074375768587,0.0015046314148836684,6.974095743042312e-06,0.6285037638666241,3.238488778458404e-06,-0.19961946608176628,0.0001,5.4408018067538725e-06,0.2496383627620471,0.0023325526375097888,0.001581507378548889
100,5,3,2L2A_COUPLED_FREEC,legacy_price_return_abs_time,14.139017745854696,0.12942663633406232,0.42446639948123877,0.03321660198125984,-0.693117767235067,7.361242360096634e-06,0.6077588476666054,3.295552074896537e-06,-0.2319933027474057,100.0,5.161394193297642e-06,0.29477766665743577,0.0022718701972818875,0.0014838021455398389,7.199810408613919e-06,0.6163606911565374,2.377098160937457e-06,0.11135708139581957,1e-08,5.567577619810395e-06,0.23927916894874068,0.0023595714907182607,0.001509333982438631,6.961953313980161e-06,0.6290348209196814,3.2039611503971988e-06,-0.1977533930111377,0.0001,5.4588602013552375e-06,0.25413367310916435,0.002336420381985065,0.0015824887117237875
110,5,3,2L2A_COUPLED_FREEC,legacy_price_return_abs_time,14.139017745854696,0.12942663633406232,0.42446639948123877,0.03321660198125984,-0.693117767235067,7.3241838286450625e-06,0.610729881446343,3.235272411718806e-06,-0.21134978770980917,100.0,5.236767903448143e-06,0.29121516348677956,0.002288398545587753,0.0014998291324114564,7.209945401464827e-06,0.6168014939470986,2.381169735605861e-06,0.10844309638990524,1e-08,5.6155250437972886e-06,0.23995123070415247,0.002369709907097763,0.0015145919039661632,6.979833650758631e-06,0.6290316114009585,3.1675127264116923e-06,-0.1859792253686774,0.0001,5.4841453172738005e-06,0.2577331831797983,0.0023418252106580887,0.001583636712167758
120,5,3,2L2A_COUPLED_FREEC,legacy_price_return_abs_time,14.139017745854696,0.12942663633406232,0.42446639948123877,0.03321660198125984,-0.693117767235067,7.371390397451206e-06,0.6092663929748731,3.139072775411918e-06,-0.1952230894222926,100.0,5.2801033920947365e-06,0.2926274539185386,0.0022978475563219455,0.001500516494122191,7.227359480474721e-06,0.6169010068915118,2.370904461830379e-06,0.0972621667803959,1e-08,5.6639525351728335e-06,0.24120339543194502,0.0023799059929276267,0.0015190461810861713,7.006617188821174e-06,0.62860184312325,3.1544271680172025e-06,-0.20106937776248013,0.0001,5.507769018687182e-06,0.26212721519612237,0.002346863655751476,0.0015833806420962994
130,5,3,2L2A_COUPLED_FREEC,legacy_price_return_abs_time,14.139017745854696,0.12942663633406232,0.42446639948123877,0.03321660198125984,-0.693117767235067,7.413413237008779e-06,0.608031044072736,2.994859088573604e-06,-0.14246291029734337,100.0,5.377522674047288e-06,0.28726332312923175,0.0023189486139298747,0.0015075182249504563,7.241762275788285e-06,0.6171067351076871,2.3762380893216042e-06,0.09352533698714005,1e-08,5.724407039771254e-06,0.24128728080072093,0.0023925733091738808,0.0015294286061144843,7.028802695663567e-06,0.6283665342862197,3.1457320621751404e-06,-0.20001712951375406,0.0001,5.551313074411825e-06,0.2642291492287365,0.0023561224659197633,0.0015895396059710195
140,5,3,2L2A_COUPLED_FREEC,legacy_price_return_abs_time,14.139017745854696,0.12942663633406232,0.42446639948123877,0.03321660198125984,-0.693117767235067,7.412516469030572e-06,0.6089563111837712,2.964557817255542e-06,-0.15594271645541458,100.0,5.422118607364756e-06,0.28776985362151775,0.002328544310801226,0.001513021600684644,7.2484162959570755e-06,0.6176133357289639,2.366260929993191e-06,0.0773456765330246,1e-08,5.767004916857269e-06,0.24246681905489254,0.0024014589142555133,0.001530509012948549,7.044234561692949e-06,0.6283848434738878,3.1420466129410073e-06,-0.2251492873075196,0.0001,5.580743580722425e-06,0.2669334433223478,0.002362359748370774,0.0015893953335370265
150,5,3,2L2A_COUPLED_FREEC,legacy_price_return_abs_time,14.139017745854696,0.12942663633406232,0.42446639948123877,0.03321660198125984,-0.693117767235067,7.056493855951776e-06,0.6286976057053846,2.956022677707489e-06,-0.15291499213486648,10.0,5.3264565543852944e-06,0.3071070772991109,0.00230791173019795,0.0014574638128871872,7.263333624894629e-06,0.6178139993405821,2.3649319557673504e-06,0.07762361644073479,1e-08,5.8245642790439185e-06,0.24231065708341382,0.002413413408234055,0.0015375833327313257,7.0666656304988e-06,0.628162381793817,3.1309553245576144e-06,-0.22114263892807595,0.0001,5.625317497247811e-06,0.2682297054353221,0.00237177517847873,0.001595049455683288
160,5,3,2L2A_COUPLED_FREEC,legacy_price_return_abs_time,14.139017745854696,0.12942663633406232,0.42446639948123877,0.03321660198125984,-0.693117767235067,7.523446890937953e-06,0.6050089477371074,3.009499038511308e-06,-0.17552286190763033,100.0,5.618129705242372e-06,0.2774107236285087,0.0023702594172879837,0.0015440015032469666,7.278807190045194e-06,0.6178528601460995,2.3594986855863147e-06,0.07836998382304183,1e-08,5.89502612144903e-06,0.24179702449480456,0.0024279674877248727,0.0015512630299245036,7.0906276994071155e-06,0.627732535791974,3.1108478460660487e-06,-0.21511012835401133,0.0001,5.6852159158240254e-06,0.2687822691602062,0.0023843690812925806,0.0016047024968543486
170,5,3,2L2A_COUPLED_FREEC,legacy_price_return_abs_time,14.139017745854696,0.12942663633406232,0.42446639948123877,0.03321660198125984,-0.693117767235067,7.672477876758022e-06,0.5981351268526409,3.0277103088699096e-06,-0.18481579531632053,100.0,5.719543710415171e-06,0.2717514052925336,0.0023915567545879338,0.0015487493014975792,7.297311854330249e-06,0.6177853687215483,2.351716752523739e-06,0.07971672641953254,1e-08,5.958527110319906e-06,0.2413225225090848,0.0024410094449468863,0.0015607581279014728,7.114047671571902e-06,0.6273842804081802,3.0805525764286077e-06,-0.2054942443345309,0.0001,5.730315902459657e-06,0.2703798214537686,0.0023938078248806143,0.0016078740475644869
180,5,3,2L2A_COUPLED_FREEC,legacy_price_return_abs_time,14.139017745854696,0.12942663633406232,0.42446639948123877,0.03321660198125984,-0.693117767235067,7.854497417152845e-06,0.5896495314965271,2.9819444965674056e-06,-0.1646537840784703,100.0,5.7814171551892135e-06,0.26916501595370224,0.0024044577673956375,0.0015526382782183156,7.308027678976594e-06,0.6181993038338232,2.3137719130741783e-06,0.09631342328527148,1e-08,5.9693814644831125e-06,0.24540425119712694,0.0024432317664280466,0.0015555789525917775,7.078615899684298e-06,0.6301846959108803,3.005616165937244e-06,-0.17389919402448784,1e-05,5.799799220017519e-06,0.2668413199298866,0.0024082772307227255,0.0016094848186128331
190,5,3,2L2A_COUPLED_FREEC,legacy_price_return_abs_time,14.139017745854696,0.12942663633406232,0.42446639948123877,0.03321660198125984,-0.693117767235067,7.864747028776594e-06,0.5899376755161614,2.9222940286229914e-06,-0.1390053626963177,100.0,5.775273112343387e-06,0.27734697185380297,0.002403179791930555,0.0015443050971349543,7.3202531449517875e-06,0.618327199915545,2.302342443029568e-06,0.10262952198218511,1e-08,6.001292167857324e-06,0.24906547733247886,0.002449753491243012,0.0015546421766391683,7.07740999350801e-06,0.6309888693629737,2.9665990992005515e-06,-0.15627388957561283,1e-05,5.80688587526326e-06,0.2733913045792479,0.002409748093735787,0.001603326665607226
200,5,3,2L2A_COUPLED_FREEC,legacy_price_return_abs_time,14.139017745854696,0.12942663633406232,0.42446639948123877,0.03321660198125984,-0.693117767235067,7.799272191233226e-06,0.5924058059599855,2.9473641018419423e-06,-0.14689101761834045,100.0,5.865657013399179e-06,0.2749904095029122,0.00242191185087302,0.0015525983602316844,7.272302947732182e-06,0.6199455043859641,2.2901875383899625e-06,0.10883235810620517,1e-08,6.072216892935214e-06,0.24945910187045928,0.0024641868624224127,0.0015638191049876344,7.002265846138617e-06,0.6340577897487765,2.9114270824127523e-06,-0.1329070497883882,1e-05,5.858633218031568e-06,0.27585856783395235,0.0024204613647054083,0.0016078315575977563
210,5,3,2L2A_COUPLED_FREEC,legacy_price_return_abs_time,14.139017745854696,0.12942663633406232,0.42446639948123877,0.03321660198125984,-0.693117767235067,7.79755485750393e-06,0.592928237253977,2.8917834463384277e-06,-0.12224158953267739,100.0,5.1095940374370305e-06,0.30309101533891203,0.002260441115675662,0.0015123058262982575,7.265018562861866e-06,0.6207293226131345,2.296564683719767e-06,0.10875055171034476,1e-08,5.284999155511353e-06,0.27916711808877936,0.002298912602843212,0.0015189263627457498,7.004670137442378e-06,0.6343208258985104,2.901369504790112e-06,-0.12596174136071037,1e-05,5.061025478545343e-06,0.3097153899596081,0.0022496723047024745,0.0015597074542465254
220,5,3,2L2A_COUPLED_FREEC,legacy_price_return_abs_time,14.139017745854696,0.12942663633406232,0.42446639948123877,0.03321660198125984,-0.693117767235067,7.736599825588779e-06,0.5964338995235404,2.8553163599509687e-06,-0.10507551954557415,100.0,4.896360636890893e-06,0.2945567146316137,0.0022127721610890926,0.0015026166155801802,7.257887972903573e-06,0.6214050599810128,2.3001955664756524e-06,0.10976946501187101,1e-08,5.028775220969165e-06,0.27547908000660803,0.002242493081587804,0.0014869097195012741,6.967437628834147e-06,0.6365558904983744,2.8735291753760735e-06,-0.11212431342025053,1e-06,4.896873888277994e-06,0.2944827679247457,0.0022128881327979494,0.0015476752125619107
230,5,3,2L2A_COUPLED_FREEC,legacy_price_return_abs_time,14.139017745854696,0.12942663633406232,0.42446639948123877,0.03321660198125984,-0.693117767235067,7.727673625005261e-06,0.597156238919059,2.854875919761482e-06,-0.10176758529601604,100.0,4.8886874026402274e-06,0.29757238970494027,0.0022110376303085,0.0015029751037667273,7.25167443778696e-06,0.6219700848648835,2.304417748109546e-06,0.1106679066948526,1e-08,5.024411432398477e-06,0.2780709779699181,0.0022415198933755814,0.001478522612811066,6.968167706884405e-06,0.6367492956999516,2.865273263221207e-06,-0.10578017859922029,1e-06,4.829584087126983e-06,0.3060646080157411,0.0021976314720914838,0.00153494612440329
240,5,3,2L2A_COUPLED_FREEC,legacy_price_return_abs_time,14.139017745854696,0.12942663633406232,0.42446639948123877,0.03321660198125984,-0.693117767235067,7.825133387399977e-06,0.592997549410224,2.959846154259123e-06,-0.13904306565903024,100.0,4.97838640025247e-06,0.26814928391271253,0.002231229795483305,0.0015097126050387555,7.267051957592515e-06,0.6220245957639673,2.3113220352708246e-06,0.11052966959387878,1e-08,5.0366849118708706e-06,0.25957907580821793,0.0022442559818057453,0.0014747527949013535,6.986223894479344e-06,0.6366310828643,2.8644261503058943e-06,-0.10232240919123248,1e-06,4.8333625468823335e-06,0.2894686035487476,0.0021984909703890833,0.0015317695966674645
10,1,4,2L2A_COUPLED_FREEC,legacy_price_return_abs_time,40.14415103834218,0.09166854098557742,1.9515655476366294,0.3201635201763932,-0.8218944941795128,4.3461236558076965e-06,0.7708505581990113,2.735225366442164e-06,0.097622325498116,100.0,3.0859387676381047e-06,0.5612276651986073,0.0017566840261236808,0.0012969612500619016,4.871343901553371e-06,0.7431583120351519,1.6632277153453661e-06,0.45128486436469717,10.0,3.039479369491358e-06,0.5678334665878286,0.0017434102699856273,0.0011243605612930318,4.344019814532964e-06,0.7709614832650983,2.729433961049681e-06,0.09953296693712999,100.0,3.0785559821519597e-06,0.5622773820818665,0.0017545814264809598,0.001297248845939396
20,1,4,2L2A_COUPLED_FREEC,legacy_price_return_abs_time,40.14415103834218,0.09166854098557742,1.9515655476366294,0.3201635201763932,-0.8218944941795128,3.7629695579233763e-06,0.8018042089198467,2.431453163752881e-06,0.1822002592091796,1.0,2.8532567742947018e-06,0.597442335911442,0.0016891585995088506,0.0011980332746963664,4.857070626167526e-06,0.7441778520215576,1.6611319694217863e-06,0.4412916052572792,1e-08,3.004693503621586e-06,0.5760765701085689,0.00173340517583789,0.0011109166901682708,3.8441350003136e-06,0.7975292210903469,2.481262138246838e-06,0.16544741073261537,10.0,2.8519787939441944e-06,0.597622642426189,0.0016887802681060063,0.0012011892624018898
30,1,4,2L2A_COUPLED_FREEC,legacy_price_return_abs_time,40.14415103834218,0.09166854098557742,1.9515655476366294,0.3201635201763932,-0.8218944941795128,4.100004448910604e-06,0.7845386384045132,2.335780270315663e-06,0.20079311090145968,100.0,2.73270638614572e-06,0.6171378699566192,0.0016530899510146808,0.0011730488026389073,4.8578824854477946e-06,0.7447110148713227,1.6308808660396595e-06,0.4419803780336995,1e-08,3.0293826389076264e-06,0.5755724450571237,0.0017405121771787828,0.00111411885165749,4.096719008338211e-06,0.7847112932169626,2.3598671073835266e-06,0.19255159676339006,100.0,2.7459743805454277e-06,0.6152789755569028,0.001657098180719968,0.0011842217909972751
40,1,4,2L2A_COUPLED_FREEC,legacy_price_return_abs_time,40.14415103834218,0.09166854098557742,1.9515655476366294,0.3201635201763932,-0.8218944941795128,3.6348316700530393e-06,0.809055400987615,2.237913041137947e-06,0.2278371614251572,1.0,2.7397824276426624e-06,0.6177986785945434,0.0016552288142860075,0.001159199902191413,4.8553004550507224e-06,0.7449418617889442,1.6341187772041815e-06,0.43616853274476575,1e-08,3.0333462181318267e-06,0.576846350588596,0.0017416504293720444,0.00111139698843105,3.305734850201673e-06,0.826343480878768,2.2651153153779066e-06,0.21845136988334735,1e-06,2.8634249804785202e-06,0.6005504669851023,0.0016921657662529756,0.0012123324461796856
50,1,4,2L2A_COUPLED_FREEC,legacy_price_return_abs_time,40.14415103834218,0.09166854098557742,1.9515655476366294,0.3201635201763932,-0.8218944941795128,3.72897284825636e-06,0.8043014065662202,2.0626963647714604e-06,0.26498997579582106,1.0,2.7152581545724567e-06,0.6210314125638557,0.001647804040100781,0.0011416401010209258,4.848931532734298e-06,0.7455253445847652,1.6174572031828992e-06,0.42364408142426413,1e-08,3.025018742295737e-06,0.5777981265592823,0.0017392581011154546,0.001104240623651159,3.3060975213149592e-06,0.8264941416833391,2.08096769812154e-06,0.2584792680652762,0.001,2.8876080058464945e-06,0.5969765433897547,0.0016992963266736307,0.0012121753303070862
60,1,4,2L2A_COUPLED_FREEC,legacy_price_return_abs_time,40.14415103834218,0.09166854098557742,1.9515655476366294,0.3201635201763932,-0.8218944941795128,3.90531947031276e-06,0.7952400181104009,2.0912296547691294e-06,0.24633095126035887,10.0,2.792671929525513e-06,0.6090364778794309,0.0016711289386296658,0.0011668974227356833,4.844544508014913e-06,0.7459954676524714,1.6052116849689379e-06,0.4214894758797513,1e-08,2.990074572833836e-06,0.5814008534124908,0.001729183209736272,0.0010967799310795355,3.2857065739801172e-06,0.8277269699196144,2.0266755004460404e-06,0.2695959561200215,0.001,2.915638052977163e-06,0.5918216850432606,0.0017075239538516475,0.0012163443484607824
70,1,4,2L2A_COUPLED_FREEC,legacy_price_return_abs_time,40.14415103834218,0.09166854098557742,1.9515655476366294,0.3201635201763932,-0.8218944941795128,3.8044413393180224e-06,0.7990158827430063,2.0915121207861136e-06,0.2331677271012781,10.0,2.7915018092108345e-06,0.6096312116573763,0.0016707788031965316,0.001153906806369539,4.7455112745350755e-06,0.7493002758148677,1.607633841839259e-06,0.41057692151305825,0.1,2.9959717138675824e-06,0.5810377611104282,0.001730887550902017,0.0010929360185838672,3.197927415295935e-06,0.8310572929663286,2.0002923452167657e-06,0.26661255734537104,0.001,2.8067988615208397e-06,0.607492043502168,0.0016753503697796589,0.001184605023322067
80,1,4,2L2A_COUPLED_FREEC,legacy_price_return_abs_time,40.14415103834218,0.09166854098557742,1.9515655476366294,0.3201635201763932,-0.8218944941795128,3.919470772152247e-06,0.7906536379880307,2.0004874767174247e-06,0.2671922459434567,100.0,3.0431538591266864e-06,0.5753758797863175,0.0017444637740941158,0.0011958545718344568,4.645491449500793e-06,0.7518754976767754,1.5967132557516983e-06,0.41510063500138017,10.0,3.0025012069848117e-06,0.5810483161629161,0.0017327726933977267,0.0010880976619945923,3.2407245157030833e-06,0.8269067618858904,1.9054781251798642e-06,0.3019955577986515,1.0,2.7574636271674005e-06,0.6152394453551541,0.0016605612386080197,0.0011408362709677462
90,1,4,2L2A_COUPLED_FREEC,legacy_price_return_abs_time,40.14415103834218,0.09166854098557742,1.9515655476366294,0.3201635201763932,-0.8218944941795128,3.965204213358282e-06,0.7885588424087269,1.9787451072687005e-06,0.2670219625638035,100.0,3.0402698592640388e-06,0.5791220475818692,0.001743636963150311,0.0011897146711186805,4.643502833858487e-06,0.7523891427428278,1.593547199835979e-06,0.40970916627559806,10.0,3.029854240260507e-06,0.5805639276130172,0.0017406476496581687,0.0010928339342419992,3.23679473671191e-06,0.8274006610529476,1.8907037187869083e-06,0.2996347553411497,1.0,2.775637255910967e-06,0.6157563048675964,0.0016660243863494215,0.0011398654845056345
100,1,4,2L2A_COUPLED_FREEC,legacy_price_return_abs_time,40.14415103834218,0.09166854098557742,1.9515655476366294,0.3201635201763932,-0.8218944941795128,4.006474475849419e-06,0.786376706051188,1.9559864464215477e-06,0.2687834549445868,100.0,3.077668836893581e-06,0.5777184652877774,0.001754328600032953,0.0011818382974328576,4.622692613768808e-06,0.7535202510289869,1.596627234181352e-06,0.40312457069661267,10.0,3.040309258311281e-06,0.5828445074372177,0.0017436482610639341,0.0010906483454126443,3.2300156873438634e-06,0.8277771155673112,1.8804601821902396e-06,0.2970178295197249,1.0,2.7844104356206132e-06,0.6179559353730241,0.0016686552776474274,0.0011392306316840976
110,1,4,2L2A_COUPLED_FREEC,legacy_price_return_abs_time,40.14415103834218,0.09166854098557742,1.9515655476366294,0.3201635201763932,-0.8218944941795128,3.8048972270087473e-06,0.7975593750109884,1.9313864460211233e-06,0.27685082934628746,10.0,3.0189969763309797e-06,0.5896458668634583,0.0017375261081005314,0.0011589880166608646,4.619535825547368e-06,0.7542162997085363,1.5972266425855602e-06,0.4019668490936852,10.0,3.05279540327301e-06,0.5850518496127253,0.0017472250579913882,0.0010894816271076503,3.231355993197619e-06,0.8280747973476313,1.8762697426725879e-06,0.2974876099335032,1.0,2.7925851897595278e-06,0.6204206616508771,0.0016711029859824702,0.0011381021445830638
120,1,4,2L2A_COUPLED_FREEC,legacy_price_return_abs_time,40.14415103834218,0.09166854098557742,1.9515655476366294,0.3201635201763932,-0.8218944941795128,3.828463993160126e-06,0.7968471342432907,1.975210589194823e-06,0.24792527233865425,10.0,3.0398762968421255e-06,0.591011397749871,0.001743524102741951,0.0011490312293786866,4.629165643861035e-06,0.7543588582018725,1.5748788820000608e-06,0.4003542646241981,10.0,3.0759588367507427e-06,0.5861568095621246,0.0017538411663405391,0.0010912963622753194,3.237582252891174e-06,0.8282015675286525,1.85285437402326e-06,0.29451322488721654,1.0,2.799723032488548e-06,0.6233219059162092,0.001673237291148075,0.0011381063348827355
130,1,4,2L2A_COUPLED_FREEC,legacy_price_return_abs_time,40.14415103834218,0.09166854098557742,1.9515655476366294,0.3201635201763932,-0.8218944941795128,3.859261526328655e-06,0.7957312268837327,1.970102589318555e-06,0.24845574659433878,10.0,3.0607808038715604e-06,0.5924810176166987,0.001749508732150703,0.0011514948472476265,4.637411982997052e-06,0.7545441142718727,1.5740134883337074e-06,0.39955370935816714,10.0,3.1027370890965653e-06,0.5868948669724414,0.0017614587957419173,0.0010948972795477216,3.240775655866252e-06,0.8284673731871648,1.8574266918660448e-06,0.2914387484374308,1.0,2.8260407200699374e-06,0.6237348205529976,0.001681083198437822,0.0011417963387933344
140,1,4,2L2A_COUPLED_FREEC,legacy_price_return_abs_time,40.14415103834218,0.09166854098557742,1.9515655476366294,0.3201635201763932,-0.8218944941795128,3.967801197250876e-06,0.7905202063936875,1.9897574513774577e-06,0.22415220912711264,10.0,3.086669668991946e-06,0.5929650490437424,0.001756892048189628,0.0011556041946142977,4.646303830165823e-06,0.754698706162567,1.569401398562847e-06,0.3880577719536217,10.0,3.1159488969541835e-06,0.5891040368864101,0.00176520505804685,0.0010927924027042523,3.121716950449039e-06,0.8351891665009635,1.8534927893444977e-06,0.27728463335255016,0.001,2.9265805979119e-06,0.6140757781412878,0.0017107251672644264,0.0011822358089425202
150,1,4,2L2A_COUPLED_FREEC,legacy_price_return_abs_time,40.14415103834218,0.09166854098557742,1.9515655476366294,0.3201635201763932,-0.8218944941795128,4.1661470024254865e-06,0.7805477772925542,2.0708953655189567e-06,0.1923044663848551,100.0,3.364162542240636e-06,0.5603616469922734,0.0018341653530259032,0.0011924135304709656,4.6480173047012614e-06,0.755165209459599,1.562829742316316e-06,0.39046142857465327,1.0,3.146927420295489e-06,0.5887505521144938,0.0017739581224751303,0.001096062934899092,3.244999815306153e-06,0.829069300305631,1.847697704248847e-06,0.27935654884293604,1.0,2.8467360637851104e-06,0.6279804144966717,0.001687227330203346,0.001140104259922021
160,1,4,2L2A_COUPLED_FREEC,legacy_price_return_abs_time,40.14415103834218,0.09166854098557742,1.9515655476366294,0.3201635201763932,-0.8218944941795128,4.276309227024508e-06,0.7753028274867293,2.050138360682665e-06,0.19920741551443133,100.0,3.466592942052965e-06,0.5522269855799891,0.001861878874162593,0.0012052986929584565,4.659631816067259e-06,0.7551612761288301,1.5561447952294616e-06,0.39216336013993813,1.0,3.1835938485111285e-06,0.588781423701678,0.0017842628305580791,0.0011040141011942864,3.2539517020343514e-06,0.8290222460243816,1.838221150618202e-06,0.2819831606051112,1.0,2.8732425995855906e-06,0.6288688861131445,0.001695064187452968,0.0011446070691791589
170,1,4,2L2A_COUPLED_FREEC,legacy_price_return_abs_time,40.14415103834218,0.09166854098557742,1.9515655476366294,0.3201635201763932,-0.8218944941795128,4.3164667468395456e-06,0.7736799279408797,2.1297228745514044e-06,0.16658826505868285,100.0,3.533086300277392e-06,0.5480280163732321,0.0018796505793038747,0.0012140754489241138,4.671230388653804e-06,0.7550790356629196,1.549423479644081e-06,0.3936733620326158,10.0,3.2163083952365234e-06,0.5885520019037334,0.0017934069240516841,0.001109877952744345,3.261793712956902e-06,0.8289783215175008,1.8307695201995687e-06,0.28357589602891875,1.0,2.8899787849379395e-06,0.6302978945164389,0.0016999937602644132,0.0011446657270792002
180,1,4,2L2A_COUPLED_FREEC,legacy_price_return_abs_time,40.14415103834218,0.09166854098557742,1.9515655476366294,0.3201635201763932,-0.8218944941795128,4.317401206890858e-06,0.7742458434061303,2.042947694942323e-06,0.2020888496322214,100.0,3.5465969479952054e-06,0.5499770039567751,0.0018832410753791468,0.0012166384478768894,4.683113236736773e-06,0.7551229945214069,1.5443446083928621e-06,0.3968275418417826,10.0,3.2288560217278213e-06,0.5902947298503888,0.001796901784107251,0.0011103974708812775,3.1526747258542903e-06,0.8351486485402198,1.8011672104085637e-06,0.2965207066143736,0.001,3.0131554785129126e-06,0.6176646864958981,0.0017358443128670591,0.0011968947591505263
190,1,4,2L2A_COUPLED_FREEC,legacy_price_return_abs_time,40.14415103834218,0.09166854098557742,1.9515655476366294,0.3201635201763932,-0.8218944941795128,4.4095289430355326e-06,0.7699457610624018,2.0283686006852784e-06,0.20941469575735983,100.0,3.566811347926467e-06,0.5513155329429924,0.0018886003674484623,0.0012193193344498363,4.689584033504181e-06,0.7553347081516087,1.543586209669575e-06,0.398365478156151,10.0,3.2507523927979677e-06,0.5910739417870333,0.0018029843018723063,0.0011112377853146835,3.1493175919243074e-06,0.8356935919590135,1.7749846176111645e-06,0.30817468113732593,0.001,3.0162839880358924e-06,0.6205687260552109,0.0017367452283037637,0.0011938601741198318
200,1,4,2L2A_COUPLED_FREEC,legacy_price_return_abs_time,40.14415103834218,0.09166854098557742,1.9515655476366294,0.3201635201763932,-0.8218944941795128,4.016036285514268e-06,0.79007895170775,1.963241345990285e-06,0.2360550690951092,10.0,3.3005281013055927e-06,0.5901245201832821,0.001816735561744084,0.0011626200069195936,4.66683669648999e-06,0.7560611553562023,1.5427820887750327e-06,0.39966598675312437,10.0,3.292221105296857e-06,0.5911561229663548,0.0018144478789143702,0.0011189015552912857,3.0711045371069417e-06,0.8394712004545498,1.7336861464944144e-06,0.3253805773296933,0.0001,3.0068922025099725e-06,0.6265896406779871,0.0017340392736353962,0.0011993443234088236
210,1,4,2L2A_COUPLED_FREEC,legacy_price_return_abs_time,40.14415103834218,0.09166854098557742,1.9515655476366294,0.3201635201763932,-0.8218944941795128,4.142901317302089e-06,0.7835043272796651,1.818728585835696e-06,0.29418889866004727,10.0,3.267624384682476e-06,0.5983055050509978,0.0018076571535228896,0.0011694561263056733,4.65663116125238e-06,0.7566583370799858,1.547264719587996e-06,0.39953843344082407,10.0,3.300234201308182e-06,0.5942967261101724,0.0018166546731033341,0.0011144685270079815,3.0550512396674705e-06,0.8403521294208336,1.7169405628084576e-06,0.33369073373075964,0.0001,2.993575571345037e-06,0.6319947810219423,0.0017301952408167805,0.0011940176184755556
220,1,4,2L2A_COUPLED_FREEC,legacy_price_return_abs_time,40.14415103834218,0.09166854098557742,1.9515655476366294,0.3201635201763932,-0.8218944941795128,4.147255337583798e-06,0.7835247596922675,1.8112469804191221e-06,0.29900422734719856,10.0,2.8326884824180628e-06,0.5928619661404613,0.0016830592628954166,0.0011418239372430095,4.6476519430089026e-06,0.757405443037971,1.5505954867206537e-06,0.39988257093785795,10.0,2.7009026824259653e-06,0.611803339973982,0.0016434423270763002,0.0010612215042506271,3.0363586964488656e-06,0.8415104870641545,1.7039663149530056e-06,0.34052440311125975,0.0001,2.6004858332153066e-06,0.6262361019270711,0.0016126021931075582,0.0011556215219596664
230,1,4,2L2A_COUPLED_FREEC,legacy_price_return_abs_time,40.14415103834218,0.09166854098557742,1.9515655476366294,0.3201635201763932,-0.8218944941795128,4.212442183181179e-06,0.7804285981765944,1.8737636228626663e-06,0.27686803903218515,10.0,2.7882473631188953e-06,0.60050597431366,0.0016698045883033424,0.0011306307574068069,4.644634803826533e-06,0.7579007781030697,1.5548684309976925e-06,0.39993762082085227,10.0,2.7135694125730726e-06,0.611205668855892,0.0016472915384269636,0.0010600904837613958,3.023801263845848e-06,0.8423859002768271,1.7018635712729753e-06,0.34320854211368435,0.0001,2.5611323459768745e-06,0.6330465206410839,0.0016003538189965601,0.001141114930267808
240,1,4,2L2A_COUPLED_FREEC,legacy_price_return_abs_time,40.14415103834218,0.09166854098557742,1.9515655476366294,0.3201635201763932,-0.8218944941795128,4.498410778268239e-06,0.7658235339762822,2.028515935504191e-06,0.2193624636233008,100.0,3.224054697419053e-06,0.530027992144394,0.0017955652863148844,0.001200913023590119,4.649574026773422e-06,0.7579543381485868,1.5595290055400298e-06,0.3998435706199276,10.0,2.7119336884817145e-06,0.6046801185577557,0.0016467949746345823,0.0010551757568010138,2.9927665063409543e-06,0.8442037602535546,1.7029773513643901e-06,0.3446400785882969,1e-05,2.5715661489898674e-06,0.6251415624735628,0.001603610348242324,0.0011467854645925441
10,3,4,2L2A_COUPLED_FREEC,legacy_price_return_abs_time,18.776268304609108,0.028077461756705783,24.991303893654276,2.3125372730205753,1.8695740627008175,6.435002082940837e-06,0.6608770940126454,3.44519946679474e-06,-0.13660509338037574,100.0,5.087462345355088e-06,0.27802544828648246,0.002255540366598454,0.0015867965441890295,6.734568601709362e-06,0.6450900177892185,2.16436807491044e-06,0.28595374473867874,1e-08,4.757250207690012e-06,0.32488668162391876,0.0021811121492692695,0.001436695408294485,6.425604526868026e-06,0.661372342729509,3.4567270565356473e-06,-0.14040815829438036,100.0,5.1776290940219924e-06,0.265229658651265,0.0022754404175943594,0.0015950589200395338
20,3,4,2L2A_COUPLED_FREEC,legacy_price_return_abs_time,18.776268304609108,0.028077461756705783,24.991303893654276,2.3125372730205753,1.8695740627008175,5.9745749302323766e-06,0.6854862534122333,3.2388230327282094e-06,-0.08935211095913509,100.0,4.653786708885306e-06,0.344380298905576,0.0021572637087026022,0.0014757625411761493,6.704246473913076e-06,0.6470748628679073,2.1492839194033454e-06,0.27710561799965006,1e-08,4.6507230957013245e-06,0.3448118969322145,0.002156553522568203,0.0014023970284937333,6.048085832347374e-06,0.6816164903731521,3.265279046003968e-06,-0.09825037851444329,100.0,4.784828858885956e-06,0.32591924329893107,0.0021874251664653482,0.0015018750272720407
30,3,4,2L2A_COUPLED_FREEC,legacy_price_return_abs_time,18.776268304609108,0.028077461756705783,24.991303893654276,2.3125372730205753,1.8695740627008175,5.99806248973497e-06,0.6849338833584868,3.0767415602327758e-06,-0.05273303408009222,100.0,4.434454041126453e-06,0.37949492551397546,0.002105814341561585,0.0014270819183187671,6.711864620985252e-06,0.6474392980772656,2.126386647456932e-06,0.27243890226666523,1e-08,4.708102046704695e-06,0.3412038586747427,0.0021698161320039757,0.0014099160196106649,6.019527818461092e-06,0.6838063529641725,3.198915384130145e-06,-0.09453583675257726,100.0,4.697149972191244e-06,0.3427363625069436,0.0021672909292919686,0.0014819000819959948
40,3,4,2L2A_COUPLED_FREEC,legacy_price_return_abs_time,18.776268304609108,0.028077461756705783,24.991303893654276,2.3125372730205753,1.8695740627008175,5.394220256281298e-06,0.7167474506061922,2.933750833176394e-06,-0.012252634206423085,10.0,4.531972897944076e-06,0.3648072588656681,0.0021288430890847912,0.0014291681733831975,6.7100099447217625e-06,0.6476548355460536,2.1250928816372827e-06,0.2667642926438941,1e-08,4.673720062407104e-06,0.34494024465997075,0.0021618788269482415,0.0013983480604784968,5.991724260260621e-06,0.6853722889777669,3.128877615818372e-06,-0.07957859710004511,100.0,4.6159846050833865e-06,0.3530323370497407,0.0021484842575833283,0.001461172207344081
50,3,4,2L2A_COUPLED_FREEC,legacy_price_return_abs_time,18.776268304609108,0.028077461756705783,24.991303893654276,2.3125372730205753,1.8695740627008175,5.604446692531184e-06,0.7056842406470949,2.814860833650616e-06,-0.003032227529119025,10.0,4.488448936660332e-06,0.37441033004984436,0.002118595982404463,0.0014208306047106705,6.705773967619115e-06,0.6478483843982459,2.1092352721409447e-06,0.24840655420440783,1e-08,4.617284805365826e-06,0.3564534835492842,0.0021487868217591587,0.0013837227679517124,5.963975604971295e-06,0.6868036926323995,3.1008197649983687e-06,-0.10492928064900497,100.0,4.5615348646476e-06,0.3642237818206525,0.0021357750032827893,0.001443626955630195
60,3,4,2L2A_COUPLED_FREEC,legacy_price_return_abs_time,18.776268304609108,0.028077461756705783,24.991303893654276,2.3125372730205753,1.8695740627008175,5.589727206238651e-06,0.7068204416611229,2.8249641331230708e-06,-0.018103404415197977,10.0,4.442212036348899e-06,0.37706643081646696,0.0021076555782074307,0.001410630431122932,6.7057967996219544e-06,0.64828291766561,2.1095969931534977e-06,0.23971145138072736,1e-08,4.576583365635553e-06,0.35822347350971306,0.0021392950627801563,0.001378043536178486,5.959808922429414e-06,0.6874097638053225,3.081515729071165e-06,-0.1105633582179204,100.0,4.537531439644198e-06,0.36369974421498985,0.0021301482201115016,0.0014365291544703562
70,3,4,2L2A_COUPLED_FREEC,legacy_price_return_abs_time,18.776268304609108,0.028077461756705783,24.991303893654276,2.3125372730205753,1.8695740627008175,5.713725163560612e-06,0.6962546900596221,2.820893589084467e-06,-0.03425278822196587,100.0,4.472147650375809e-06,0.37086444486596326,0.002114745292080304,0.0014172075514786943,6.532872721712331e-06,0.6527082782502999,2.111446907448775e-06,0.22585883435599774,1e-08,4.556051314550185e-06,0.35906099326621777,0.0021344908794722417,0.0013680918946399243,5.6533856984525125e-06,0.699462374889789,3.034081632060113e-06,-0.1124160797109961,100.0,4.547306004773217e-06,0.3602912713678117,0.002132441325048175,0.0014326120973359943
80,3,4,2L2A_COUPLED_FREEC,legacy_price_return_abs_time,18.776268304609108,0.028077461756705783,24.991303893654276,2.3125372730205753,1.8695740627008175,5.607078526464595e-06,0.7006336483686829,2.678444042447755e-06,0.018846863099099553,100.0,4.4548629885842184e-06,0.3792922622931766,0.002110654635079889,0.0013979056854101935,6.43852962777053e-06,0.656241817296051,2.0892535474703504e-06,0.23467593894231864,1e-08,4.551254653191615e-06,0.36586175899249795,0.002133366975743183,0.0013582744279291988,5.53370893019613e-06,0.7045509090690432,2.9127238428828416e-06,-0.06697324643708291,100.0,4.544437633403621e-06,0.36681159222897486,0.002131768663200494,0.0014255572523533776
90,3,4,2L2A_COUPLED_FREEC,legacy_price_return_abs_time,18.776268304609108,0.028077461756705783,24.991303893654276,2.3125372730205753,1.8695740627008175,5.607046800807236e-06,0.7011707185597974,2.620087933709662e-06,0.029452098450606368,100.0,4.478568221635267e-06,0.3811772772006413,0.002116262795976735,0.0013953489932075124,6.438127120634292e-06,0.6568780376502572,2.0947083290434783e-06,0.22406620520070386,1e-08,4.588014012562018e-06,0.36605468913487504,0.002141964988640575,0.0013623921759137484,5.532256637475814e-06,0.7051566832861675,2.83802020133291e-06,-0.051275613890777505,100.0,4.567047404685472e-06,0.3689517340679749,0.0021370651381475182,0.0014225670853936791
100,3,4,2L2A_COUPLED_FREEC,legacy_price_return_abs_time,18.776268304609108,0.028077461756705783,24.991303893654276,2.3125372730205753,1.8695740627008175,5.717809697200211e-06,0.6951987195289779,2.5554253594048977e-06,0.04469210107791877,100.0,4.495938724306984e-06,0.38421672052275746,0.0021203628756198746,0.0013856916402915974,6.397180595242327e-06,0.6589832575594443,2.0987228128654492e-06,0.21542357971854997,1e-08,4.621960957267497e-06,0.3669561685761934,0.0021498746375701763,0.0013649614701778765,5.139434816419017e-06,0.7260303514982449,2.8164949403742436e-06,-0.05290489268689802,10.0,4.5180357086138966e-06,0.38119022165401106,0.0021255671498717457,0.0014009388241178924
110,3,4,2L2A_COUPLED_FREEC,legacy_price_return_abs_time,18.776268304609108,0.028077461756705783,24.991303893654276,2.3125372730205753,1.8695740627008175,5.7298275840516596e-06,0.6953090521229857,2.580250731164185e-06,0.03390324594852823,100.0,4.535084968440245e-06,0.3848795507210031,0.0021295738936323023,0.0013803789646420258,6.403096634076601e-06,0.6595071048533441,2.1031057367162107e-06,0.2125557407547639,1e-08,4.6568919279207895e-06,0.36835815097603863,0.0021579833011218575,0.0013689449382060979,5.143195009905037e-06,0.7265039934105342,2.77315006779692e-06,-0.03832206949416306,10.0,4.5364070593688996e-06,0.384700227693611,0.002129884283093544,0.0013985876786790034
120,3,4,2L2A_COUPLED_FREEC,legacy_price_return_abs_time,18.776268304609108,0.028077461756705783,24.991303893654276,2.3125372730205753,1.8695740627008175,5.774215115348146e-06,0.6937632399231513,2.5940813356935637e-06,0.012286069776285657,100.0,4.565767177997033e-06,0.3869063811536765,0.0021367655879850353,0.0013747495500986836,6.4178160152621e-06,0.6596297255952372,2.0878886599735437e-06,0.2050223384146027,1e-08,4.696035479020047e-06,0.36941388515430784,0.0021670337973875827,0.0013737609689668218,5.1535883180306646e-06,0.7266783177009415,2.745559416780029e-06,-0.04539022924872427,10.0,4.553587976035662e-06,0.388541810800887,0.0021339137695876235,0.0013967276242343645
130,3,4,2L2A_COUPLED_FREEC,legacy_price_return_abs_time,18.776268304609108,0.028077461756705783,24.991303893654276,2.3125372730205753,1.8695740627008175,5.431374790805523e-06,0.7126797640415281,2.53752110055305e-06,0.03199995200458461,10.0,4.572125207929321e-06,0.392734100224687,0.002138252840037707,0.0013613075303948242,6.431645224864342e-06,0.6597653642430492,2.093881389831345e-06,0.20123726836726852,1e-08,4.746140002825653e-06,0.3696215986655278,0.00217856374770757,0.0013827336797527863,5.162638641318856e-06,0.7268959315598865,2.741390912632702e-06,-0.04577121917302973,10.0,4.593249504937475e-06,0.3899283885159328,0.002143186763895642,0.0014023710477293688
140,3,4,2L2A_COUPLED_FREEC,legacy_price_return_abs_time,18.776268304609108,0.028077461756705783,24.991303893654276,2.3125372730205753,1.8695740627008175,5.564251556259557e-06,0.706393439651916,2.525588554572049e-06,0.015220523807019326,10.0,4.55351633981023e-06,0.4009357217982751,0.002133896984348174,0.0013630053408722734,6.446692899928423e-06,0.6598300222715336,2.091556179960483e-06,0.18445876878837542,1e-08,4.778801123624327e-06,0.37129707413921154,0.002186046917068416,0.0013846146787196455,5.173077348638971e-06,0.7270343672654718,2.7411468610676508e-06,-0.06883014065117243,10.0,4.622945842521853e-06,0.39180152048571837,0.002150103681807427,0.001403868974413563
150,3,4,2L2A_COUPLED_FREEC,legacy_price_return_abs_time,18.776268304609108,0.028077461756705783,24.991303893654276,2.3125372730205753,1.8695740627008175,5.902015626328447e-06,0.6892758144169311,2.5802560116374205e-06,-0.006357583721240179,100.0,4.684567737716397e-06,0.38906730656580013,0.0021643862265585587,0.0013805798027792537,6.450484345883468e-06,0.6604005102850206,2.0912649141207896e-06,0.1843598866144841,1e-08,4.819531106252922e-06,0.3714662089039771,0.0021953430497881014,0.0013881154063268158,5.174813468512191e-06,0.7275609211580449,2.7267192072523074e-06,-0.06348150746303682,10.0,4.652190391544008e-06,0.3932897621712753,0.0021568936903667755,0.001404764990987847
160,3,4,2L2A_COUPLED_FREEC,legacy_price_return_abs_time,18.776268304609108,0.028077461756705783,24.991303893654276,2.3125372730205753,1.8695740627008175,6.003459709540205e-06,0.6846823195299115,2.553949391306254e-06,0.0024167280941640445,100.0,4.788858408145585e-06,0.3825794070227807,0.0021883460439669007,0.0013951476694968642,6.465153862547525e-06,0.660432913944408,2.0859029651449526e-06,0.18523761201740163,1e-08,4.877973992976579e-06,0.3710898634738893,0.0022086135906890956,0.001399570603661077,5.187186649267281e-06,0.7275551529373655,2.709540723147563e-06,-0.05835789431096239,10.0,4.702112552787722e-06,0.3937634247757942,0.002168435508099727,0.0014138211845692646
170,3,4,2L2A_COUPLED_FREEC,legacy_price_return_abs_time,18.776268304609108,0.028077461756705783,24.991303893654276,2.3125372730205753,1.8695740627008175,6.023380143442544e-06,0.6843393020281343,2.572493501271849e-06,-0.0066785203083412625,100.0,4.809913136666177e-06,0.386144569566401,0.002193151416721193,0.0013955453830046362,6.482008023873936e-06,0.6603044921043513,2.07803380161988e-06,0.18681544130969807,1e-08,4.935752885927292e-06,0.3700845262239386,0.0022216554381648142,0.0014108610513593352,5.200413389172952e-06,0.7274676209909001,2.687922797505011e-06,-0.05184877752173489,10.0,4.747576670329822e-06,0.3941001349347052,0.002178893450889653,0.0014192848212765665
180,3,4,2L2A_COUPLED_FREEC,legacy_price_return_abs_time,18.776268304609108,0.028077461756705783,24.991303893654276,2.3125372730205753,1.8695740627008175,5.975601735958531e-06,0.6876438093359385,2.5003750603000796e-06,0.023432099777147775,100.0,4.820786984101339e-06,0.38977591273479906,0.0021956290634124287,0.0013938901299872567,6.4926259016730305e-06,0.6606179622296904,2.052814177968455e-06,0.19823531151132145,1e-08,4.948342281283284e-06,0.3736297285006902,0.0022244869703559257,0.001405777681986137,5.205240977013912e-06,0.7279120472027678,2.630391461673875e-06,-0.027348219583780642,10.0,4.773027111445064e-06,0.3958214452994392,0.0021847258664292562,0.0014174708244719583
190,3,4,2L2A_COUPLED_FREEC,legacy_price_return_abs_time,18.776268304609108,0.028077461756705783,24.991303893654276,2.3125372730205753,1.8695740627008175,6.129077851430191e-06,0.6803422320042566,2.498152019778997e-06,0.02630997446218819,100.0,4.840320743798484e-06,0.3927170035343275,0.0022000728951101787,0.001392990631824275,6.505065016866164e-06,0.660732884397379,2.0527946207493718e-06,0.19989430952317933,1e-08,4.961737439271956e-06,0.377483654640546,0.002227495777610354,0.0014024258803517471,5.204623289311181e-06,0.7285565130272149,2.606293014844625e-06,-0.015839505398709486,10.0,4.7739725129137476e-06,0.4010412767787199,0.002184942221870809,0.0014096095523982745
200,3,4,2L2A_COUPLED_FREEC,legacy_price_return_abs_time,18.776268304609108,0.028077461756705783,24.991303893654276,2.3125372730205753,1.8695740627008175,5.611579607437199e-06,0.706581028172609,2.5143420161243675e-06,0.021608401991703552,10.0,4.707623222349267e-06,0.4169503590877186,0.0021697057916568474,0.0013605681332457622,6.4568500145294076e-06,0.662383424090434,2.04802519684771e-06,0.2030636117700011,1e-08,5.019384333984949e-06,0.37833804973240703,0.0022403982534328465,0.0014125222949393057,5.136329200623119e-06,0.7314309805003142,2.5648557328004374e-06,0.0019522869273661536,10.0,4.826920482747938e-06,0.40217512718150983,0.0021970253714392873,0.0014165699091950913
210,3,4,2L2A_COUPLED_FREEC,legacy_price_return_abs_time,18.776268304609108,0.028077461756705783,24.991303893654276,2.3125372730205753,1.8695740627008175,5.773422305854625e-06,0.6984336868892724,2.441340823940413e-06,0.05256591384150722,10.0,4.644518091257042e-06,0.42400249238254717,0.0021551144032874547,0.0013630564455483166,6.4453817609531976e-06,0.6633348625353915,2.0539844194046053e-06,0.2028909555358822,1e-08,4.958170054455047e-06,0.38510443116033855,0.002226694872328727,0.0013995427993876745,5.121983062068656e-06,0.7324606678646568,2.549085313930089e-06,0.010752496636112885,10.0,4.74294964510497e-06,0.41179534223837055,0.0021778314087883316,0.0014010873925107174
220,3,4,2L2A_COUPLED_FREEC,legacy_price_return_abs_time,18.776268304609108,0.028077461756705783,24.991303893654276,2.3125372730205753,1.8695740627008175,5.679775439539189e-06,0.7036591643182131,2.5476622509361334e-06,0.013993957002985113,10.0,3.891926988385663e-06,0.439117568140896,0.001972796742795786,0.001324505511363562,6.4296509186702196e-06,0.6645346023512,2.0574651619374193e-06,0.20371191974890113,1e-08,4.130259364267959e-06,0.404770458605044,0.0020323039546947595,0.0013440303989855423,5.100440046298379e-06,0.7338858407776168,2.5317352864454887e-06,0.020158072057327225,10.0,3.8881740553782975e-06,0.43965841954896634,0.001971845342662121,0.0013379033334700574
230,3,4,2L2A_COUPLED_FREEC,legacy_price_return_abs_time,18.776268304609108,0.028077461756705783,24.991303893654276,2.3125372730205753,1.8695740627008175,6.1352027086297235e-06,0.6800232237955275,2.600580160817361e-06,-0.003628530514857564,100.0,4.078900237223389e-06,0.41420487562930064,0.0020196287374721596,0.001348234529356007,6.418920964258129e-06,0.6652261164956108,2.06152736087667e-06,0.2044053450125003,1e-08,4.1179479716742175e-06,0.4085969982288501,0.0020292727691649088,0.001333433480206579,5.0855102657795e-06,0.7347691254096615,2.5272685167887e-06,0.02466425533143146,10.0,3.819624464790514e-06,0.4514410114809623,0.001954385955943839,0.0013190049039402975
240,3,4,2L2A_COUPLED_FREEC,legacy_price_return_abs_time,18.776268304609108,0.028077461756705783,24.991303893654276,2.3125372730205753,1.8695740627008175,6.1443525164838355e-06,0.6802748824337495,2.761187415897908e-06,-0.06259285623267119,100.0,4.153223047493131e-06,0.39028918967094783,0.0020379457911075876,0.0013525105741830643,6.432797101811446e-06,0.665265493127422,2.068223073998314e-06,0.20408189213352534,1e-08,4.137056007642885e-06,0.39266257989222797,0.00203397541962603,0.0013316207242449675,5.0961429690490234e-06,0.7348191033078877,2.5293821499361127e-06,0.02661319266858364,10.0,3.8352188573016626e-06,0.4369735575155079,0.001958371480925328,0.0013178598373354256
10,5,4,2L2A_COUPLED_FREEC,legacy_price_return_abs_time,11.204230504959934,0.0766109587255173,0.04085559950625954,2.3384942748632014,1.928372380062877,7.459946047177679e-06,0.607069744282174,4.044778135080855e-06,-0.33441197650120813,100.0,6.124283281617065e-06,0.1325166717457109,0.0024747289309370968,0.0017426196171289091,7.559770168682553e-06,0.6018118084550701,2.443965930323474e-06,0.19371167004210277,1e-08,5.74519866830645e-06,0.1862126826784143,0.00239691440571132,0.0015913210311905661,7.600508552769035e-06,0.5996660364112243,4.064580773474769e-06,-0.3409450611245588,100.0,6.290366647286927e-06,0.10899154330310157,0.0025080603356552105,0.001775265628852069
20,5,4,2L2A_COUPLED_FREEC,legacy_price_return_abs_time,11.204230504959934,0.0766109587255173,0.04085559950625954,2.3384942748632014,1.928372380062877,6.6137164652553125e-06,0.6519153049351385,3.756933934375697e-06,-0.26361455096198005,10.0,5.531173373787155e-06,0.22205569082664334,0.0023518446746728736,0.0016237928243806347,7.4951037693692005e-06,0.6055272517734613,2.4130320167659335e-06,0.18839606402893727,1e-08,5.619424060958472e-06,0.20964347460667743,0.0023705324425028385,0.0015574207234119012,7.2976083928791696e-06,0.615921576698547,3.817667523726426e-06,-0.28404180589279737,100.0,5.985217036186165e-06,0.1581956995717152,0.0024464703219508233,0.0017110695103397014
30,5,4,2L2A_COUPLED_FREEC,legacy_price_return_abs_time,11.204230504959934,0.0766109587255173,0.04085559950625954,2.3384942748632014,1.928372380062877,6.943263615720148e-06,0.6353626958754379,3.5832593459516956e-06,-0.22604235985104393,100.0,5.2760479414566805e-06,0.26269992350657967,0.002296964941277224,0.0015530457435340857,7.49665284644575e-06,0.606300518721961,2.391470643572111e-06,0.1817381807230285,1e-08,5.684961801019601e-06,0.2055563525458275,0.0023843157930567003,0.0015658102077746531,7.26184767433698e-06,0.6186317119029887,3.738550641133506e-06,-0.2791765842057883,100.0,5.964622261566058e-06,0.16647526737734053,0.002442257615724856,0.0017048374104284426
40,5,4,2L2A_COUPLED_FREEC,legacy_price_return_abs_time,11.204230504959934,0.0766109587255173,0.04085559950625954,2.3384942748632014,1.928372380062877,6.013404343804592e-06,0.6844027002293185,3.329206666583743e-06,-0.14869953506523848,1.0,5.581525752688273e-06,0.21922682779367764,0.0023625252914388603,0.0016021791310761077,7.48922075308153e-06,0.6069484584893753,2.3923996455908983e-06,0.17453356435798817,1e-08,5.63602143712104e-06,0.21160368489486847,0.0023740306310410233,0.0015526568675492387,6.6997962596226275e-06,0.6483792727610197,3.7114335634569692e-06,-0.28058196313277795,10.0,5.763642900903894e-06,0.19375132345563995,0.0024007588177290726,0.0016577530954418622
50,5,4,2L2A_COUPLED_FREEC,legacy_price_return_abs_time,11.204230504959934,0.0766109587255173,0.04085559950625954,2.3384942748632014,1.928372380062877,6.357030542752672e-06,0.6663281574792991,3.3025304929724076e-06,-0.17680578636382815,10.0,5.3479414299983794e-06,0.25086385515361675,0.0023125616597181532,0.0015549950118424734,7.482593566112817e-06,0.6072488931353646,2.3857584174531198e-06,0.1498717978533748,1e-08,5.490205239759352e-06,0.23093563353965507,0.0023431186994600493,0.001525202542144569,6.678504108457521e-06,0.6494544495005439,3.6581181609094758e-06,-0.30351396546419207,10.0,5.645672389976564e-06,0.20915789661256778,0.0023760623708094374,0.0016341633312327954
60,5,4,2L2A_COUPLED_FREEC,legacy_price_return_abs_time,11.204230504959934,0.0766109587255173,0.04085559950625954,2.3384942748632014,1.928372380062877,6.307787391266136e-06,0.6669769541829331,3.380195524518548e-06,-0.2182061112743423,10.0,5.248332911528466e-06,0.26528097406660456,0.0022909240300648267,0.0015406489463703494,7.376455238345873e-06,0.6105560573889108,2.3855996737916248e-06,0.14024142077373858,1e-08,5.512694111477882e-06,0.228272802787155,0.0023479127137689512,0.0015237997697215794,6.609400814522467e-06,0.6510531104257367,3.6338836808276754e-06,-0.3096340952865151,10.0,5.668848798257861e-06,0.20641256234510796,0.002380934438042732,0.0016351687472465437
70,5,4,2L2A_COUPLED_FREEC,legacy_price_return_abs_time,11.204230504959934,0.0766109587255173,0.04085559950625954,2.3384942748632014,1.928372380062877,6.433983348980244e-06,0.6564404787980305,3.2963349554383704e-06,-0.20856867191581974,100.0,5.233353059253364e-06,0.2650132264395847,0.002287652302963316,0.0015323473161125791,7.260906642777093e-06,0.6122847271465083,2.3893834587071995e-06,0.12395614146458722,1e-08,5.486497587449973e-06,0.22946089929538005,0.0023423273869060176,0.0015137651306761915,6.356479192820898e-06,0.6605790177616864,3.600250861321494e-06,-0.31999643872734307,10.0,5.639884161600977e-06,0.20791885885471173,0.002374844028899788,0.0016254225483118216
80,5,4,2L2A_COUPLED_FREEC,legacy_price_return_abs_time,11.204230504959934,0.0766109587255173,0.04085559950625954,2.3384942748632014,1.928372380062877,6.367327371271864e-06,0.6601295756645145,3.1532872886300362e-06,-0.15509514694273951,100.0,5.200728588789645e-06,0.27656645039144323,0.0022805105982629512,0.0015129012208200206,7.231205545371768e-06,0.6140181344764588,2.372089519291163e-06,0.13106899529051097,1e-08,5.472405711842625e-06,0.238775525115837,0.0023393173602234106,0.0014997774441517944,6.347612178978481e-06,0.6611819184105211,3.5322300070620633e-06,-0.2939073942785322,10.0,5.663853445190335e-06,0.21214469619721454,0.0023798851747910727,0.0016191247340104997
90,5,4,2L2A_COUPLED_FREEC,legacy_price_return_abs_time,11.204230504959934,0.0766109587255173,0.04085559950625954,2.3384942748632014,1.928372380062877,6.443006944803395e-06,0.6567938098980668,3.1702157313999373e-06,-0.17432937497357992,100.0,5.21046679431307e-06,0.28140473896670104,0.002282644692963202,0.0015018019298649436,7.231516075588019e-06,0.6147914937504104,2.3746589820642415e-06,0.12036528916236733,1e-08,5.518775584766431e-06,0.23888470295063768,0.0023492074375768587,0.0015046314148836684,6.350720919269994e-06,0.6617097032836101,3.504055236511523e-06,-0.29799210665968423,10.0,5.6975901060669975e-06,0.21422371331516576,0.0023869625271601977,0.0016184168615212557
100,5,4,2L2A_COUPLED_FREEC,legacy_price_return_abs_time,11.204230504959934,0.0766109587255173,0.04085559950625954,2.3384942748632014,1.928372380062877,6.565743995669706e-06,0.6501466919839676,3.0346940129088145e-06,-0.13447538221913402,100.0,5.220847178625263e-06,0.2866543628626257,0.0022849173242428843,0.0014945603943221264,7.199810408613919e-06,0.6163606911565374,2.377098160937457e-06,0.11135708139581957,1e-08,5.567577619810395e-06,0.23927916894874068,0.0023595714907182607,0.001509333982438631,6.325469535307418e-06,0.6629496302107633,3.4570511055171817e-06,-0.29236732191112313,10.0,5.7265885907348035e-06,0.21755285165098504,0.002393029166294219,0.0016207507002970764
110,5,4,2L2A_COUPLED_FREEC,legacy_price_return_abs_time,11.204230504959934,0.0766109587255173,0.04085559950625954,2.3384942748632014,1.928372380062877,6.535137622895514e-06,0.65266658282393,3.0290422229992716e-06,-0.13413313837299468,100.0,5.229538532443204e-06,0.29219364270149795,0.00228681843014333,0.0014858816363542229,7.209945401464827e-06,0.6168014939470986,2.381169735605861e-06,0.10844309638990524,1e-08,5.6155250437972886e-06,0.23995123070415247,0.002369709907097763,0.0015145919039661632,6.330354397189996e-06,0.6635505246273041,3.43554837822465e-06,-0.2863370588377272,10.0,5.761820624574866e-06,0.22015045067802874,0.002400379266819072,0.0016213882053792415
120,5,4,2L2A_COUPLED_FREEC,legacy_price_return_abs_time,11.204230504959934,0.0766109587255173,0.04085559950625954,2.3384942748632014,1.928372380062877,6.6480694891331185e-06,0.6476072991411699,3.0367400679736837e-06,-0.15625922222834898,100.0,5.256943122592449e-06,0.295730222479907,0.002292802460438415,0.0014799619988288596,7.227359480474721e-06,0.6169010068915118,2.370904461830379e-06,0.0972621667803959,1e-08,5.6639525351728335e-06,0.24120339543194502,0.0023799059929276267,0.0015190461810861713,5.62376882482787e-06,0.7019021704832995,3.4035306413449006e-06,-0.29591720203360916,1e-08,6.387662181699448e-06,0.14424841230534557,0.0025273824763378115,0.0016317226829119097
130,5,4,2L2A_COUPLED_FREEC,legacy_price_return_abs_time,11.204230504959934,0.0766109587255173,0.04085559950625954,2.3384942748632014,1.928372380062877,6.766731620673229e-06,0.6422230026036592,3.0212306623902967e-06,-0.15252299796113045,100.0,5.3061234637237795e-06,0.2967265720975292,0.0023035024340607455,0.0014843909052203634,7.241762275788285e-06,0.6171067351076871,2.3762380893216042e-06,0.09352533698714005,1e-08,5.724407039771254e-06,0.24128728080072093,0.0023925733091738808,0.0015294286061144843,5.635394300980837e-06,0.7020401332321822,3.405651566019236e-06,-0.2991698388808577,1e-08,6.4416773796138175e-06,0.14622029374651457,0.0025380459766548395,0.0016396499393719554
140,5,4,2L2A_COUPLED_FREEC,legacy_price_return_abs_time,11.204230504959934,0.0766109587255173,0.04085559950625954,2.3384942748632014,1.928372380062877,6.8419098805971505e-06,0.6390583832852085,2.9839350070030023e-06,-0.16349828552665224,100.0,5.291185442897796e-06,0.3049687667488393,0.0023002576905420393,0.0014757184451311821,7.2484162959570755e-06,0.6176133357289639,2.366260929993191e-06,0.0773456765330246,1e-08,5.767004916857269e-06,0.24246681905489254,0.0024014589142555133,0.001530509012948549,5.637528504638826e-06,0.7025949350033731,3.3945967767786226e-06,-0.3236238458836691,1e-08,6.486692127108762e-06,0.14793127599098554,0.0025468985309801333,0.0016406559635103444
150,5,4,2L2A_COUPLED_FREEC,legacy_price_return_abs_time,11.204230504959934,0.0766109587255173,0.04085559950625954,2.3384942748632014,1.928372380062877,6.686234798440688e-06,0.6481800962126468,2.9810602444129742e-06,-0.16268020342333922,100.0,5.333405031660169e-06,0.3062031835607222,0.0023094165998494443,0.0014809278459207444,7.263333624894629e-06,0.6178139993405821,2.3649319557673504e-06,0.07762361644073479,1e-08,5.8245642790439185e-06,0.24231065708341382,0.002413413408234055,0.0015375833327313257,5.648914636793874e-06,0.7027623671721372,3.38741900837839e-06,-0.3211692145849381,1e-08,6.542604049328757e-06,0.14890434277892128,0.002557851451771341,0.0016477628645373095
160,5,4,2L2A_COUPLED_FREEC,legacy_price_return_abs_time,11.204230504959934,0.0766109587255173,0.04085559950625954,2.3384942748632014,1.928372380062877,6.908573855846809e-06,0.6372906067505135,2.958233878941297e-06,-0.15549847701076702,100.0,5.438381278259694e-06,0.30052950026713454,0.0023320337215099814,0.0014989544456595469,7.278807190045194e-06,0.6178528601460995,2.3594986855863147e-06,0.07836998382304183,1e-08,5.89502612144903e-06,0.24179702449480456,0.0024279674877248727,0.0015512630299245036,6.387824020463378e-06,0.6646306715407079,3.400976847118292e-06,-0.32843572483203576,10.0,5.983138708050341e-06,0.23046421205865686,0.0024460455245253186,0.0016414438327193553
170,5,4,2L2A_COUPLED_FREEC,legacy_price_return_abs_time,11.204230504959934,0.0766109587255173,0.04085559950625954,2.3384942748632014,1.928372380062877,6.797433829604109e-06,0.6439677080156442,2.9904630760767517e-06,-0.17024005812776855,100.0,5.437552700892675e-06,0.3076562898082237,0.00233185606350235,0.001499884634214437,7.297311854330249e-06,0.6177853687215483,2.351716752523739e-06,0.07971672641953254,1e-08,5.958527110319906e-06,0.2413225225090848,0.0024410094449468863,0.0015607581279014728,6.402640609581958e-06,0.664645972564864,3.3792538444522646e-06,-0.32238322786728446,10.0,6.034266063525577e-06,0.23167895843662123,0.002456474315665763,0.0016451798632965099
180,5,4,2L2A_COUPLED_FREEC,legacy_price_return_abs_time,11.204230504959934,0.0766109587255173,0.04085559950625954,2.3384942748632014,1.928372380062877,6.975452312757412e-06,0.6355743757311956,2.8554513011691574e-06,-0.11524951822096297,100.0,5.433935814983267e-06,0.31309049527979815,0.0023310803965078653,0.0014877744190400944,7.308027678976594e-06,0.6181993038338232,2.3137719130741783e-06,0.09631342328527148,1e-08,5.9693814644831125e-06,0.24540425119712694,0.0024432317664280466,0.0015555789525917775,6.406306571037573e-06,0.6653088335020341,3.310609273748264e-06,-0.29301991459418675,10.0,6.072591642157345e-06,0.23235734478487124,0.0024642629003735267,0.0016449231931644649
190,5,4,2L2A_COUPLED_FREEC,legacy_price_return_abs_time,11.204230504959934,0.0766109587255173,0.04085559950625954,2.3384942748632014,1.928372380062877,7.064831132383781e-06,0.6316447222483987,2.8653878973203057e-06,-0.11682539446273044,100.0,5.464469359846119e-06,0.3162374742650762,0.0023376204482007164,0.0014856366825296047,7.3202531449517875e-06,0.618327199915545,2.302342443029568e-06,0.10262952198218511,1e-08,6.001292167857324e-06,0.24906547733247886,0.002449753491243012,0.0015546421766391683,6.404579692551507e-06,0.6660697634062119,3.2822601680623703e-06,-0.27930724854171296,10.0,6.089026374231413e-06,0.23808740085454883,0.0024675952614299237,0.0016398513823814972
200,5,4,2L2A_COUPLED_FREEC,legacy_price_return_abs_time,11.204230504959934,0.0766109587255173,0.04085559950625954,2.3384942748632014,1.928372380062877,6.9359498902461184e-06,0.6375234975649979,2.9056758754713584e-06,-0.1306691153650752,100.0,5.548761315698745e-06,0.3141594948236609,0.002355580887105927,0.0014918458664699512,7.272302947732182e-06,0.6199455043859641,2.2901875383899625e-06,0.10883235810620517,1e-08,6.072216892935214e-06,0.24945910187045928,0.0024641868624224127,0.0015638191049876344,6.319462579474152e-06,0.6697414587296875,3.2323457016720377e-06,-0.25778428554793953,10.0,6.165822524366404e-06,0.23788921628780058,0.0024831074331100544,0.0016485938683825135
210,5,4,2L2A_COUPLED_FREEC,legacy_price_return_abs_time,11.204230504959934,0.0766109587255173,0.04085559950625954,2.3384942748632014,1.928372380062877,7.130743908727572e-06,0.6277391380167361,2.9371205292407713e-06,-0.13983597753760346,100.0,4.778817084376945e-06,0.3482064254512234,0.0021860505676623643,0.0014559923820893965,7.265018562861866e-06,0.6207293226131345,2.296564683719767e-06,0.10875055171034476,1e-08,5.284999155511353e-06,0.27916711808877936,0.002298912602843212,0.0015189263627457498,6.3210236754374575e-06,0.6700106255176321,3.2250086379578866e-06,-0.25155942250833085,10.0,5.349190298940257e-06,0.27041194414276637,0.00231283166247357,0.0016005027121325783
220,5,4,2L2A_COUPLED_FREEC,legacy_price_return_abs_time,11.204230504959934,0.0766109587255173,0.04085559950625954,2.3384942748632014,1.928372380062877,7.006935773987143e-06,0.6344955393396228,2.9821207861777965e-06,-0.15415185629016404,100.0,4.598475135049658e-06,0.3374745760120058,0.0021444055435130872,0.001448669012967572,7.257887972903573e-06,0.6214050599810128,2.3001955664756524e-06,0.10976946501187101,1e-08,5.028775220969165e-06,0.27547908000660803,0.002242493081587804,0.0014869097195012741,5.5737870667732574e-06,0.709253216899761,3.1989016176552886e-06,-0.23805120745579966,1e-08,5.236297989241542e-06,0.2455802318017163,0.002288295870127275,0.001546829221008744
230,5,4,2L2A_COUPLED_FREEC,legacy_price_return_abs_time,11.204230504959934,0.0766109587255173,0.04085559950625954,2.3384942748632014,1.928372380062877,7.062774012481912e-06,0.6318174673362962,3.1162544525066685e-06,-0.20264005855395695,100.0,4.618970292226705e-06,0.3363265029708322,0.0021491789809661515,0.001454143354806029,7.25167443778696e-06,0.6219700848648835,2.304417748109546e-06,0.1106679066948526,1e-08,5.024411432398477e-06,0.2780709779699181,0.0022415198933755814,0.001478522612811066,6.293908225551165e-06,0.6718984542417736,3.1990481804783734e-06,-0.23459221630400773,10.0,4.889489364191315e-06,0.2974571604236458,0.0022112189769878774,0.0015411751558030077
240,5,4,2L2A_COUPLED_FREEC,legacy_price_return_abs_time,11.204230504959934,0.0766109587255173,0.04085559950625954,2.3384942748632014,1.928372380062877,7.100352731805495e-06,0.6306949902541088,3.2916488509407295e-06,-0.26673131063024624,100.0,4.6844932286526035e-06,0.3113532280817748,0.00216436901397442,0.0014592111463178237,7.267051957592515e-06,0.6220245957639673,2.3113220352708246e-06,0.11052966959387878,1e-08,5.0366849118708706e-06,0.25957907580821793,0.0022442559818057453,0.0014747527949013535,6.307675638781143e-06,0.6719238745957836,3.2028277039498757e-06,-0.23255010448267965,10.0,4.891808673438828e-06,0.2808766952206335,0.0022117433561421244,0.0015358769148445526
